id,method,phase,receipts,started,seconds,clock,scheduler_seconds,peak_rss_bytes,peak_device_used_mib,hosts,statuses,accounting,evidence
core_phase_00,ARF,fit_and_native_wrapper,800,800,14412.990775787272,operation_receipt_elapsed,21699.87253475492,857714688,,"[""xbabe2""]","{""ok"":800}",distinct_physical_phase,published_cost_core
core_phase_01,CTGAN,fit,352,92,19194.9334435286,operation_receipt_elapsed,,1633439744,2400,"[""xbabe1""]","{""deadline_unstarted"":260,""foreign_gpu_owner_appeared"":3,""ok"":82,""transport_or_prelaunch_failure"":7}",distinct_physical_phase,published_cost_core
core_phase_02,CTGAN,historical_trial,48,0,2485.7692185724154,operation_receipt_elapsed,,,634,"[""xbabe1"",""xbabe2"",""xbabe3""]","{""ok"":48}",historical_reused_not_new,published_cost_core
core_phase_03,CTGAN,native,82,82,15005.237298236229,operation_receipt_elapsed,,831766528,1789,"[""xbabe1""]","{""foreign_gpu_owner_appeared"":1,""ok"":78,""transport_or_prelaunch_failure"":3}",distinct_physical_phase,published_cost_core
core_phase_04,CTGAN,sample,78,78,14556.921795098577,operation_receipt_elapsed,,812085248,875,"[""xbabe1""]","{""ok"":77,""transport_or_prelaunch_failure"":1}",distinct_physical_phase,published_cost_core
core_phase_05,Chow-Liu,historical_fit_native,600,0,116.90722798998468,operation_receipt_elapsed,,,,[],"{""ok"":600}",historical_reused_not_new,published_cost_core
core_phase_06,Chow-Liu,sample_and_evaluate_combined,175,175,3445.465798494406,operation_receipt_elapsed,,451723264,,"[""xbabe2""]","{""ok"":175}",distinct_physical_phase,published_cost_core
core_phase_07,Forest-Flow,fit,12,12,2543.9154105568305,operation_receipt_elapsed,,,,"[""xbabe1""]","{""ok"":12}",historical_forest_confirmation_overlap_with_prefix_unknown,published_cost_core
core_phase_08,Forest-Flow,native,12,12,1925.9786696927622,operation_receipt_elapsed,,,,"[""xbabe1""]","{""ok"":12}",historical_forest_confirmation_overlap_with_prefix_unknown,published_cost_core
core_phase_09,Forest-Flow,sample,12,12,4331.598716865294,operation_receipt_elapsed,,,,"[""xbabe1""]","{""ok"":12}",historical_forest_confirmation_overlap_with_prefix_unknown,published_cost_core
core_phase_10,GaussianCopula,historical_fit_native,200,0,697.5825526514091,operation_receipt_elapsed,,,,[],"{""ok"":200}",historical_reused_not_new,published_cost_core
core_phase_11,GaussianCopula,sample_and_evaluate_combined,162,162,8266.579277195735,operation_receipt_elapsed,,408309760,,"[""xbabe2""]","{""ok"":162}",distinct_physical_phase,published_cost_core
core_phase_12,TVAE,fit,352,88,17819.189344965154,operation_receipt_elapsed,,1375186944,1075,"[""xbabe1""]","{""deadline_unstarted"":264,""foreign_gpu_owner_appeared"":1,""ok"":83,""transport_or_prelaunch_failure"":4}",distinct_physical_phase,published_cost_core
core_phase_13,TVAE,historical_trial,48,0,1901.893978240434,operation_receipt_elapsed,,,602,"[""xbabe1"",""xbabe2"",""xbabe3""]","{""ok"":48}",historical_reused_not_new,published_cost_core
core_phase_14,TVAE,native,83,83,15227.4037365478,operation_receipt_elapsed,,815767552,1789,"[""xbabe1""]","{""foreign_gpu_owner_appeared"":4,""ok"":78,""transport_or_prelaunch_failure"":1}",distinct_physical_phase,published_cost_core
core_phase_15,TVAE,sample,78,78,14457.68230767292,operation_receipt_elapsed,,793264128,875,"[""xbabe1""]","{""foreign_gpu_owner_appeared"":1,""ok"":77}",distinct_physical_phase,published_cost_core
core_phase_16,independent_marginals,historical_fit_native,300,0,51.77024520840496,operation_receipt_elapsed,,,,[],"{""ok"":300}",historical_reused_not_new,published_cost_core
core_phase_17,independent_marginals,sample_and_evaluate_combined,165,165,3274.596052021021,operation_receipt_elapsed,,435462144,,"[""xbabe2""]","{""ok"":165}",distinct_physical_phase,published_cost_core
dope_population_research_v2,DOPE,fit_wrapper,400,354,3121.0356057169847,operation_receipt_elapsed,6372.402748367982,,1067,"[""xbabe1"",""xbabe2""]","{""charged_artifact_cap"":16,""ok"":384}",separate_run_aggregate,dope-s3-population-gpu-fits.json
dope_population_validation_v1,DOPE,sample_and_evaluate_combined,232,232,3826.6965422253124,operation_receipt_elapsed,10178.424520049943,,,"[""xbabe2""]","{""ok"":232}",separate_run_aggregate,dope-s3-population-validation.json
dope_refinement_expansion_v2,DOPE,fit_wrapper,200,176,3427.7003517001867,operation_receipt_elapsed,7087.086610445054,,,"[""xbabe1"",""xbabe2"",""xbabe3""]","{""charged_artifact_cap"":2,""foreign_gpu_owner_appeared"":1,""ok"":136,""transport_or_prelaunch_failure"":61}",separate_run_aggregate,dope-target-refinement-population-fits.json
dope_refinement_expansion_validation_v2,DOPE,sample_and_evaluate_combined,112,112,5213.128864934901,operation_receipt_elapsed,6771.94695363706,,,[],"{""ok"":112}",separate_run_aggregate,dope-target-refinement-population-validation.json
sdv_shared_validation_v1,CTGAN+TVAE,sample_and_evaluate_combined,,,856.9236472246703,operation_receipt_elapsed,2175.5859187280294,,,[],{},separate_run_aggregate,sdv-matched-population-validation.json
density_shared_validation_v1,density_methods_combined,sample_and_evaluate_combined,,,14986.641127711162,operation_receipt_elapsed,,,,[],{},alias_of_density_phase_rows_do_not_add,density-matched-population-validation.json
forest_shared_validation_v1,Forest-Flow,shared_evaluator_combined,,,228.73225121363066,operation_receipt_elapsed,,,,"[""xbabe2""]",{},separate_run_aggregate,s3-matched-forest-confirmation-validation.json
arf_sample,ARF,sample,199,199,9901.332472571172,operation_receipt_elapsed,14568.632655557012,,,"[""xbabe2""]","{""ok"":199}",distinct_physical_phase,arf_matched
arf_metric,ARF,metric,199,199,16043.791480447631,operation_receipt_elapsed,22902.048802402103,,,"[""xbabe2""]","{""ok"":199}",distinct_physical_phase,arf_matched
forest20_fit,Forest-Flow,fit,20,20,1997.0594309084117,operation_receipt_elapsed,,5931712512,,"[""xbabe3""]","{""ok"":20}",prefix20_overlap_with_confirmation_unknown,forest_prefix20_index
forest20_native,Forest-Flow,native,20,20,443.99797657411546,operation_receipt_elapsed,,2999681024,,"[""xbabe3""]","{""ok"":20}",prefix20_overlap_with_confirmation_unknown,forest_prefix20_index
forest20_sample,Forest-Flow,sample,20,20,736.5463160434738,operation_receipt_elapsed,,3107717120,,"[""xbabe3""]","{""ok"":20}",prefix20_overlap_with_confirmation_unknown,forest_prefix20_index
forest20_metric_core,Forest-Flow,metric,20,20,115.81762027833611,worker_core_elapsed_excludes_wrapper,,,,"[""xbabe3""]","{""ok"":20}",prefix20_overlap_with_confirmation_unknown,forest_prefix20_index
forest22_attempt1,Forest-Flow,fit_attempt,1,1,77.84737307392061,operation_receipt_elapsed,,,,"[""xbabe3""]","{""watchdog_preflight_failed"":1}",infrastructure_interruption_not_method_failure,forest22_prior_operation
forest22_attempt2,Forest-Flow,fit_attempt,1,1,600.3274371400476,operation_receipt_elapsed,,,,"[""xbabe3""]","{""watchdog_preflight_failed"":1}",infrastructure_interruption_not_method_failure,forest22_operation
tabsyn25_fit,TabSyn,fit,25,25,1321.3813504921272,whole_operation_actual_exit_aggregate,,,,"[""xbabe1""]","{""ok"":25}",partial_prefix_not_final,tabsyn_prefix25
td14_operations,TabDDPM,closed_boundary_operations,20,,,unavailable_operation_bodies_not_in_local_capture,,,,"[""xbabe3""]",{},partial_boundary_no_scientific_cost_total,td14_idle_closed
