job_index,dataset_opaque_id,configuration_name,configuration_json,fit_seed,whole_cell_status,recorded_artifact_charge_bytes,native_author_mean_ml_r2,native_error_loss,native_missing_reason,native_receipt_path,native_receipt_sha256,linear_tstr_mse_n_seed101,linear_trtr_mse_n_seed101,catboost_tstr_mse_n_seed101,catboost_trtr_mse_n_seed101,mlp_tstr_mse_n_seed101,mlp_trtr_mse_n_seed101,common_mse_missing_reason,common_utility_receipt_path,common_utility_receipt_sha256,sample_seed,metric_scope,formal_privacy,production_certification,release_safe,superiority
0,02a45777900441ce,default,"{""duplicate_K"":100,""max_depth"":7,""n_estimators"":100,""n_t"":50}",11,full,459754207,,,receipt_digest_is_pinned_in_verified_metadata_but_local_receipt_body_is_not_retained,/home/ubuntu/dope-benchmark/work-order-b/forest-population-v2/attempts/2295d651129d03961ada8354099dc5f09ebbbea1f021f4bd2f85d6e81423829d/attempt-0001/native.json,e827dafc9b217a6ca7c9de97dc4c7536ab6d4066a2f71eff321f19064a0fa9de,,,,,,,local_metric_scalar_receipt_bodies_not_retained,/home/ubuntu/dope-benchmark/work-order-b/forest-population-v2/attempts/2295d651129d03961ada8354099dc5f09ebbbea1f021f4bd2f85d6e81423829d/attempt-0001/utility-n-seed101.json,9509a8718b899152cc7fb0fe9a4833ab2c2a0aa6c1c23cba88e5e228dde63f5f,101,official TRAIN-derived validation; unchanged projected representation,,,,
1,02a45777900441ce,native_trial1,"{""duplicate_K"":10,""max_depth"":7,""n_estimators"":100,""n_t"":10}",11,full,80428230,,,receipt_digest_is_pinned_in_verified_metadata_but_local_receipt_body_is_not_retained,/home/ubuntu/dope-benchmark/work-order-b/forest-population-v2/attempts/e358a7e9c8bc9187764259a1b5bc08a2cfc57ddf5427b4d3aad4258ff4cb2c00/attempt-0001/native.json,f79e5eae1939ce558d3d051561f102130d8efb2ea25687ca5ef463dbaecabbf4,,,,,,,local_metric_scalar_receipt_bodies_not_retained,/home/ubuntu/dope-benchmark/work-order-b/forest-population-v2/attempts/e358a7e9c8bc9187764259a1b5bc08a2cfc57ddf5427b4d3aad4258ff4cb2c00/attempt-0001/utility-n-seed101.json,b8dd7348ec63168c9da4437070915da9e339e03a4ccba8aa89ff9232e4b2853d,101,official TRAIN-derived validation; unchanged projected representation,,,,
2,047e62b52a3f4ede,default,"{""duplicate_K"":100,""max_depth"":7,""n_estimators"":100,""n_t"":50}",11,full,504767117,,,receipt_digest_is_pinned_in_verified_metadata_but_local_receipt_body_is_not_retained,/home/ubuntu/dope-benchmark/work-order-b/forest-population-v2/attempts/d047a653ae17b6896f0ef260dc5770053dd9ee9161e0ff11208ca6a13436a9ea/attempt-0001/native.json,b13cd1eb920ce2326eb0146417551319fa7db549fa0be7965254006706cc2a9b,,,,,,,local_metric_scalar_receipt_bodies_not_retained,/home/ubuntu/dope-benchmark/work-order-b/forest-population-v2/attempts/d047a653ae17b6896f0ef260dc5770053dd9ee9161e0ff11208ca6a13436a9ea/attempt-0001/utility-n-seed101.json,2f909fbe1d3ba66be612bd5847fbe38a7cb78e83a24fe52d57fa5868f89eca21,101,official TRAIN-derived validation; unchanged projected representation,,,,
3,047e62b52a3f4ede,native_trial1,"{""duplicate_K"":10,""max_depth"":7,""n_estimators"":100,""n_t"":10}",11,full,72436269,,,receipt_digest_is_pinned_in_verified_metadata_but_local_receipt_body_is_not_retained,/home/ubuntu/dope-benchmark/work-order-b/forest-population-v2/attempts/01c8e0aa3fb15f3fb9f8eb1b41d9b7652dc895019ab30a507123ce0005cca6da/attempt-0001/native.json,06647939521b26c3c767826817586cbc6806935094cd447c0a1909915822e9f5,,,,,,,local_metric_scalar_receipt_bodies_not_retained,/home/ubuntu/dope-benchmark/work-order-b/forest-population-v2/attempts/01c8e0aa3fb15f3fb9f8eb1b41d9b7652dc895019ab30a507123ce0005cca6da/attempt-0001/utility-n-seed101.json,8b70f55d6edc7da1d7875c0adcc4e78dc6ceeeebe5062c608560447643c5c321,101,official TRAIN-derived validation; unchanged projected representation,,,,
4,04c80944e971cb3e,default,"{""duplicate_K"":100,""max_depth"":7,""n_estimators"":100,""n_t"":50}",11,full,70760590,,,receipt_digest_is_pinned_in_verified_metadata_but_local_receipt_body_is_not_retained,/home/ubuntu/dope-benchmark/work-order-b/forest-population-v2/attempts/80b912a67bd9789f201f644ebdd6cf11801a8e1358951dfaa85255d0386055e2/attempt-0001/native.json,698ce9320510ddcbf6d356e48e4841a50217564af0f84dd724692c9d8bbb7ea5,,,,,,,local_metric_scalar_receipt_bodies_not_retained,/home/ubuntu/dope-benchmark/work-order-b/forest-population-v2/attempts/80b912a67bd9789f201f644ebdd6cf11801a8e1358951dfaa85255d0386055e2/attempt-0001/utility-n-seed101.json,ecc32b2dcfc2da6387efc27c9cf0834676c99a82850b9c3eb4bd308792d228b4,101,official TRAIN-derived validation; unchanged projected representation,,,,
5,04c80944e971cb3e,native_trial1,"{""duplicate_K"":10,""max_depth"":7,""n_estimators"":100,""n_t"":10}",11,full,10173849,,,receipt_digest_is_pinned_in_verified_metadata_but_local_receipt_body_is_not_retained,/home/ubuntu/dope-benchmark/work-order-b/forest-population-v2/attempts/939b84d540a993d475a21520f4b9f491c0149ae988f52422f1046b5d795cf565/attempt-0001/native.json,5ea30853c6f1ec1aacd837e58ad89b17367ee3d8dbb75835d7b85c5bfe84868f,,,,,,,local_metric_scalar_receipt_bodies_not_retained,/home/ubuntu/dope-benchmark/work-order-b/forest-population-v2/attempts/939b84d540a993d475a21520f4b9f491c0149ae988f52422f1046b5d795cf565/attempt-0001/utility-n-seed101.json,16c825439e70e86c5c9f396567fc607527f16e24f4ee535d4ca8a37559dd2245,101,official TRAIN-derived validation; unchanged projected representation,,,,
6,0561d673cb73c27e,default,"{""duplicate_K"":100,""max_depth"":7,""n_estimators"":100,""n_t"":50}",11,full,446633454,,,receipt_digest_is_pinned_in_verified_metadata_but_local_receipt_body_is_not_retained,/home/ubuntu/dope-benchmark/work-order-b/forest-population-v2/attempts/6a174ad17e906ff097f301d834743aef6ccf069232d2f3f0f7c9c483f5ddeec2/attempt-0001/native.json,52c8bb77fe953f607723cdab166a3b52db14735964fd0f1fef2a7cf0638bb1ae,,,,,,,local_metric_scalar_receipt_bodies_not_retained,/home/ubuntu/dope-benchmark/work-order-b/forest-population-v2/attempts/6a174ad17e906ff097f301d834743aef6ccf069232d2f3f0f7c9c483f5ddeec2/attempt-0001/utility-n-seed101.json,f34835a785616aad647fecd0de5fa6111e89ad810536a7b455aa9955b18d23fe,101,official TRAIN-derived validation; unchanged projected representation,,,,
7,0561d673cb73c27e,native_trial1,"{""duplicate_K"":10,""max_depth"":7,""n_estimators"":100,""n_t"":10}",11,full,71294400,,,receipt_digest_is_pinned_in_verified_metadata_but_local_receipt_body_is_not_retained,/home/ubuntu/dope-benchmark/work-order-b/forest-population-v2/attempts/7e901b4957303dad470011476d5d9084e26f6b5a5723ca655e64db60d59e5ae5/attempt-0001/native.json,08397505d7cf84c058041ae3f5a82de3f62f56611e10aa2a69ff9175639c8f58,,,,,,,local_metric_scalar_receipt_bodies_not_retained,/home/ubuntu/dope-benchmark/work-order-b/forest-population-v2/attempts/7e901b4957303dad470011476d5d9084e26f6b5a5723ca655e64db60d59e5ae5/attempt-0001/utility-n-seed101.json,f99370571fda01547491c207d1bf20fd62033f79cfe8b351b5aaa226e21f7553,101,official TRAIN-derived validation; unchanged projected representation,,,,
8,060b9fff8092db17,default,"{""duplicate_K"":100,""max_depth"":7,""n_estimators"":100,""n_t"":50}",11,full,1121195257,,,receipt_digest_is_pinned_in_verified_metadata_but_local_receipt_body_is_not_retained,/home/ubuntu/dope-benchmark/work-order-b/forest-population-v2/attempts/88302b030fd326503d3680b7b582313c3ffb868aea552fd5bd6c0b2b43e9905b/attempt-0001/native.json,490929a7b350fa81ac06cbd03e351dbcc590095e46e307acbcd023d505d05d45,,,,,,,local_metric_scalar_receipt_bodies_not_retained,/home/ubuntu/dope-benchmark/work-order-b/forest-population-v2/attempts/88302b030fd326503d3680b7b582313c3ffb868aea552fd5bd6c0b2b43e9905b/attempt-0001/utility-n-seed101.json,7693a3f32f3a0b942a11f79ff0b7c16c46292a5f70d7bb186d237327a991c0b9,101,official TRAIN-derived validation; unchanged projected representation,,,,
9,060b9fff8092db17,native_trial1,"{""duplicate_K"":10,""max_depth"":7,""n_estimators"":100,""n_t"":10}",11,full,185204626,,,receipt_digest_is_pinned_in_verified_metadata_but_local_receipt_body_is_not_retained,/home/ubuntu/dope-benchmark/work-order-b/forest-population-v2/attempts/76dd2153f58844cec327fe470d1ed9561b6496f0bbc9abe28a5ccb87a0cf4896/attempt-0001/native.json,f6ae4abfd304397b81292ecc654d8538880db1eb601ca563023fd4ef1e45ab0c,,,,,,,local_metric_scalar_receipt_bodies_not_retained,/home/ubuntu/dope-benchmark/work-order-b/forest-population-v2/attempts/76dd2153f58844cec327fe470d1ed9561b6496f0bbc9abe28a5ccb87a0cf4896/attempt-0001/utility-n-seed101.json,3bd34456e9f30d1b1193217893646f7d698066e35a7333bc58a80545064f3095,101,official TRAIN-derived validation; unchanged projected representation,,,,
10,06b0312a585b436e,default,"{""duplicate_K"":100,""max_depth"":7,""n_estimators"":100,""n_t"":50}",11,full,460742794,,,receipt_digest_is_pinned_in_verified_metadata_but_local_receipt_body_is_not_retained,/home/ubuntu/dope-benchmark/work-order-b/forest-population-v2/attempts/7e102ea099c1775d8c58b2b16b3205683ca7ae7c596f3bd7437ca5f033bdf0e0/attempt-0001/native.json,7e67a4627a320b137a6e3198e9e83e15fcd07fd3317ea89615ab05d9a00924d4,,,,,,,local_metric_scalar_receipt_bodies_not_retained,/home/ubuntu/dope-benchmark/work-order-b/forest-population-v2/attempts/7e102ea099c1775d8c58b2b16b3205683ca7ae7c596f3bd7437ca5f033bdf0e0/attempt-0001/utility-n-seed101.json,d8aeb0c861336fd5fc7c9bbf946ad7ea67c1c9b85bbf05486f617b1391b2b330,101,official TRAIN-derived validation; unchanged projected representation,,,,
11,06b0312a585b436e,native_trial1,"{""duplicate_K"":10,""max_depth"":7,""n_estimators"":100,""n_t"":10}",11,full,80387297,,,receipt_digest_is_pinned_in_verified_metadata_but_local_receipt_body_is_not_retained,/home/ubuntu/dope-benchmark/work-order-b/forest-population-v2/attempts/49c432f0911303aeb6f351139aa83d542aca2bd11420e104da52016064989b3a/attempt-0001/native.json,bea60a3093da8ac9b14cabb7e41bf6d94d2e24a6ec0bc5b849ecb8e6fff9ddf2,,,,,,,local_metric_scalar_receipt_bodies_not_retained,/home/ubuntu/dope-benchmark/work-order-b/forest-population-v2/attempts/49c432f0911303aeb6f351139aa83d542aca2bd11420e104da52016064989b3a/attempt-0001/utility-n-seed101.json,3d2f4434f165b7085a510859a0bf463fd28613a3f657efd509ae783655aea8c8,101,official TRAIN-derived validation; unchanged projected representation,,,,
12,0779d3fd5b3133a2,default,"{""duplicate_K"":100,""max_depth"":7,""n_estimators"":100,""n_t"":50}",11,full,72282871,,,receipt_digest_is_pinned_in_verified_metadata_but_local_receipt_body_is_not_retained,/home/ubuntu/dope-benchmark/work-order-b/forest-population-v2/attempts/7758dbebf5be66ae273895f29f123a9cd0d7b62b2570558a5c417ae0ad128b19/attempt-0001/native.json,e5af390cfe515a93e279ce12e2262bc90e7ab583ce974280eb95c79549dcbc13,,,,,,,local_metric_scalar_receipt_bodies_not_retained,/home/ubuntu/dope-benchmark/work-order-b/forest-population-v2/attempts/7758dbebf5be66ae273895f29f123a9cd0d7b62b2570558a5c417ae0ad128b19/attempt-0001/utility-n-seed101.json,bf40d9232c21bf30911dcf6ee24270d0261065c670bf7d96ff7d01157316931b,101,official TRAIN-derived validation; unchanged projected representation,,,,
13,0779d3fd5b3133a2,native_trial1,"{""duplicate_K"":10,""max_depth"":7,""n_estimators"":100,""n_t"":10}",11,full,11117090,,,receipt_digest_is_pinned_in_verified_metadata_but_local_receipt_body_is_not_retained,/home/ubuntu/dope-benchmark/work-order-b/forest-population-v2/attempts/568e1e9a99320fad828fe58a855188776ac9a6d2940aa4a9834f61ad9e866e78/attempt-0001/native.json,153194ccf0d669324e2917529a7910ad63c5a098d08056c0274a83eee5cba4dd,,,,,,,local_metric_scalar_receipt_bodies_not_retained,/home/ubuntu/dope-benchmark/work-order-b/forest-population-v2/attempts/568e1e9a99320fad828fe58a855188776ac9a6d2940aa4a9834f61ad9e866e78/attempt-0001/utility-n-seed101.json,a7a2a81da706891fe0084f32cdf089a24e56a5aa6a15c41a092d6b3a0029bec7,101,official TRAIN-derived validation; unchanged projected representation,,,,
14,07f38946316c039b,default,"{""duplicate_K"":100,""max_depth"":7,""n_estimators"":100,""n_t"":50}",11,full,469008716,,,receipt_digest_is_pinned_in_verified_metadata_but_local_receipt_body_is_not_retained,/home/ubuntu/dope-benchmark/work-order-b/forest-population-v2/attempts/ff05185e30d72fce8c19f59d23595d5abf0cfe98663a58cd77301e1178833a22/attempt-0001/native.json,eddf76cfa8e433b83980006009b85da1ca6fb70d82a0e1f30f6198f6393a7f86,,,,,,,local_metric_scalar_receipt_bodies_not_retained,/home/ubuntu/dope-benchmark/work-order-b/forest-population-v2/attempts/ff05185e30d72fce8c19f59d23595d5abf0cfe98663a58cd77301e1178833a22/attempt-0001/utility-n-seed101.json,913d97a668820c03275dfb1e609d53073ec69167ddf7c581029010fc28e64265,101,official TRAIN-derived validation; unchanged projected representation,,,,
15,07f38946316c039b,native_trial1,"{""duplicate_K"":10,""max_depth"":7,""n_estimators"":100,""n_t"":10}",11,full,79025727,,,receipt_digest_is_pinned_in_verified_metadata_but_local_receipt_body_is_not_retained,/home/ubuntu/dope-benchmark/work-order-b/forest-population-v2/attempts/dc608992f5e5d75fc826b699cd916debbe6127586c596d01e5e268961a8cfec9/attempt-0001/native.json,8abcd5955488446e4fdd5e5e289e78b7cb794f99d34c304fca33e76adb6bd571,,,,,,,local_metric_scalar_receipt_bodies_not_retained,/home/ubuntu/dope-benchmark/work-order-b/forest-population-v2/attempts/dc608992f5e5d75fc826b699cd916debbe6127586c596d01e5e268961a8cfec9/attempt-0001/utility-n-seed101.json,c2ea835f999d24fe88f6f79eef222b713d99cbefa4f01c9b004a6a942895fbe2,101,official TRAIN-derived validation; unchanged projected representation,,,,
16,0a8428ef25a69175,default,"{""duplicate_K"":100,""max_depth"":7,""n_estimators"":100,""n_t"":50}",11,full,376152010,0.33858818706581306,,native_receipt_reports_r2_score_not_a_regression_error_loss,/home/ubuntu/dope-scratch-x3/forest-population-continuation-v3/attempts/1806e493adc65c6cdf5ca145a51bf40442f2b5f4c0a7185011994473e07149c7/attempt-0002/native.json,028713cb185c983a65a3c5fe8585ce32fba9f1b4b18d547932edd9baf20cf1d7,,,,,,,local_metric_scalar_receipt_bodies_not_retained,/home/ubuntu/dope-scratch-x3/forest-population-continuation-v3/attempts/1806e493adc65c6cdf5ca145a51bf40442f2b5f4c0a7185011994473e07149c7/attempt-0002/utility-n-seed101.json,cee219b18a323be49b4c0face2b8fc07d2c800e45263c2dfc50c62f07356c05a,101,official TRAIN-derived validation; unchanged projected representation,,,,
17,0a8428ef25a69175,native_trial1,"{""duplicate_K"":10,""max_depth"":7,""n_estimators"":100,""n_t"":10}",11,full,65530384,0.2780869623027532,,native_receipt_reports_r2_score_not_a_regression_error_loss,/home/ubuntu/dope-scratch-x3/forest-population-continuation-v3/attempts/b95f27407ed83f74747043488cb2d3eb3a2d7468bcb0041592ec6578dd520442/attempt-0002/native.json,364d7b5ebac889bf6e500733144408b5b1060d50df4afb2abc3323926950eb11,,,,,,,local_metric_scalar_receipt_bodies_not_retained,/home/ubuntu/dope-scratch-x3/forest-population-continuation-v3/attempts/b95f27407ed83f74747043488cb2d3eb3a2d7468bcb0041592ec6578dd520442/attempt-0002/utility-n-seed101.json,e647c70e288a7c0d11b218d2d10af959259a2b459297193fc83091b210124352,101,official TRAIN-derived validation; unchanged projected representation,,,,
18,0d482c1dd7cc6592,default,"{""duplicate_K"":100,""max_depth"":7,""n_estimators"":100,""n_t"":50}",11,full,217069674,0.8128925171365118,,native_receipt_reports_r2_score_not_a_regression_error_loss,/home/ubuntu/dope-scratch-x3/forest-population-continuation-v3/attempts/85a8670fb14e4bc661bf5cc2a69409e4a190939e4f9ac7c9ca04a0ad6a0f4c0d/attempt-0001/native.json,92abc71e51b92965e667af7f6cf0a1fb7ce949bde41c4b35b57934b4a52d937a,0.003646210216530474,0.004081016584699577,0.003535942029054382,0.002875200327446654,0.0034741379167385097,0.002720890649240437,,/home/ubuntu/dope-scratch-x3/forest-population-continuation-v3/attempts/85a8670fb14e4bc661bf5cc2a69409e4a190939e4f9ac7c9ca04a0ad6a0f4c0d/attempt-0001/utility-n-seed101.json,be5b2bbbe088ac3f4ad767c4be0d1dc199841c2273b497a47ca1887ebb551fc1,101,official TRAIN-derived validation; unchanged projected representation,,,,
19,0d482c1dd7cc6592,native_trial1,"{""duplicate_K"":10,""max_depth"":7,""n_estimators"":100,""n_t"":10}",11,full,27059793,0.8812600192812791,,native_receipt_reports_r2_score_not_a_regression_error_loss,/home/ubuntu/dope-scratch-x3/forest-population-continuation-v3/attempts/fac9275c2808eaaf14b3bcf25fae03f40d59beeae6f1a2814eee16ea706a557c/attempt-0002/native.json,93a89b785ba2c557d96fa80499f17e379bcdced9fa0374c5b71208d0efedbcbe,0.0020245918415406658,0.004081016584699577,0.003591472102308875,0.002875200327446654,0.0020130568829711173,0.002720890649240437,,/home/ubuntu/dope-scratch-x3/forest-population-continuation-v3/attempts/fac9275c2808eaaf14b3bcf25fae03f40d59beeae6f1a2814eee16ea706a557c/attempt-0002/utility-n-seed101.json,2947733e32ca7ef670001deaae07735d55e5f3e0aff131de6ef693f23ca298d4,101,official TRAIN-derived validation; unchanged projected representation,,,,
20,0db59fd2579600d0,default,"{""duplicate_K"":100,""max_depth"":7,""n_estimators"":100,""n_t"":50}",11,lifecycle_incomplete,,,,fit_infrastructure_closed_without_recorded_model_or_native_measurement,,,,,,,,,no_native_sample_or_metric_receipt_after_fit_infrastructure_timeout,,,101,official TRAIN-derived validation; unchanged projected representation,,,,
21,0db59fd2579600d0,native_trial1,"{""duplicate_K"":10,""max_depth"":7,""n_estimators"":100,""n_t"":10}",11,lifecycle_incomplete,33077190,,,native_operation_exit0_verified_but_native_scalar_body_digest_not_in_retained_readset,,,,,,,,,no_metric_receipt_for_this_sample_schedule,,,101,official TRAIN-derived validation; unchanged projected representation,,,,
22,0f86a714ec5f3ac6,default,"{""duplicate_K"":100,""max_depth"":7,""n_estimators"":100,""n_t"":50}",11,lifecycle_incomplete,,,,fit_infrastructure_closed_without_recorded_model_or_native_measurement,,,,,,,,,no_native_sample_or_metric_receipt_after_fit_infrastructure_timeout,,,101,official TRAIN-derived validation; unchanged projected representation,,,,
23,0f86a714ec5f3ac6,native_trial1,"{""duplicate_K"":10,""max_depth"":7,""n_estimators"":100,""n_t"":10}",11,lifecycle_incomplete,136530775,0.10941351087835566,,native_receipt_reports_r2_score_not_a_regression_error_loss,/home/ubuntu/dope-scratch-x3/forest-population-continuation-v3/attempts/cf182ecd76b4418a5fa18ac088f91190e72f499a02af0f77623f2a2573ddb210/attempt-0001/native.json,aae3905cefc08f815b887d9f2cb7cd9f2bccabf476cbb043b8177f60a409b9b4,0.028098536911773723,0.02819448134552552,0.02790051034656197,0.027044591573139164,0.030208546462210877,0.035152748867419786,,/home/ubuntu/dope-scratch-x3/forest-population-continuation-v3/attempts/cf182ecd76b4418a5fa18ac088f91190e72f499a02af0f77623f2a2573ddb210/attempt-0001/utility-n-seed101.json,b5aba8f04b66a06f088a48e94c13237dc12ff15e28cdb6a8687c5c3a525a0a64,101,official TRAIN-derived validation; unchanged projected representation,,,,
24,167578f5deba4977,default,"{""duplicate_K"":100,""max_depth"":7,""n_estimators"":100,""n_t"":50}",11,lifecycle_incomplete,,,,fit_infrastructure_closed_without_recorded_model_or_native_measurement,,,,,,,,,no_native_sample_or_metric_receipt_after_fit_infrastructure_timeout,,,101,official TRAIN-derived validation; unchanged projected representation,,,,
25,167578f5deba4977,native_trial1,"{""duplicate_K"":10,""max_depth"":7,""n_estimators"":100,""n_t"":10}",11,lifecycle_incomplete,51685812,0.4696968345525146,,native_receipt_reports_r2_score_not_a_regression_error_loss,/home/ubuntu/dope-scratch-x3/forest-population-continuation-v3/attempts/e1e88a9decbf74769f98e1d1495089ed48287b53f37eacae4ec6ff901b97030c/attempt-0001/native.json,15aebd76a6d593b648619dbd17ff1ffcb78d974265ec5ca16a857a599b0542e3,,,,,,,no_metric_receipt_for_this_sample_schedule,,,101,official TRAIN-derived validation; unchanged projected representation,,,,
26,19f2c3c2d67defd7,default,"{""duplicate_K"":100,""max_depth"":7,""n_estimators"":100,""n_t"":50}",11,lifecycle_incomplete,,,,fit_infrastructure_closed_without_recorded_model_or_native_measurement,,,,,,,,,no_native_sample_or_metric_receipt_after_fit_infrastructure_timeout,,,101,official TRAIN-derived validation; unchanged projected representation,,,,
27,19f2c3c2d67defd7,native_trial1,"{""duplicate_K"":10,""max_depth"":7,""n_estimators"":100,""n_t"":10}",11,lifecycle_incomplete,35957503,,,no_native_phase_after_fit_lifecycle_failure,,,,,,,,,no_metric_receipt_for_this_sample_schedule,,,101,official TRAIN-derived validation; unchanged projected representation,,,,
28,19f4780b53b3fa41,default,"{""duplicate_K"":100,""max_depth"":7,""n_estimators"":100,""n_t"":50}",11,lifecycle_incomplete,143878549,-0.7734962554682159,,native_receipt_reports_r2_score_not_a_regression_error_loss,/home/ubuntu/dope-scratch-x3/forest-population-continuation-v3/attempts/11ac5eb9ab8d86d38014072af4dc3c66755ccdd2f7f59714139ad25a46a25b1a/attempt-0001/native.json,f9b40e816b5e6b96579a679c885ec3b998ae86c3fdf7343a32ef22b1880c5e70,0.015325894981142328,0.014978817357223034,0.023284894669307284,0.015983298365064718,0.13817408643488147,0.014630913099430074,,/home/ubuntu/dope-scratch-x3/forest-population-continuation-v3/attempts/11ac5eb9ab8d86d38014072af4dc3c66755ccdd2f7f59714139ad25a46a25b1a/attempt-0001/utility-n-seed101.json,c37c7987dd3ce1fb28318cf689f9e4751cdedfbd620333b6e8df9c497a55fa44,101,official TRAIN-derived validation; unchanged projected representation,,,,
29,19f4780b53b3fa41,native_trial1,"{""duplicate_K"":10,""max_depth"":7,""n_estimators"":100,""n_t"":10}",11,full,18474291,-0.368834442097905,,native_receipt_reports_r2_score_not_a_regression_error_loss,/home/ubuntu/dope-scratch-x3/forest-population-continuation-v3/attempts/7ab4f811217ecb90eff5415964f2a8a5446ecc66aebaa2f311c3f2881f1a4d32/attempt-0001/native.json,5e65fc945975f1a56d8c2964c0dbea95936df10907c1b010b2dc0f9211a40472,0.014679381475358787,0.014978817357223034,0.01805568598472369,0.015983298365064718,0.08954578901056699,0.014630913099430074,,/home/ubuntu/dope-scratch-x3/forest-population-continuation-v3/attempts/7ab4f811217ecb90eff5415964f2a8a5446ecc66aebaa2f311c3f2881f1a4d32/attempt-0001/utility-n-seed101.json,726aed42156602e0188508b1e4d0867780e89b1337aeada701aa352bcc2f5b27,101,official TRAIN-derived validation; unchanged projected representation,,,,
30,1a4456d1cc71a26a,default,"{""duplicate_K"":100,""max_depth"":7,""n_estimators"":100,""n_t"":50}",11,full,339516078,-3.2092514509069345,,native_receipt_reports_r2_score_not_a_regression_error_loss,/home/ubuntu/dope-scratch-x3/forest-population-continuation-v3/attempts/3f9621c46139ba87c30abe48651954d63e2f087ee76ca055f30600c8bd3323d3/attempt-0001/native.json,8c7d17803b3e6cd5f8c5b12fa78bd2e33d9a9b963c6436e7c9d043f61f9ee6c6,0.00021246746107407525,0.0002450842365732268,0.0002911436719782778,0.00018900112904954414,0.0006211685361411045,0.0005851670909541153,,/home/ubuntu/dope-scratch-x3/forest-population-continuation-v3/attempts/3f9621c46139ba87c30abe48651954d63e2f087ee76ca055f30600c8bd3323d3/attempt-0001/utility-n-seed101.json,7309318b766ac9122a25a902fb2bcb2f24cd846a519970e682ba467eb720b52f,101,official TRAIN-derived validation; unchanged projected representation,,,,
31,1a4456d1cc71a26a,native_trial1,"{""duplicate_K"":10,""max_depth"":7,""n_estimators"":100,""n_t"":10}",11,lifecycle_incomplete,58384389,-0.1615153895241323,,native_receipt_reports_r2_score_not_a_regression_error_loss,/home/ubuntu/dope-scratch-x3/forest-population-continuation-v3/attempts/eb38a6f95467e877570febf2c650e4117ae856d6dc7647578e8bb26eb548814a/attempt-0001/native.json,c7188a786996838f0fbe9beb20f1bbb021891750b72f0fdf9a5a92b633159d5a,0.00022348012814578947,0.0002450842365732268,0.00025395732107394274,0.00018900112904954414,0.0005486880308460315,0.0005851670909541153,,/home/ubuntu/dope-scratch-x3/forest-population-continuation-v3/attempts/eb38a6f95467e877570febf2c650e4117ae856d6dc7647578e8bb26eb548814a/attempt-0001/utility-n-seed101.json,73e290a0c2bf8a427ee1f2c83731a0e40cf69aed7daeaa9df769aae2e88f7a2b,101,official TRAIN-derived validation; unchanged projected representation,,,,
32,1a803b27c2400dc4,default,"{""duplicate_K"":100,""max_depth"":7,""n_estimators"":100,""n_t"":50}",11,full,211054983,0.9325957453019675,,native_receipt_reports_r2_score_not_a_regression_error_loss,/home/ubuntu/dope-scratch-x3/forest-population-continuation-v3/attempts/fba2f07f3bdcf08e082378ef26ef900077e433afaef17a6bcf70602dfb74490d/attempt-0001/native.json,fb5c3297b5b53eebdae58155d667802ced9ef6d1403bbe5a1f4686bbe7beb1de,0.0019695145318027844,0.0019492443190364595,0.0004919841907071979,0.0002840283550779124,0.0003500918212656374,0.0003189884204000451,,/home/ubuntu/dope-scratch-x3/forest-population-continuation-v3/attempts/fba2f07f3bdcf08e082378ef26ef900077e433afaef17a6bcf70602dfb74490d/attempt-0001/utility-n-seed101.json,5c94c4c77684e1c39940f94cc664a3c0e73bc75cdb40348d8b510da1e5deb931,101,official TRAIN-derived validation; unchanged projected representation,,,,
33,1a803b27c2400dc4,native_trial1,"{""duplicate_K"":10,""max_depth"":7,""n_estimators"":100,""n_t"":10}",11,full,36165732,0.9288977363682092,,native_receipt_reports_r2_score_not_a_regression_error_loss,/home/ubuntu/dope-scratch-x3/forest-population-continuation-v3/attempts/60db6709566b0a8a08feec790ecf48d078c2ee29f52abc93ab616f4cdfef0077/attempt-0001/native.json,7add53b1ae8edecc322005c714d769deef387d21234390e0301d6302cb5af84a,0.0019327741323853453,0.0019492443190364595,0.000827564305255534,0.0002840283550779124,0.0003867850423849567,0.0003189884204000451,,/home/ubuntu/dope-scratch-x3/forest-population-continuation-v3/attempts/60db6709566b0a8a08feec790ecf48d078c2ee29f52abc93ab616f4cdfef0077/attempt-0001/utility-n-seed101.json,2a67826986323e6d2285e67df97e98e7b91471937423ff52b0c28c263e41b6e6,101,official TRAIN-derived validation; unchanged projected representation,,,,
34,1cb97b1d7314d43d,default,"{""duplicate_K"":100,""max_depth"":7,""n_estimators"":100,""n_t"":50}",11,full,420019137,0.671844094423378,,native_receipt_reports_r2_score_not_a_regression_error_loss,/home/ubuntu/dope-scratch-x3/forest-population-continuation-v3/attempts/ed25bee452b3679a8e85f4b5a9e9fd6bcd9f94fcb51e12fcea22fca277f3f7c3/attempt-0001/native.json,19d04688b3e63504bcf012cdd374665ded3b77d39705fc4d834298a3f62a7b4e,0.01159610475208444,0.01064869517339346,0.013831391417545075,0.00919942694799037,0.025071718976821,0.013518866077143834,,/home/ubuntu/dope-scratch-x3/forest-population-continuation-v3/attempts/ed25bee452b3679a8e85f4b5a9e9fd6bcd9f94fcb51e12fcea22fca277f3f7c3/attempt-0001/utility-n-seed101.json,861f895844123ca11a3741d38cdc724981ce5d8212c939995e159b652f1e897a,101,official TRAIN-derived validation; unchanged projected representation,,,,
35,1cb97b1d7314d43d,native_trial1,"{""duplicate_K"":10,""max_depth"":7,""n_estimators"":100,""n_t"":10}",11,lifecycle_incomplete,57991216,0.6315596459898132,,native_receipt_reports_r2_score_not_a_regression_error_loss,/home/ubuntu/dope-scratch-x3/forest-population-continuation-v3/attempts/8570be6320d623b1662997490de3343114b0997228bc550d8c1a77a151b76cb7/attempt-0001/native.json,c5ea4f5ef9828d4ca0c1fb78ed6ae71c6c7794f40c8868445c60bbf2d6d896d6,0.011668047191685784,0.01064869517339346,0.014753763537576776,0.00919942694799037,0.015350838225378832,0.013518866077143834,,/home/ubuntu/dope-scratch-x3/forest-population-continuation-v3/attempts/8570be6320d623b1662997490de3343114b0997228bc550d8c1a77a151b76cb7/attempt-0001/utility-n-seed101.json,e5f21e4e690b590ae75194391c4ef98806af28e79c0e3c64eba1d567dac3b89f,101,official TRAIN-derived validation; unchanged projected representation,,,,
36,205f4b4982b9ea49,default,"{""duplicate_K"":100,""max_depth"":7,""n_estimators"":100,""n_t"":50}",11,lifecycle_incomplete,466539430,,,no_native_phase_after_fit_lifecycle_failure,,,,,,,,,no_metric_receipt_for_this_sample_schedule,,,101,official TRAIN-derived validation; unchanged projected representation,,,,
