scope,job_sha256,dataset_opaque_id,configuration_name,configuration,fit_seed,artifact_root,recorded_artifact_charge_bytes,artifact_inventory,provider_origin,native_receipt_ref,native_r2_score,native_error_loss,common_utility,fidelity,privacy,error_missing_reason,current_TD14_provider_membership_individually_reconciled
historical_v8_positive_provider_inventory_not_current_complete_TD14_index,043869ea9262e9e94cd7fddfb03ca273367c10c10757ca0c22141579c84853e0,02a45777900441ce,default,"{""batch_size"":4096,""d_layers"":[256,256],""lr"":0.001,""num_timesteps"":1000,""steps"":1000,""weight_decay"":1e-05}",11,/home/ubuntu/dope-benchmark/work-order-b/tabddpm-population-app-v4/attempts/043869ea9262e9e94cd7fddfb03ca273367c10c10757ca0c22141579c84853e0/attempt-0001/artifact,509841,"[{""artifact_path"":""/home/ubuntu/dope-benchmark/work-order-b/tabddpm-population-app-v4/attempts/043869ea9262e9e94cd7fddfb03ca273367c10c10757ca0c22141579c84853e0/attempt-0001/artifact/inverse.npz"",""current_hash_remeasured"":false,""recorded_bytes"":1215,""recorded_sha256"":""e694b5496d4648fec64c49f8eeec8c2b40699e95a96e52b08ac4229cd5531ecc""},{""artifact_path"":""/home/ubuntu/dope-benchmark/work-order-b/tabddpm-population-app-v4/attempts/043869ea9262e9e94cd7fddfb03ca273367c10c10757ca0c22141579c84853e0/attempt-0001/artifact/model.json"",""current_hash_remeasured"":false,""recorded_bytes"":571,""recorded_sha256"":""c3fa0480572198c0e604797992871026727fa5cb381ef645167f221debd4d6ad""},{""artifact_path"":""/home/ubuntu/dope-benchmark/work-order-b/tabddpm-population-app-v4/attempts/043869ea9262e9e94cd7fddfb03ca273367c10c10757ca0c22141579c84853e0/attempt-0001/artifact/projection.json"",""current_hash_remeasured"":false,""recorded_bytes"":1618,""recorded_sha256"":""bd350d3977e549485828da36d859f192086bf79ce071e0dd36678bee920d6e6b""},{""artifact_path"":""/home/ubuntu/dope-benchmark/work-order-b/tabddpm-population-app-v4/attempts/043869ea9262e9e94cd7fddfb03ca273367c10c10757ca0c22141579c84853e0/attempt-0001/artifact/weights.npz"",""current_hash_remeasured"":false,""recorded_bytes"":506437,""recorded_sha256"":""7eb563de2aac6d19421aa49fa77539cc5971994814bb5813cd8a503d5b3e925c""}]",positive_predecessor_fit,,,,,,,native_objective_is_R2_not_an_error_loss; no_real_common_metric_scalar_body_bound_in_this_index,False
historical_v8_positive_provider_inventory_not_current_complete_TD14_index,cff14b288c5a0f0e0fbb5c562b12fef44bb907d3bc974825f29ece21760010b9,02a45777900441ce,native_trial_1,"{""batch_size"":256,""d_layers"":[256,256],""lr"":0.001,""num_timesteps"":100,""steps"":5000,""weight_decay"":0.0}",11,/home/ubuntu/dope-benchmark/work-order-b/tabddpm-population-app-v4/attempts/cff14b288c5a0f0e0fbb5c562b12fef44bb907d3bc974825f29ece21760010b9/attempt-0001/artifact,510534,"[{""artifact_path"":""/home/ubuntu/dope-benchmark/work-order-b/tabddpm-population-app-v4/attempts/cff14b288c5a0f0e0fbb5c562b12fef44bb907d3bc974825f29ece21760010b9/attempt-0001/artifact/inverse.npz"",""current_hash_remeasured"":false,""recorded_bytes"":1215,""recorded_sha256"":""e694b5496d4648fec64c49f8eeec8c2b40699e95a96e52b08ac4229cd5531ecc""},{""artifact_path"":""/home/ubuntu/dope-benchmark/work-order-b/tabddpm-population-app-v4/attempts/cff14b288c5a0f0e0fbb5c562b12fef44bb907d3bc974825f29ece21760010b9/attempt-0001/artifact/model.json"",""current_hash_remeasured"":false,""recorded_bytes"":567,""recorded_sha256"":""de197d1bf53e9c07a1160f7da512d65e8a99079c8dc4770db17ad33a0df13b3b""},{""artifact_path"":""/home/ubuntu/dope-benchmark/work-order-b/tabddpm-population-app-v4/attempts/cff14b288c5a0f0e0fbb5c562b12fef44bb907d3bc974825f29ece21760010b9/attempt-0001/artifact/projection.json"",""current_hash_remeasured"":false,""recorded_bytes"":1618,""recorded_sha256"":""bd350d3977e549485828da36d859f192086bf79ce071e0dd36678bee920d6e6b""},{""artifact_path"":""/home/ubuntu/dope-benchmark/work-order-b/tabddpm-population-app-v4/attempts/cff14b288c5a0f0e0fbb5c562b12fef44bb907d3bc974825f29ece21760010b9/attempt-0001/artifact/weights.npz"",""current_hash_remeasured"":false,""recorded_bytes"":507134,""recorded_sha256"":""4967ed6efbf100df8a6d60589342c09960395f073aab998a49e79165160fb5b1""}]",positive_predecessor_fit,"{""bytes"":1134,""path"":""/home/ubuntu/dope-scratch-x3/tabddpm-capacity-continuation-v7/attempts/cff14b288c5a0f0e0fbb5c562b12fef44bb907d3bc974825f29ece21760010b9/attempt-0003/native.json"",""sha256"":""074c7083f1a77bc25634a2ec711834dc996dc54deef7d42074430ccaa7cf0686""}","{""container_sha256"":""aaefb2d7caca66973c8427a95a4045381106debb5261d1111a17cf367c60e655"",""direction"":""maximize"",""exact_retained_body_digest_reconstructed"":true,""name"":""author_five_synthetic_seed_validation_catboost_r2_mean"",""receipt"":{""bytes"":1134,""path"":""/home/ubuntu/dope-scratch-x3/tabddpm-capacity-continuation-v7/attempts/cff14b288c5a0f0e0fbb5c562b12fef44bb907d3bc974825f29ece21760010b9/attempt-0003/native.json"",""sha256"":""074c7083f1a77bc25634a2ec711834dc996dc54deef7d42074430ccaa7cf0686""},""value"":0.8423379922754343}",,,,,native_objective_is_R2_not_an_error_loss; no_real_common_metric_scalar_body_bound_in_this_index,False
historical_v8_positive_provider_inventory_not_current_complete_TD14_index,13fdd5a9a87d5175aef6bfff66b7c6215057b462de4f003aa29e8ed5ba41e598,02a45777900441ce,native_trial_2,"{""batch_size"":256,""d_layers"":[256,256],""lr"":0.001,""num_timesteps"":1000,""steps"":5000,""weight_decay"":0.0}",11,/home/ubuntu/dope-benchmark/work-order-b/tabddpm-population-app-v4/attempts/13fdd5a9a87d5175aef6bfff66b7c6215057b462de4f003aa29e8ed5ba41e598/attempt-0001/artifact,510831,"[{""artifact_path"":""/home/ubuntu/dope-benchmark/work-order-b/tabddpm-population-app-v4/attempts/13fdd5a9a87d5175aef6bfff66b7c6215057b462de4f003aa29e8ed5ba41e598/attempt-0001/artifact/inverse.npz"",""current_hash_remeasured"":false,""recorded_bytes"":1215,""recorded_sha256"":""e694b5496d4648fec64c49f8eeec8c2b40699e95a96e52b08ac4229cd5531ecc""},{""artifact_path"":""/home/ubuntu/dope-benchmark/work-order-b/tabddpm-population-app-v4/attempts/13fdd5a9a87d5175aef6bfff66b7c6215057b462de4f003aa29e8ed5ba41e598/attempt-0001/artifact/model.json"",""current_hash_remeasured"":false,""recorded_bytes"":568,""recorded_sha256"":""b0cded0c05149587de5b6eb74bcb785425aff1c14c347dcab79de52d53a23ac0""},{""artifact_path"":""/home/ubuntu/dope-benchmark/work-order-b/tabddpm-population-app-v4/attempts/13fdd5a9a87d5175aef6bfff66b7c6215057b462de4f003aa29e8ed5ba41e598/attempt-0001/artifact/projection.json"",""current_hash_remeasured"":false,""recorded_bytes"":1618,""recorded_sha256"":""bd350d3977e549485828da36d859f192086bf79ce071e0dd36678bee920d6e6b""},{""artifact_path"":""/home/ubuntu/dope-benchmark/work-order-b/tabddpm-population-app-v4/attempts/13fdd5a9a87d5175aef6bfff66b7c6215057b462de4f003aa29e8ed5ba41e598/attempt-0001/artifact/weights.npz"",""current_hash_remeasured"":false,""recorded_bytes"":507430,""recorded_sha256"":""02276bce96311587d633c7575e273255770203baa34af3f0d05d427c6d20b232""}]",positive_predecessor_fit,"{""bytes"":1134,""path"":""/home/ubuntu/dope-benchmark/work-order-b/tabddpm-population-app-v4/attempts/13fdd5a9a87d5175aef6bfff66b7c6215057b462de4f003aa29e8ed5ba41e598/attempt-0001/native.json"",""sha256"":""49a4228f0de2c0f7a9666e5068037525f20ade6f834c0fd1dfb7bc0d6aef28ec""}",,,,,,native_objective_is_R2_not_an_error_loss; no_real_common_metric_scalar_body_bound_in_this_index,False
historical_v8_positive_provider_inventory_not_current_complete_TD14_index,ec47619822d2911a2b28c9df2866f00f85a0d92fc7d70c16723af5c0e0798bc2,02a45777900441ce,native_trial_3,"{""batch_size"":4096,""d_layers"":[256,256],""lr"":0.001,""num_timesteps"":100,""steps"":5000,""weight_decay"":0.0}",11,/home/ubuntu/dope-benchmark/work-order-b/tabddpm-population-app-v4/attempts/ec47619822d2911a2b28c9df2866f00f85a0d92fc7d70c16723af5c0e0798bc2/attempt-0001/artifact,511362,"[{""artifact_path"":""/home/ubuntu/dope-benchmark/work-order-b/tabddpm-population-app-v4/attempts/ec47619822d2911a2b28c9df2866f00f85a0d92fc7d70c16723af5c0e0798bc2/attempt-0001/artifact/inverse.npz"",""current_hash_remeasured"":false,""recorded_bytes"":1215,""recorded_sha256"":""e694b5496d4648fec64c49f8eeec8c2b40699e95a96e52b08ac4229cd5531ecc""},{""artifact_path"":""/home/ubuntu/dope-benchmark/work-order-b/tabddpm-population-app-v4/attempts/ec47619822d2911a2b28c9df2866f00f85a0d92fc7d70c16723af5c0e0798bc2/attempt-0001/artifact/model.json"",""current_hash_remeasured"":false,""recorded_bytes"":568,""recorded_sha256"":""7e617ce3a47c4ec1ae1c78232fb2526f732bea186fe013b2cc429144d15768f1""},{""artifact_path"":""/home/ubuntu/dope-benchmark/work-order-b/tabddpm-population-app-v4/attempts/ec47619822d2911a2b28c9df2866f00f85a0d92fc7d70c16723af5c0e0798bc2/attempt-0001/artifact/projection.json"",""current_hash_remeasured"":false,""recorded_bytes"":1618,""recorded_sha256"":""bd350d3977e549485828da36d859f192086bf79ce071e0dd36678bee920d6e6b""},{""artifact_path"":""/home/ubuntu/dope-benchmark/work-order-b/tabddpm-population-app-v4/attempts/ec47619822d2911a2b28c9df2866f00f85a0d92fc7d70c16723af5c0e0798bc2/attempt-0001/artifact/weights.npz"",""current_hash_remeasured"":false,""recorded_bytes"":507961,""recorded_sha256"":""b28fce67ad1c74b11e95dc0368071663f2c4c502c99cb16e12674318fd4f2a64""}]",positive_predecessor_fit,"{""bytes"":1132,""path"":""/home/ubuntu/dope-benchmark/work-order-b/tabddpm-population-app-v4/attempts/ec47619822d2911a2b28c9df2866f00f85a0d92fc7d70c16723af5c0e0798bc2/attempt-0001/native.json"",""sha256"":""2729cbbefeb06257e37e229dae24cbfcb7c47875e77cab822207abeab87b3731""}",,,,,,native_objective_is_R2_not_an_error_loss; no_real_common_metric_scalar_body_bound_in_this_index,False
historical_v8_positive_provider_inventory_not_current_complete_TD14_index,9cb075c9aea8f1388e4fa062bf311c8820ff3b5b83f451c3f207d5359be8d0bb,02a45777900441ce,native_trial_4,"{""batch_size"":4096,""d_layers"":[256,256],""lr"":0.001,""num_timesteps"":1000,""steps"":5000,""weight_decay"":0.0}",11,/home/ubuntu/dope-benchmark/work-order-b/tabddpm-population-app-v4/attempts/9cb075c9aea8f1388e4fa062bf311c8820ff3b5b83f451c3f207d5359be8d0bb/attempt-0001/artifact,511567,"[{""artifact_path"":""/home/ubuntu/dope-benchmark/work-order-b/tabddpm-population-app-v4/attempts/9cb075c9aea8f1388e4fa062bf311c8820ff3b5b83f451c3f207d5359be8d0bb/attempt-0001/artifact/inverse.npz"",""current_hash_remeasured"":false,""recorded_bytes"":1215,""recorded_sha256"":""e694b5496d4648fec64c49f8eeec8c2b40699e95a96e52b08ac4229cd5531ecc""},{""artifact_path"":""/home/ubuntu/dope-benchmark/work-order-b/tabddpm-population-app-v4/attempts/9cb075c9aea8f1388e4fa062bf311c8820ff3b5b83f451c3f207d5359be8d0bb/attempt-0001/artifact/model.json"",""current_hash_remeasured"":false,""recorded_bytes"":569,""recorded_sha256"":""5c2a02c5dd7b7243b71f64578e273b7dc314099cf894716455d02387f3b17d11""},{""artifact_path"":""/home/ubuntu/dope-benchmark/work-order-b/tabddpm-population-app-v4/attempts/9cb075c9aea8f1388e4fa062bf311c8820ff3b5b83f451c3f207d5359be8d0bb/attempt-0001/artifact/projection.json"",""current_hash_remeasured"":false,""recorded_bytes"":1618,""recorded_sha256"":""bd350d3977e549485828da36d859f192086bf79ce071e0dd36678bee920d6e6b""},{""artifact_path"":""/home/ubuntu/dope-benchmark/work-order-b/tabddpm-population-app-v4/attempts/9cb075c9aea8f1388e4fa062bf311c8820ff3b5b83f451c3f207d5359be8d0bb/attempt-0001/artifact/weights.npz"",""current_hash_remeasured"":false,""recorded_bytes"":508165,""recorded_sha256"":""dee48ae3776f10b78b03202a4e56be72c81ed6a4566a78cb83174691206291c4""}]",positive_predecessor_fit,"{""bytes"":1133,""path"":""/home/ubuntu/dope-benchmark/work-order-b/tabddpm-population-app-v4/attempts/9cb075c9aea8f1388e4fa062bf311c8820ff3b5b83f451c3f207d5359be8d0bb/attempt-0001/native.json"",""sha256"":""7a8bcd9c6321aa3a98456b1762d906255cf81b0541f26124fb03f300d8886fc5""}",,,,,,native_objective_is_R2_not_an_error_loss; no_real_common_metric_scalar_body_bound_in_this_index,False
historical_v8_positive_provider_inventory_not_current_complete_TD14_index,d9d05b7a34abc34a746b7ae24a0b87d47e86eaf3f49835c907bee22685603e9a,047e62b52a3f4ede,default,"{""batch_size"":4096,""d_layers"":[256,256],""lr"":0.001,""num_timesteps"":1000,""steps"":1000,""weight_decay"":1e-05}",11,/home/ubuntu/dope-benchmark/work-order-b/tabddpm-population-app-v4/attempts/d9d05b7a34abc34a746b7ae24a0b87d47e86eaf3f49835c907bee22685603e9a/attempt-0001/artifact,512514,"[{""artifact_path"":""/home/ubuntu/dope-benchmark/work-order-b/tabddpm-population-app-v4/attempts/d9d05b7a34abc34a746b7ae24a0b87d47e86eaf3f49835c907bee22685603e9a/attempt-0001/artifact/inverse.npz"",""current_hash_remeasured"":false,""recorded_bytes"":1560,""recorded_sha256"":""1c1932ced552b06437d6133008e26626832974cea84f597b349bb20d31e2d961""},{""artifact_path"":""/home/ubuntu/dope-benchmark/work-order-b/tabddpm-population-app-v4/attempts/d9d05b7a34abc34a746b7ae24a0b87d47e86eaf3f49835c907bee22685603e9a/attempt-0001/artifact/model.json"",""current_hash_remeasured"":false,""recorded_bytes"":562,""recorded_sha256"":""4b1eab574b6084311772381b8113cafdfb307c7e3e6080e5fad57fc9696def4b""},{""artifact_path"":""/home/ubuntu/dope-benchmark/work-order-b/tabddpm-population-app-v4/attempts/d9d05b7a34abc34a746b7ae24a0b87d47e86eaf3f49835c907bee22685603e9a/attempt-0001/artifact/projection.json"",""current_hash_remeasured"":false,""recorded_bytes"":1926,""recorded_sha256"":""2fa5424b537cef4ceb4df78bcae0d5c511b4a3262fa688d0f583bbf3b70f07b1""},{""artifact_path"":""/home/ubuntu/dope-benchmark/work-order-b/tabddpm-population-app-v4/attempts/d9d05b7a34abc34a746b7ae24a0b87d47e86eaf3f49835c907bee22685603e9a/attempt-0001/artifact/weights.npz"",""current_hash_remeasured"":false,""recorded_bytes"":508466,""recorded_sha256"":""407bf08289bf20499471c1ec4bc861b184226c2a7b163ff1557f07efa09c656d""}]",positive_predecessor_fit,,,,,,,native_objective_is_R2_not_an_error_loss; no_real_common_metric_scalar_body_bound_in_this_index,False
historical_v8_positive_provider_inventory_not_current_complete_TD14_index,b09de02b483172e4bdf1f0a156496c0563f344ca2100f00ac8f8d9ba9f383e13,047e62b52a3f4ede,native_trial_1,"{""batch_size"":256,""d_layers"":[256,256],""lr"":0.001,""num_timesteps"":100,""steps"":5000,""weight_decay"":0.0}",11,/home/ubuntu/dope-benchmark/work-order-b/tabddpm-population-app-v4/attempts/b09de02b483172e4bdf1f0a156496c0563f344ca2100f00ac8f8d9ba9f383e13/attempt-0001/artifact,513831,"[{""artifact_path"":""/home/ubuntu/dope-benchmark/work-order-b/tabddpm-population-app-v4/attempts/b09de02b483172e4bdf1f0a156496c0563f344ca2100f00ac8f8d9ba9f383e13/attempt-0001/artifact/inverse.npz"",""current_hash_remeasured"":false,""recorded_bytes"":1560,""recorded_sha256"":""1c1932ced552b06437d6133008e26626832974cea84f597b349bb20d31e2d961""},{""artifact_path"":""/home/ubuntu/dope-benchmark/work-order-b/tabddpm-population-app-v4/attempts/b09de02b483172e4bdf1f0a156496c0563f344ca2100f00ac8f8d9ba9f383e13/attempt-0001/artifact/model.json"",""current_hash_remeasured"":false,""recorded_bytes"":558,""recorded_sha256"":""7c664c13fe636ee030ed1975e7240c994dfff32c63a971dc609ade1350315a69""},{""artifact_path"":""/home/ubuntu/dope-benchmark/work-order-b/tabddpm-population-app-v4/attempts/b09de02b483172e4bdf1f0a156496c0563f344ca2100f00ac8f8d9ba9f383e13/attempt-0001/artifact/projection.json"",""current_hash_remeasured"":false,""recorded_bytes"":1926,""recorded_sha256"":""2fa5424b537cef4ceb4df78bcae0d5c511b4a3262fa688d0f583bbf3b70f07b1""},{""artifact_path"":""/home/ubuntu/dope-benchmark/work-order-b/tabddpm-population-app-v4/attempts/b09de02b483172e4bdf1f0a156496c0563f344ca2100f00ac8f8d9ba9f383e13/attempt-0001/artifact/weights.npz"",""current_hash_remeasured"":false,""recorded_bytes"":509787,""recorded_sha256"":""56823135b17b00ce04e6435c4a7b7610f6c3b2c2fc98d3e94a34ff27c190852d""}]",positive_predecessor_fit,"{""bytes"":1135,""path"":""/home/ubuntu/dope-benchmark/work-order-b/tabddpm-population-app-v4/attempts/b09de02b483172e4bdf1f0a156496c0563f344ca2100f00ac8f8d9ba9f383e13/attempt-0001/native.json"",""sha256"":""4003c87371d58f1bfd4324344331363683aa75072ec54587f3042e7ff81ebdda""}",,,,,,native_objective_is_R2_not_an_error_loss; no_real_common_metric_scalar_body_bound_in_this_index,False
historical_v8_positive_provider_inventory_not_current_complete_TD14_index,54e47b909acac4ab0ad26526957442925f1ba9bd4002f0af530d6d7496e9c1fb,047e62b52a3f4ede,native_trial_2,"{""batch_size"":256,""d_layers"":[256,256],""lr"":0.001,""num_timesteps"":1000,""steps"":5000,""weight_decay"":0.0}",11,/home/ubuntu/dope-benchmark/work-order-b/tabddpm-population-app-v4/attempts/54e47b909acac4ab0ad26526957442925f1ba9bd4002f0af530d6d7496e9c1fb/attempt-0001/artifact,514078,"[{""artifact_path"":""/home/ubuntu/dope-benchmark/work-order-b/tabddpm-population-app-v4/attempts/54e47b909acac4ab0ad26526957442925f1ba9bd4002f0af530d6d7496e9c1fb/attempt-0001/artifact/inverse.npz"",""current_hash_remeasured"":false,""recorded_bytes"":1560,""recorded_sha256"":""1c1932ced552b06437d6133008e26626832974cea84f597b349bb20d31e2d961""},{""artifact_path"":""/home/ubuntu/dope-benchmark/work-order-b/tabddpm-population-app-v4/attempts/54e47b909acac4ab0ad26526957442925f1ba9bd4002f0af530d6d7496e9c1fb/attempt-0001/artifact/model.json"",""current_hash_remeasured"":false,""recorded_bytes"":559,""recorded_sha256"":""a38e5fb22074781057b08f5626f3f3d618d645330e7124f8b377cfe1f6c36582""},{""artifact_path"":""/home/ubuntu/dope-benchmark/work-order-b/tabddpm-population-app-v4/attempts/54e47b909acac4ab0ad26526957442925f1ba9bd4002f0af530d6d7496e9c1fb/attempt-0001/artifact/projection.json"",""current_hash_remeasured"":false,""recorded_bytes"":1926,""recorded_sha256"":""2fa5424b537cef4ceb4df78bcae0d5c511b4a3262fa688d0f583bbf3b70f07b1""},{""artifact_path"":""/home/ubuntu/dope-benchmark/work-order-b/tabddpm-population-app-v4/attempts/54e47b909acac4ab0ad26526957442925f1ba9bd4002f0af530d6d7496e9c1fb/attempt-0001/artifact/weights.npz"",""current_hash_remeasured"":false,""recorded_bytes"":510033,""recorded_sha256"":""ccca3b1ca58ea0e339493885b5ae41b61c672ea1f88c3faf4f59ffb545abf4d1""}]",positive_predecessor_fit,"{""bytes"":1135,""path"":""/home/ubuntu/dope-benchmark/work-order-b/tabddpm-population-app-v4/attempts/54e47b909acac4ab0ad26526957442925f1ba9bd4002f0af530d6d7496e9c1fb/attempt-0001/native.json"",""sha256"":""717366c0b818644cbb52b89ec9673799480fd6748cf7f704ad58857ba1c15f6c""}",,,,,,native_objective_is_R2_not_an_error_loss; no_real_common_metric_scalar_body_bound_in_this_index,False
historical_v8_positive_provider_inventory_not_current_complete_TD14_index,2d385a418cbb727b11926331e9f6b64f6aef7a2c7c7309de227bf35ff072f155,047e62b52a3f4ede,native_trial_3,"{""batch_size"":4096,""d_layers"":[256,256],""lr"":0.001,""num_timesteps"":100,""steps"":5000,""weight_decay"":0.0}",11,/home/ubuntu/dope-benchmark/work-order-b/tabddpm-population-app-v4/attempts/2d385a418cbb727b11926331e9f6b64f6aef7a2c7c7309de227bf35ff072f155/attempt-0001/artifact,513832,"[{""artifact_path"":""/home/ubuntu/dope-benchmark/work-order-b/tabddpm-population-app-v4/attempts/2d385a418cbb727b11926331e9f6b64f6aef7a2c7c7309de227bf35ff072f155/attempt-0001/artifact/inverse.npz"",""current_hash_remeasured"":false,""recorded_bytes"":1560,""recorded_sha256"":""1c1932ced552b06437d6133008e26626832974cea84f597b349bb20d31e2d961""},{""artifact_path"":""/home/ubuntu/dope-benchmark/work-order-b/tabddpm-population-app-v4/attempts/2d385a418cbb727b11926331e9f6b64f6aef7a2c7c7309de227bf35ff072f155/attempt-0001/artifact/model.json"",""current_hash_remeasured"":false,""recorded_bytes"":559,""recorded_sha256"":""368af6e17e8bc39c93e3ebb3dd46974213dec09e93be59d03aad5fc22e9bd82c""},{""artifact_path"":""/home/ubuntu/dope-benchmark/work-order-b/tabddpm-population-app-v4/attempts/2d385a418cbb727b11926331e9f6b64f6aef7a2c7c7309de227bf35ff072f155/attempt-0001/artifact/projection.json"",""current_hash_remeasured"":false,""recorded_bytes"":1926,""recorded_sha256"":""2fa5424b537cef4ceb4df78bcae0d5c511b4a3262fa688d0f583bbf3b70f07b1""},{""artifact_path"":""/home/ubuntu/dope-benchmark/work-order-b/tabddpm-population-app-v4/attempts/2d385a418cbb727b11926331e9f6b64f6aef7a2c7c7309de227bf35ff072f155/attempt-0001/artifact/weights.npz"",""current_hash_remeasured"":false,""recorded_bytes"":509787,""recorded_sha256"":""56823135b17b00ce04e6435c4a7b7610f6c3b2c2fc98d3e94a34ff27c190852d""}]",positive_predecessor_fit,"{""bytes"":1135,""path"":""/home/ubuntu/dope-benchmark/work-order-b/tabddpm-population-app-v4/attempts/2d385a418cbb727b11926331e9f6b64f6aef7a2c7c7309de227bf35ff072f155/attempt-0001/native.json"",""sha256"":""f7b64ff12fbf45d03c78baff64212d0f9afbc6e753462ad2ad5676d879f56527""}",,,,,,native_objective_is_R2_not_an_error_loss; no_real_common_metric_scalar_body_bound_in_this_index,False
historical_v8_positive_provider_inventory_not_current_complete_TD14_index,3aabd613d6ebd0141b4b7424e6daf8e28dc9d801138bdcad4d1ee92149292657,047e62b52a3f4ede,native_trial_4,"{""batch_size"":4096,""d_layers"":[256,256],""lr"":0.001,""num_timesteps"":1000,""steps"":5000,""weight_decay"":0.0}",11,/home/ubuntu/dope-benchmark/work-order-b/tabddpm-population-app-v4/attempts/3aabd613d6ebd0141b4b7424e6daf8e28dc9d801138bdcad4d1ee92149292657/attempt-0001/artifact,514079,"[{""artifact_path"":""/home/ubuntu/dope-benchmark/work-order-b/tabddpm-population-app-v4/attempts/3aabd613d6ebd0141b4b7424e6daf8e28dc9d801138bdcad4d1ee92149292657/attempt-0001/artifact/inverse.npz"",""current_hash_remeasured"":false,""recorded_bytes"":1560,""recorded_sha256"":""1c1932ced552b06437d6133008e26626832974cea84f597b349bb20d31e2d961""},{""artifact_path"":""/home/ubuntu/dope-benchmark/work-order-b/tabddpm-population-app-v4/attempts/3aabd613d6ebd0141b4b7424e6daf8e28dc9d801138bdcad4d1ee92149292657/attempt-0001/artifact/model.json"",""current_hash_remeasured"":false,""recorded_bytes"":560,""recorded_sha256"":""3309447c030f66183bd2817432286d68460b6b1c50dfa9285dd6687366d475d1""},{""artifact_path"":""/home/ubuntu/dope-benchmark/work-order-b/tabddpm-population-app-v4/attempts/3aabd613d6ebd0141b4b7424e6daf8e28dc9d801138bdcad4d1ee92149292657/attempt-0001/artifact/projection.json"",""current_hash_remeasured"":false,""recorded_bytes"":1926,""recorded_sha256"":""2fa5424b537cef4ceb4df78bcae0d5c511b4a3262fa688d0f583bbf3b70f07b1""},{""artifact_path"":""/home/ubuntu/dope-benchmark/work-order-b/tabddpm-population-app-v4/attempts/3aabd613d6ebd0141b4b7424e6daf8e28dc9d801138bdcad4d1ee92149292657/attempt-0001/artifact/weights.npz"",""current_hash_remeasured"":false,""recorded_bytes"":510033,""recorded_sha256"":""ccca3b1ca58ea0e339493885b5ae41b61c672ea1f88c3faf4f59ffb545abf4d1""}]",positive_predecessor_fit,"{""bytes"":1135,""path"":""/home/ubuntu/dope-benchmark/work-order-b/tabddpm-population-app-v4/attempts/3aabd613d6ebd0141b4b7424e6daf8e28dc9d801138bdcad4d1ee92149292657/attempt-0001/native.json"",""sha256"":""166ad0d40606b12481d88ea4e7459bb7b3863ccd21f938f1f3812c970e91e432""}",,,,,,native_objective_is_R2_not_an_error_loss; no_real_common_metric_scalar_body_bound_in_this_index,False
historical_v8_positive_provider_inventory_not_current_complete_TD14_index,137a48d45c97b5f59e75b6f119a229041baf26fa824dea0d24a17041cc70b91a,04c80944e971cb3e,default,"{""batch_size"":4096,""d_layers"":[256,256],""lr"":0.001,""num_timesteps"":1000,""steps"":1000,""weight_decay"":1e-05}",11,/home/ubuntu/dope-benchmark/work-order-b/tabddpm-population-app-v4/attempts/137a48d45c97b5f59e75b6f119a229041baf26fa824dea0d24a17041cc70b91a/attempt-0001/artifact,494335,"[{""artifact_path"":""/home/ubuntu/dope-benchmark/work-order-b/tabddpm-population-app-v4/attempts/137a48d45c97b5f59e75b6f119a229041baf26fa824dea0d24a17041cc70b91a/attempt-0001/artifact/inverse.npz"",""current_hash_remeasured"":false,""recorded_bytes"":803,""recorded_sha256"":""3e47de3f54f47e30ddbf2e57d1b1b0a47d47248c6bb41ad446fedcde443e8671""},{""artifact_path"":""/home/ubuntu/dope-benchmark/work-order-b/tabddpm-population-app-v4/attempts/137a48d45c97b5f59e75b6f119a229041baf26fa824dea0d24a17041cc70b91a/attempt-0001/artifact/model.json"",""current_hash_remeasured"":false,""recorded_bytes"":561,""recorded_sha256"":""988e11d24f3c4fa025783d9baaf98e945f1ce87217f89f1f3711d2cb597ff825""},{""artifact_path"":""/home/ubuntu/dope-benchmark/work-order-b/tabddpm-population-app-v4/attempts/137a48d45c97b5f59e75b6f119a229041baf26fa824dea0d24a17041cc70b91a/attempt-0001/artifact/projection.json"",""current_hash_remeasured"":false,""recorded_bytes"":472,""recorded_sha256"":""0c6dda519f2b0ca56b1646a35ce1feb4690d19baf27ffd4d5ba57f429cf69b5a""},{""artifact_path"":""/home/ubuntu/dope-benchmark/work-order-b/tabddpm-population-app-v4/attempts/137a48d45c97b5f59e75b6f119a229041baf26fa824dea0d24a17041cc70b91a/attempt-0001/artifact/weights.npz"",""current_hash_remeasured"":false,""recorded_bytes"":492499,""recorded_sha256"":""a2a3744b8e6dbed6cd69a292331fd0ff8e141340a12d14f479e823ebfff7548f""}]",positive_predecessor_fit,"{""bytes"":1134,""path"":""/home/ubuntu/dope-benchmark/work-order-b/tabddpm-population-app-v4/attempts/137a48d45c97b5f59e75b6f119a229041baf26fa824dea0d24a17041cc70b91a/attempt-0001/native.json"",""sha256"":""5d15cd4200a206a94f8d76c1453fae7acd9e2d53ff7d8d4d681f532b29781ce2""}",,,,,,native_objective_is_R2_not_an_error_loss; no_real_common_metric_scalar_body_bound_in_this_index,False
historical_v8_positive_provider_inventory_not_current_complete_TD14_index,0734866b9b2d1f5ec56a06c2f7304c0273e9a70d745cc64db8e08207acd01dae,04c80944e971cb3e,native_trial_1,"{""batch_size"":256,""d_layers"":[256,256],""lr"":0.001,""num_timesteps"":100,""steps"":5000,""weight_decay"":0.0}",11,/home/ubuntu/dope-benchmark/work-order-b/tabddpm-population-app-v4/attempts/0734866b9b2d1f5ec56a06c2f7304c0273e9a70d745cc64db8e08207acd01dae/attempt-0001/artifact,495355,"[{""artifact_path"":""/home/ubuntu/dope-benchmark/work-order-b/tabddpm-population-app-v4/attempts/0734866b9b2d1f5ec56a06c2f7304c0273e9a70d745cc64db8e08207acd01dae/attempt-0001/artifact/inverse.npz"",""current_hash_remeasured"":false,""recorded_bytes"":803,""recorded_sha256"":""3e47de3f54f47e30ddbf2e57d1b1b0a47d47248c6bb41ad446fedcde443e8671""},{""artifact_path"":""/home/ubuntu/dope-benchmark/work-order-b/tabddpm-population-app-v4/attempts/0734866b9b2d1f5ec56a06c2f7304c0273e9a70d745cc64db8e08207acd01dae/attempt-0001/artifact/model.json"",""current_hash_remeasured"":false,""recorded_bytes"":557,""recorded_sha256"":""5ff2e6f6f0df15298af4882bc18ff87a55eae96e4c1f0e9c5f30debb092996eb""},{""artifact_path"":""/home/ubuntu/dope-benchmark/work-order-b/tabddpm-population-app-v4/attempts/0734866b9b2d1f5ec56a06c2f7304c0273e9a70d745cc64db8e08207acd01dae/attempt-0001/artifact/projection.json"",""current_hash_remeasured"":false,""recorded_bytes"":472,""recorded_sha256"":""0c6dda519f2b0ca56b1646a35ce1feb4690d19baf27ffd4d5ba57f429cf69b5a""},{""artifact_path"":""/home/ubuntu/dope-benchmark/work-order-b/tabddpm-population-app-v4/attempts/0734866b9b2d1f5ec56a06c2f7304c0273e9a70d745cc64db8e08207acd01dae/attempt-0001/artifact/weights.npz"",""current_hash_remeasured"":false,""recorded_bytes"":493523,""recorded_sha256"":""2bb412555ddb862d5ec1d7fafa797aa5d7ff375b1242f4e9268d48da70798f29""}]",positive_predecessor_fit,"{""bytes"":1132,""path"":""/home/ubuntu/dope-benchmark/work-order-b/tabddpm-population-app-v4/attempts/0734866b9b2d1f5ec56a06c2f7304c0273e9a70d745cc64db8e08207acd01dae/attempt-0001/native.json"",""sha256"":""8022992c9eef504713f6d041993b742c9072246bf954aaccdf63a3d854bf6ffe""}",,,,,,native_objective_is_R2_not_an_error_loss; no_real_common_metric_scalar_body_bound_in_this_index,False
historical_v8_positive_provider_inventory_not_current_complete_TD14_index,a4a7e5c300c238aec8a630314d1981a4340aec9b973359d554fa1cd6b1bdce9f,04c80944e971cb3e,native_trial_2,"{""batch_size"":256,""d_layers"":[256,256],""lr"":0.001,""num_timesteps"":1000,""steps"":5000,""weight_decay"":0.0}",11,/home/ubuntu/dope-benchmark/work-order-b/tabddpm-population-app-v4/attempts/a4a7e5c300c238aec8a630314d1981a4340aec9b973359d554fa1cd6b1bdce9f/attempt-0001/artifact,495434,"[{""artifact_path"":""/home/ubuntu/dope-benchmark/work-order-b/tabddpm-population-app-v4/attempts/a4a7e5c300c238aec8a630314d1981a4340aec9b973359d554fa1cd6b1bdce9f/attempt-0001/artifact/inverse.npz"",""current_hash_remeasured"":false,""recorded_bytes"":803,""recorded_sha256"":""3e47de3f54f47e30ddbf2e57d1b1b0a47d47248c6bb41ad446fedcde443e8671""},{""artifact_path"":""/home/ubuntu/dope-benchmark/work-order-b/tabddpm-population-app-v4/attempts/a4a7e5c300c238aec8a630314d1981a4340aec9b973359d554fa1cd6b1bdce9f/attempt-0001/artifact/model.json"",""current_hash_remeasured"":false,""recorded_bytes"":558,""recorded_sha256"":""888ea8bbe1070d830429113f001523feb93c69cf0409ebfbe0e51f8327c6c374""},{""artifact_path"":""/home/ubuntu/dope-benchmark/work-order-b/tabddpm-population-app-v4/attempts/a4a7e5c300c238aec8a630314d1981a4340aec9b973359d554fa1cd6b1bdce9f/attempt-0001/artifact/projection.json"",""current_hash_remeasured"":false,""recorded_bytes"":472,""recorded_sha256"":""0c6dda519f2b0ca56b1646a35ce1feb4690d19baf27ffd4d5ba57f429cf69b5a""},{""artifact_path"":""/home/ubuntu/dope-benchmark/work-order-b/tabddpm-population-app-v4/attempts/a4a7e5c300c238aec8a630314d1981a4340aec9b973359d554fa1cd6b1bdce9f/attempt-0001/artifact/weights.npz"",""current_hash_remeasured"":false,""recorded_bytes"":493601,""recorded_sha256"":""a1a5e2fee97a8744d039e5b3e8a0b38f2fafcd17f558420d38bed22d9b0333a9""}]",positive_predecessor_fit,"{""bytes"":1133,""path"":""/home/ubuntu/dope-benchmark/work-order-b/tabddpm-population-app-v4/attempts/a4a7e5c300c238aec8a630314d1981a4340aec9b973359d554fa1cd6b1bdce9f/attempt-0001/native.json"",""sha256"":""9f5bf3b585d4080b2cc572e7172f18d8c98662a4470035b00bd96a53c8e5b767""}",,,,,,native_objective_is_R2_not_an_error_loss; no_real_common_metric_scalar_body_bound_in_this_index,False
historical_v8_positive_provider_inventory_not_current_complete_TD14_index,6098a9120eb3b81a4fac593f7e31704d63360c3ee6cdf174aeacc1946d6d1d33,04c80944e971cb3e,native_trial_3,"{""batch_size"":4096,""d_layers"":[256,256],""lr"":0.001,""num_timesteps"":100,""steps"":5000,""weight_decay"":0.0}",11,/home/ubuntu/dope-benchmark/work-order-b/tabddpm-population-app-v4/attempts/6098a9120eb3b81a4fac593f7e31704d63360c3ee6cdf174aeacc1946d6d1d33/attempt-0001/artifact,495356,"[{""artifact_path"":""/home/ubuntu/dope-benchmark/work-order-b/tabddpm-population-app-v4/attempts/6098a9120eb3b81a4fac593f7e31704d63360c3ee6cdf174aeacc1946d6d1d33/attempt-0001/artifact/inverse.npz"",""current_hash_remeasured"":false,""recorded_bytes"":803,""recorded_sha256"":""3e47de3f54f47e30ddbf2e57d1b1b0a47d47248c6bb41ad446fedcde443e8671""},{""artifact_path"":""/home/ubuntu/dope-benchmark/work-order-b/tabddpm-population-app-v4/attempts/6098a9120eb3b81a4fac593f7e31704d63360c3ee6cdf174aeacc1946d6d1d33/attempt-0001/artifact/model.json"",""current_hash_remeasured"":false,""recorded_bytes"":558,""recorded_sha256"":""2a053cb3ede1744ded406f1285d1ee0bd21f2bae78a750b0f6b6b830271c54dd""},{""artifact_path"":""/home/ubuntu/dope-benchmark/work-order-b/tabddpm-population-app-v4/attempts/6098a9120eb3b81a4fac593f7e31704d63360c3ee6cdf174aeacc1946d6d1d33/attempt-0001/artifact/projection.json"",""current_hash_remeasured"":false,""recorded_bytes"":472,""recorded_sha256"":""0c6dda519f2b0ca56b1646a35ce1feb4690d19baf27ffd4d5ba57f429cf69b5a""},{""artifact_path"":""/home/ubuntu/dope-benchmark/work-order-b/tabddpm-population-app-v4/attempts/6098a9120eb3b81a4fac593f7e31704d63360c3ee6cdf174aeacc1946d6d1d33/attempt-0001/artifact/weights.npz"",""current_hash_remeasured"":false,""recorded_bytes"":493523,""recorded_sha256"":""2bb412555ddb862d5ec1d7fafa797aa5d7ff375b1242f4e9268d48da70798f29""}]",positive_predecessor_fit,"{""bytes"":1133,""path"":""/home/ubuntu/dope-benchmark/work-order-b/tabddpm-population-app-v4/attempts/6098a9120eb3b81a4fac593f7e31704d63360c3ee6cdf174aeacc1946d6d1d33/attempt-0001/native.json"",""sha256"":""80f6fa4aa977c394c6dd346f993e193e6687a2ccd8732273d3f9b69f5d1c4be5""}",,,,,,native_objective_is_R2_not_an_error_loss; no_real_common_metric_scalar_body_bound_in_this_index,False
historical_v8_positive_provider_inventory_not_current_complete_TD14_index,412fe01e8052e0e699ffc56b191a1ea651c94eb754946a58e10bbaac950154c2,04c80944e971cb3e,native_trial_4,"{""batch_size"":4096,""d_layers"":[256,256],""lr"":0.001,""num_timesteps"":1000,""steps"":5000,""weight_decay"":0.0}",11,/home/ubuntu/dope-benchmark/work-order-b/tabddpm-population-app-v4/attempts/412fe01e8052e0e699ffc56b191a1ea651c94eb754946a58e10bbaac950154c2/attempt-0001/artifact,495435,"[{""artifact_path"":""/home/ubuntu/dope-benchmark/work-order-b/tabddpm-population-app-v4/attempts/412fe01e8052e0e699ffc56b191a1ea651c94eb754946a58e10bbaac950154c2/attempt-0001/artifact/inverse.npz"",""current_hash_remeasured"":false,""recorded_bytes"":803,""recorded_sha256"":""3e47de3f54f47e30ddbf2e57d1b1b0a47d47248c6bb41ad446fedcde443e8671""},{""artifact_path"":""/home/ubuntu/dope-benchmark/work-order-b/tabddpm-population-app-v4/attempts/412fe01e8052e0e699ffc56b191a1ea651c94eb754946a58e10bbaac950154c2/attempt-0001/artifact/model.json"",""current_hash_remeasured"":false,""recorded_bytes"":559,""recorded_sha256"":""eed4516a3318bd33b84b67bc9012024b8ef96151e70db9cf1846a6f5a60ac2ed""},{""artifact_path"":""/home/ubuntu/dope-benchmark/work-order-b/tabddpm-population-app-v4/attempts/412fe01e8052e0e699ffc56b191a1ea651c94eb754946a58e10bbaac950154c2/attempt-0001/artifact/projection.json"",""current_hash_remeasured"":false,""recorded_bytes"":472,""recorded_sha256"":""0c6dda519f2b0ca56b1646a35ce1feb4690d19baf27ffd4d5ba57f429cf69b5a""},{""artifact_path"":""/home/ubuntu/dope-benchmark/work-order-b/tabddpm-population-app-v4/attempts/412fe01e8052e0e699ffc56b191a1ea651c94eb754946a58e10bbaac950154c2/attempt-0001/artifact/weights.npz"",""current_hash_remeasured"":false,""recorded_bytes"":493601,""recorded_sha256"":""a1a5e2fee97a8744d039e5b3e8a0b38f2fafcd17f558420d38bed22d9b0333a9""}]",positive_predecessor_fit,"{""bytes"":1133,""path"":""/home/ubuntu/dope-benchmark/work-order-b/tabddpm-population-app-v4/attempts/412fe01e8052e0e699ffc56b191a1ea651c94eb754946a58e10bbaac950154c2/attempt-0001/native.json"",""sha256"":""d4f9bc71bce4d66adff2d2c26ad5cef96c1dce913510609d7fe20a9b34c75546""}",,,,,,native_objective_is_R2_not_an_error_loss; no_real_common_metric_scalar_body_bound_in_this_index,False
historical_v8_positive_provider_inventory_not_current_complete_TD14_index,c05631e4edcee84557458e422db7662b7f0a911f47d722494562f95c216b4eeb,0561d673cb73c27e,default,"{""batch_size"":4096,""d_layers"":[256,256],""lr"":0.001,""num_timesteps"":1000,""steps"":1000,""weight_decay"":1e-05}",11,/home/ubuntu/dope-benchmark/work-order-b/tabddpm-population-app-v4/attempts/c05631e4edcee84557458e422db7662b7f0a911f47d722494562f95c216b4eeb/attempt-0001/artifact,509355,"[{""artifact_path"":""/home/ubuntu/dope-benchmark/work-order-b/tabddpm-population-app-v4/attempts/c05631e4edcee84557458e422db7662b7f0a911f47d722494562f95c216b4eeb/attempt-0001/artifact/inverse.npz"",""current_hash_remeasured"":false,""recorded_bytes"":1581,""recorded_sha256"":""3a210def01c55ef33005d361b9e7db5ac6e78ee9f586f3014f95b6f1337c940a""},{""artifact_path"":""/home/ubuntu/dope-benchmark/work-order-b/tabddpm-population-app-v4/attempts/c05631e4edcee84557458e422db7662b7f0a911f47d722494562f95c216b4eeb/attempt-0001/artifact/model.json"",""current_hash_remeasured"":false,""recorded_bytes"":562,""recorded_sha256"":""0783f40b4ba62099f3060725107f60283c4d9976082a7ee491a8a83a4f07ea8b""},{""artifact_path"":""/home/ubuntu/dope-benchmark/work-order-b/tabddpm-population-app-v4/attempts/c05631e4edcee84557458e422db7662b7f0a911f47d722494562f95c216b4eeb/attempt-0001/artifact/projection.json"",""current_hash_remeasured"":false,""recorded_bytes"":1715,""recorded_sha256"":""b6b3358bb52f213747d8146275f6eb3b7e92dffbf1ebc6a910102e5e9bcd68dc""},{""artifact_path"":""/home/ubuntu/dope-benchmark/work-order-b/tabddpm-population-app-v4/attempts/c05631e4edcee84557458e422db7662b7f0a911f47d722494562f95c216b4eeb/attempt-0001/artifact/weights.npz"",""current_hash_remeasured"":false,""recorded_bytes"":505497,""recorded_sha256"":""01938b50b04166cd55ad3df33e0fe0005e88c1849ab64b81a0046a2942d5bba4""}]",positive_predecessor_fit,"{""bytes"":1134,""path"":""/home/ubuntu/dope-benchmark/work-order-b/tabddpm-population-app-v4/attempts/c05631e4edcee84557458e422db7662b7f0a911f47d722494562f95c216b4eeb/attempt-0001/native.json"",""sha256"":""e723d53bc3130fde525e43bf7cbf3be4e695dd8d582d87b347604dce0c015fe2""}",,,,,,native_objective_is_R2_not_an_error_loss; no_real_common_metric_scalar_body_bound_in_this_index,False
historical_v8_positive_provider_inventory_not_current_complete_TD14_index,b8597119fdeda16aeec039b6f26083941971eaf21293f8eaabc0ecf247c7ccd9,0561d673cb73c27e,native_trial_1,"{""batch_size"":256,""d_layers"":[256,256],""lr"":0.001,""num_timesteps"":100,""steps"":5000,""weight_decay"":0.0}",11,/home/ubuntu/dope-benchmark/work-order-b/tabddpm-population-app-v4/attempts/b8597119fdeda16aeec039b6f26083941971eaf21293f8eaabc0ecf247c7ccd9/attempt-0001/artifact,510467,"[{""artifact_path"":""/home/ubuntu/dope-benchmark/work-order-b/tabddpm-population-app-v4/attempts/b8597119fdeda16aeec039b6f26083941971eaf21293f8eaabc0ecf247c7ccd9/attempt-0001/artifact/inverse.npz"",""current_hash_remeasured"":false,""recorded_bytes"":1581,""recorded_sha256"":""3a210def01c55ef33005d361b9e7db5ac6e78ee9f586f3014f95b6f1337c940a""},{""artifact_path"":""/home/ubuntu/dope-benchmark/work-order-b/tabddpm-population-app-v4/attempts/b8597119fdeda16aeec039b6f26083941971eaf21293f8eaabc0ecf247c7ccd9/attempt-0001/artifact/model.json"",""current_hash_remeasured"":false,""recorded_bytes"":558,""recorded_sha256"":""900253f156c9265d6697843440359b04d61310383e46a79a156b705bb8e04e53""},{""artifact_path"":""/home/ubuntu/dope-benchmark/work-order-b/tabddpm-population-app-v4/attempts/b8597119fdeda16aeec039b6f26083941971eaf21293f8eaabc0ecf247c7ccd9/attempt-0001/artifact/projection.json"",""current_hash_remeasured"":false,""recorded_bytes"":1715,""recorded_sha256"":""b6b3358bb52f213747d8146275f6eb3b7e92dffbf1ebc6a910102e5e9bcd68dc""},{""artifact_path"":""/home/ubuntu/dope-benchmark/work-order-b/tabddpm-population-app-v4/attempts/b8597119fdeda16aeec039b6f26083941971eaf21293f8eaabc0ecf247c7ccd9/attempt-0001/artifact/weights.npz"",""current_hash_remeasured"":false,""recorded_bytes"":506613,""recorded_sha256"":""70e932395a083e66af920296f536b40fd2f080f50a39a6d9770c42d268a23d4f""}]",positive_predecessor_fit,"{""bytes"":1134,""path"":""/home/ubuntu/dope-benchmark/work-order-b/tabddpm-population-app-v4/attempts/b8597119fdeda16aeec039b6f26083941971eaf21293f8eaabc0ecf247c7ccd9/attempt-0001/native.json"",""sha256"":""c0ccb89c915dd3d4f1eaf06835fd55a0495198ead0e23c5ab27ae587fa07c9d3""}",,,,,,native_objective_is_R2_not_an_error_loss; no_real_common_metric_scalar_body_bound_in_this_index,False
historical_v8_positive_provider_inventory_not_current_complete_TD14_index,e8d03191cc2c0124dee0901ee3f690d7848d8896ea9055e6d675d319f960ab50,0561d673cb73c27e,native_trial_2,"{""batch_size"":256,""d_layers"":[256,256],""lr"":0.001,""num_timesteps"":1000,""steps"":5000,""weight_decay"":0.0}",11,/home/ubuntu/dope-benchmark/work-order-b/tabddpm-population-app-v4/attempts/e8d03191cc2c0124dee0901ee3f690d7848d8896ea9055e6d675d319f960ab50/attempt-0001/artifact,510631,"[{""artifact_path"":""/home/ubuntu/dope-benchmark/work-order-b/tabddpm-population-app-v4/attempts/e8d03191cc2c0124dee0901ee3f690d7848d8896ea9055e6d675d319f960ab50/attempt-0001/artifact/inverse.npz"",""current_hash_remeasured"":false,""recorded_bytes"":1581,""recorded_sha256"":""3a210def01c55ef33005d361b9e7db5ac6e78ee9f586f3014f95b6f1337c940a""},{""artifact_path"":""/home/ubuntu/dope-benchmark/work-order-b/tabddpm-population-app-v4/attempts/e8d03191cc2c0124dee0901ee3f690d7848d8896ea9055e6d675d319f960ab50/attempt-0001/artifact/model.json"",""current_hash_remeasured"":false,""recorded_bytes"":559,""recorded_sha256"":""3b0ee92dc1adc16e3f63ff5e3fd0e29af253769bbeb983090a4dcd933d2c298d""},{""artifact_path"":""/home/ubuntu/dope-benchmark/work-order-b/tabddpm-population-app-v4/attempts/e8d03191cc2c0124dee0901ee3f690d7848d8896ea9055e6d675d319f960ab50/attempt-0001/artifact/projection.json"",""current_hash_remeasured"":false,""recorded_bytes"":1715,""recorded_sha256"":""b6b3358bb52f213747d8146275f6eb3b7e92dffbf1ebc6a910102e5e9bcd68dc""},{""artifact_path"":""/home/ubuntu/dope-benchmark/work-order-b/tabddpm-population-app-v4/attempts/e8d03191cc2c0124dee0901ee3f690d7848d8896ea9055e6d675d319f960ab50/attempt-0001/artifact/weights.npz"",""current_hash_remeasured"":false,""recorded_bytes"":506776,""recorded_sha256"":""f4862004e199b04760e948bc6a65315844814b61b42b6f635b496d90135da136""}]",positive_predecessor_fit,"{""bytes"":1136,""path"":""/home/ubuntu/dope-benchmark/work-order-b/tabddpm-population-app-v4/attempts/e8d03191cc2c0124dee0901ee3f690d7848d8896ea9055e6d675d319f960ab50/attempt-0001/native.json"",""sha256"":""ff510e941e09c3f1f4acbeeeb0572cf897470654a0a882cb5da57780284aba65""}",,,,,,native_objective_is_R2_not_an_error_loss; no_real_common_metric_scalar_body_bound_in_this_index,False
historical_v8_positive_provider_inventory_not_current_complete_TD14_index,be01c51d3773fd79a99467d439ccc982d010859c609fd32df3b8323fedfe3c10,0561d673cb73c27e,native_trial_3,"{""batch_size"":4096,""d_layers"":[256,256],""lr"":0.001,""num_timesteps"":100,""steps"":5000,""weight_decay"":0.0}",11,/home/ubuntu/dope-benchmark/work-order-b/tabddpm-population-app-v4/attempts/be01c51d3773fd79a99467d439ccc982d010859c609fd32df3b8323fedfe3c10/attempt-0001/artifact,510711,"[{""artifact_path"":""/home/ubuntu/dope-benchmark/work-order-b/tabddpm-population-app-v4/attempts/be01c51d3773fd79a99467d439ccc982d010859c609fd32df3b8323fedfe3c10/attempt-0001/artifact/inverse.npz"",""current_hash_remeasured"":false,""recorded_bytes"":1581,""recorded_sha256"":""3a210def01c55ef33005d361b9e7db5ac6e78ee9f586f3014f95b6f1337c940a""},{""artifact_path"":""/home/ubuntu/dope-benchmark/work-order-b/tabddpm-population-app-v4/attempts/be01c51d3773fd79a99467d439ccc982d010859c609fd32df3b8323fedfe3c10/attempt-0001/artifact/model.json"",""current_hash_remeasured"":false,""recorded_bytes"":559,""recorded_sha256"":""761da16442ac2667563756c2db9c9f93feef2977b895700b2c1c261e3189e844""},{""artifact_path"":""/home/ubuntu/dope-benchmark/work-order-b/tabddpm-population-app-v4/attempts/be01c51d3773fd79a99467d439ccc982d010859c609fd32df3b8323fedfe3c10/attempt-0001/artifact/projection.json"",""current_hash_remeasured"":false,""recorded_bytes"":1715,""recorded_sha256"":""b6b3358bb52f213747d8146275f6eb3b7e92dffbf1ebc6a910102e5e9bcd68dc""},{""artifact_path"":""/home/ubuntu/dope-benchmark/work-order-b/tabddpm-population-app-v4/attempts/be01c51d3773fd79a99467d439ccc982d010859c609fd32df3b8323fedfe3c10/attempt-0001/artifact/weights.npz"",""current_hash_remeasured"":false,""recorded_bytes"":506856,""recorded_sha256"":""7475bfd170dd5578d0840774b5330956dcae03b31f94366846185fddd72e005c""}]",positive_predecessor_fit,"{""bytes"":1134,""path"":""/home/ubuntu/dope-benchmark/work-order-b/tabddpm-population-app-v4/attempts/be01c51d3773fd79a99467d439ccc982d010859c609fd32df3b8323fedfe3c10/attempt-0001/native.json"",""sha256"":""65c29124b32553639ca1498774a300b1a284d2a30f03cd323e7c14a8cfcfd632""}",,,,,,native_objective_is_R2_not_an_error_loss; no_real_common_metric_scalar_body_bound_in_this_index,False
historical_v8_positive_provider_inventory_not_current_complete_TD14_index,262f7d0b897513c586409d0ff61b798ee9218b8daf1baba771fb7704361148fd,0561d673cb73c27e,native_trial_4,"{""batch_size"":4096,""d_layers"":[256,256],""lr"":0.001,""num_timesteps"":1000,""steps"":5000,""weight_decay"":0.0}",11,/home/ubuntu/dope-benchmark/work-order-b/tabddpm-population-app-v4/attempts/262f7d0b897513c586409d0ff61b798ee9218b8daf1baba771fb7704361148fd/attempt-0001/artifact,510943,"[{""artifact_path"":""/home/ubuntu/dope-benchmark/work-order-b/tabddpm-population-app-v4/attempts/262f7d0b897513c586409d0ff61b798ee9218b8daf1baba771fb7704361148fd/attempt-0001/artifact/inverse.npz"",""current_hash_remeasured"":false,""recorded_bytes"":1581,""recorded_sha256"":""3a210def01c55ef33005d361b9e7db5ac6e78ee9f586f3014f95b6f1337c940a""},{""artifact_path"":""/home/ubuntu/dope-benchmark/work-order-b/tabddpm-population-app-v4/attempts/262f7d0b897513c586409d0ff61b798ee9218b8daf1baba771fb7704361148fd/attempt-0001/artifact/model.json"",""current_hash_remeasured"":false,""recorded_bytes"":560,""recorded_sha256"":""dea68fb80f89b1fb34c6ca1603694cffb54eee9547cc3503b989cb06d0809126""},{""artifact_path"":""/home/ubuntu/dope-benchmark/work-order-b/tabddpm-population-app-v4/attempts/262f7d0b897513c586409d0ff61b798ee9218b8daf1baba771fb7704361148fd/attempt-0001/artifact/projection.json"",""current_hash_remeasured"":false,""recorded_bytes"":1715,""recorded_sha256"":""b6b3358bb52f213747d8146275f6eb3b7e92dffbf1ebc6a910102e5e9bcd68dc""},{""artifact_path"":""/home/ubuntu/dope-benchmark/work-order-b/tabddpm-population-app-v4/attempts/262f7d0b897513c586409d0ff61b798ee9218b8daf1baba771fb7704361148fd/attempt-0001/artifact/weights.npz"",""current_hash_remeasured"":false,""recorded_bytes"":507087,""recorded_sha256"":""168ba89c6628f7b2e9d53335259b62fce4a05c9f0e58425691abcb45ff37ee39""}]",positive_predecessor_fit,"{""bytes"":1133,""path"":""/home/ubuntu/dope-benchmark/work-order-b/tabddpm-population-app-v4/attempts/262f7d0b897513c586409d0ff61b798ee9218b8daf1baba771fb7704361148fd/attempt-0001/native.json"",""sha256"":""c7054cff010bdab13f01d0b7511b9a45b554020dbd0d160f7e2e15a70065f187""}",,,,,,native_objective_is_R2_not_an_error_loss; no_real_common_metric_scalar_body_bound_in_this_index,False
historical_v8_positive_provider_inventory_not_current_complete_TD14_index,72be34f448641544ee99ad3bcdf8cdeaab38b8a7801d8708273a74f99b2810d3,060b9fff8092db17,native_trial_1,"{""batch_size"":256,""d_layers"":[256,256],""lr"":0.001,""num_timesteps"":100,""steps"":5000,""weight_decay"":0.0}",11,/home/ubuntu/dope-benchmark/work-order-b/tabddpm-population-app-v4/attempts/72be34f448641544ee99ad3bcdf8cdeaab38b8a7801d8708273a74f99b2810d3/attempt-0001/artifact,537103,"[{""artifact_path"":""/home/ubuntu/dope-benchmark/work-order-b/tabddpm-population-app-v4/attempts/72be34f448641544ee99ad3bcdf8cdeaab38b8a7801d8708273a74f99b2810d3/attempt-0001/artifact/inverse.npz"",""current_hash_remeasured"":false,""recorded_bytes"":4738,""recorded_sha256"":""295b9822076f1d764fad5c7d0eb54ee194c0d0b20d7233379f2e19e08e4bfcea""},{""artifact_path"":""/home/ubuntu/dope-benchmark/work-order-b/tabddpm-population-app-v4/attempts/72be34f448641544ee99ad3bcdf8cdeaab38b8a7801d8708273a74f99b2810d3/attempt-0001/artifact/model.json"",""current_hash_remeasured"":false,""recorded_bytes"":558,""recorded_sha256"":""609ec61be2bc4ed975853a063319633e38d8e85fce3cf31d4e1fe35abee8192b""},{""artifact_path"":""/home/ubuntu/dope-benchmark/work-order-b/tabddpm-population-app-v4/attempts/72be34f448641544ee99ad3bcdf8cdeaab38b8a7801d8708273a74f99b2810d3/attempt-0001/artifact/projection.json"",""current_hash_remeasured"":false,""recorded_bytes"":3744,""recorded_sha256"":""f10c12126f9f0dfac0193a963e4472213d48a2adc81046e828fd82dbd4cc5acd""},{""artifact_path"":""/home/ubuntu/dope-benchmark/work-order-b/tabddpm-population-app-v4/attempts/72be34f448641544ee99ad3bcdf8cdeaab38b8a7801d8708273a74f99b2810d3/attempt-0001/artifact/weights.npz"",""current_hash_remeasured"":false,""recorded_bytes"":528063,""recorded_sha256"":""fde59166fa1e1cf5f4390479b40a35ebfcac92a9d1bde26baf1953497946c01a""}]",positive_predecessor_fit,,,,,,,native_objective_is_R2_not_an_error_loss; no_real_common_metric_scalar_body_bound_in_this_index,False
historical_v8_positive_provider_inventory_not_current_complete_TD14_index,a44f385d5a453fb9a70ca7443f0a08dcfb237e8a1b7886d2d2349a4c7933a837,0d482c1dd7cc6592,default,"{""batch_size"":4096,""d_layers"":[256,256],""lr"":0.001,""num_timesteps"":1000,""steps"":1000,""weight_decay"":1e-05}",11,/home/ubuntu/dope-benchmark/work-order-b/tabddpm-population-v1/prior-artifacts/10446ba1d2ce0eb9bace0ec931fcf1900af922c011601c2a191f5b0b43e32c7a,500946,"[{""artifact_path"":""/home/ubuntu/dope-benchmark/work-order-b/tabddpm-population-v1/prior-artifacts/10446ba1d2ce0eb9bace0ec931fcf1900af922c011601c2a191f5b0b43e32c7a/inverse.npz"",""current_hash_remeasured"":false,""recorded_bytes"":1186,""recorded_sha256"":""f48a04b075c100e30ad6bbba7a2568ac292f1359c603299e292f81a17730bed3""},{""artifact_path"":""/home/ubuntu/dope-benchmark/work-order-b/tabddpm-population-v1/prior-artifacts/10446ba1d2ce0eb9bace0ec931fcf1900af922c011601c2a191f5b0b43e32c7a/model.json"",""current_hash_remeasured"":false,""recorded_bytes"":570,""recorded_sha256"":""435ea425329cb29b8fc4019238f7c15ce086d9dc451509c12979c50134e30524""},{""artifact_path"":""/home/ubuntu/dope-benchmark/work-order-b/tabddpm-population-v1/prior-artifacts/10446ba1d2ce0eb9bace0ec931fcf1900af922c011601c2a191f5b0b43e32c7a/projection.json"",""current_hash_remeasured"":false,""recorded_bytes"":972,""recorded_sha256"":""0017e5b938e3161e5f3459d3c384612d987fa027226affbf560800df298d0662""},{""artifact_path"":""/home/ubuntu/dope-benchmark/work-order-b/tabddpm-population-v1/prior-artifacts/10446ba1d2ce0eb9bace0ec931fcf1900af922c011601c2a191f5b0b43e32c7a/weights.npz"",""current_hash_remeasured"":false,""recorded_bytes"":498218,""recorded_sha256"":""738103f27a4117a6fef41d8ab6fb235344a1115157ba03cf17b306ac1cdc3133""}]",historical_verified_fit,,,,,,,native_objective_is_R2_not_an_error_loss; no_real_common_metric_scalar_body_bound_in_this_index,False
historical_v8_positive_provider_inventory_not_current_complete_TD14_index,2488a8c09aad77febfe025d53bcd08bc779521fbb85aa071665cf351ade20169,26eff843be35d831,native_trial_1,"{""batch_size"":256,""d_layers"":[256,256],""lr"":0.001,""num_timesteps"":100,""steps"":5000,""weight_decay"":0.0}",11,/home/ubuntu/dope-scratch-x3/tabddpm-capacity-continuation-v6/attempts/2488a8c09aad77febfe025d53bcd08bc779521fbb85aa071665cf351ade20169/attempt-0001/artifact,535245,"[{""artifact_path"":""/home/ubuntu/dope-scratch-x3/tabddpm-capacity-continuation-v6/attempts/2488a8c09aad77febfe025d53bcd08bc779521fbb85aa071665cf351ade20169/attempt-0001/artifact/inverse.npz"",""current_hash_remeasured"":false,""recorded_bytes"":2525,""recorded_sha256"":""1853abdbb7d099d354a7a4d9606c40dcc18797488e7d066838b6d0a2095512e7""},{""artifact_path"":""/home/ubuntu/dope-scratch-x3/tabddpm-capacity-continuation-v6/attempts/2488a8c09aad77febfe025d53bcd08bc779521fbb85aa071665cf351ade20169/attempt-0001/artifact/model.json"",""current_hash_remeasured"":false,""recorded_bytes"":558,""recorded_sha256"":""609ec61be2bc4ed975853a063319633e38d8e85fce3cf31d4e1fe35abee8192b""},{""artifact_path"":""/home/ubuntu/dope-scratch-x3/tabddpm-capacity-continuation-v6/attempts/2488a8c09aad77febfe025d53bcd08bc779521fbb85aa071665cf351ade20169/attempt-0001/artifact/projection.json"",""current_hash_remeasured"":false,""recorded_bytes"":3656,""recorded_sha256"":""9997acb6be2766e82b25e2a6248cc7d69ac4786145b0c0d6ef54eecc1e01401b""},{""artifact_path"":""/home/ubuntu/dope-scratch-x3/tabddpm-capacity-continuation-v6/attempts/2488a8c09aad77febfe025d53bcd08bc779521fbb85aa071665cf351ade20169/attempt-0001/artifact/weights.npz"",""current_hash_remeasured"":false,""recorded_bytes"":528506,""recorded_sha256"":""6c71af265753bd0b92ce6b4281c5b38a7b88ca8d23457085edd03be292d0fe5c""}]",verified_v6_complete_inner_fit_zero_copy_positive_provider,,,,,,,native_objective_is_R2_not_an_error_loss; no_real_common_metric_scalar_body_bound_in_this_index,False
historical_v8_positive_provider_inventory_not_current_complete_TD14_index,8ddbf8c69a59d621965db712a35875c15fb9a6df894be128c718c97b2ae7a186,26eff843be35d831,native_trial_2,"{""batch_size"":256,""d_layers"":[256,256],""lr"":0.001,""num_timesteps"":1000,""steps"":5000,""weight_decay"":0.0}",11,/home/ubuntu/dope-scratch-x3/tabddpm-capacity-continuation-v6/attempts/8ddbf8c69a59d621965db712a35875c15fb9a6df894be128c718c97b2ae7a186/attempt-0001/artifact,535338,"[{""artifact_path"":""/home/ubuntu/dope-scratch-x3/tabddpm-capacity-continuation-v6/attempts/8ddbf8c69a59d621965db712a35875c15fb9a6df894be128c718c97b2ae7a186/attempt-0001/artifact/inverse.npz"",""current_hash_remeasured"":false,""recorded_bytes"":2525,""recorded_sha256"":""1853abdbb7d099d354a7a4d9606c40dcc18797488e7d066838b6d0a2095512e7""},{""artifact_path"":""/home/ubuntu/dope-scratch-x3/tabddpm-capacity-continuation-v6/attempts/8ddbf8c69a59d621965db712a35875c15fb9a6df894be128c718c97b2ae7a186/attempt-0001/artifact/model.json"",""current_hash_remeasured"":false,""recorded_bytes"":559,""recorded_sha256"":""f8c87c3482b79daa5d026fe6ecdb1eef06186d577f5698f363b7b31a3507095e""},{""artifact_path"":""/home/ubuntu/dope-scratch-x3/tabddpm-capacity-continuation-v6/attempts/8ddbf8c69a59d621965db712a35875c15fb9a6df894be128c718c97b2ae7a186/attempt-0001/artifact/projection.json"",""current_hash_remeasured"":false,""recorded_bytes"":3656,""recorded_sha256"":""9997acb6be2766e82b25e2a6248cc7d69ac4786145b0c0d6ef54eecc1e01401b""},{""artifact_path"":""/home/ubuntu/dope-scratch-x3/tabddpm-capacity-continuation-v6/attempts/8ddbf8c69a59d621965db712a35875c15fb9a6df894be128c718c97b2ae7a186/attempt-0001/artifact/weights.npz"",""current_hash_remeasured"":false,""recorded_bytes"":528598,""recorded_sha256"":""1d0d1223a345bf71898491d54e6456a382c23d09dea9e7dbaaec48e4dc865a9c""}]",verified_v6_complete_inner_fit_zero_copy_positive_provider,,,,,,,native_objective_is_R2_not_an_error_loss; no_real_common_metric_scalar_body_bound_in_this_index,False
historical_v8_positive_provider_inventory_not_current_complete_TD14_index,817f6f3bb2f5c2af41d0ed0f37bd57d3517fa959c0a9247adac3e558592667ea,26eff843be35d831,native_trial_3,"{""batch_size"":4096,""d_layers"":[256,256],""lr"":0.001,""num_timesteps"":100,""steps"":5000,""weight_decay"":0.0}",11,/home/ubuntu/dope-scratch-x3/tabddpm-capacity-continuation-v6/attempts/817f6f3bb2f5c2af41d0ed0f37bd57d3517fa959c0a9247adac3e558592667ea/attempt-0001/artifact,535575,"[{""artifact_path"":""/home/ubuntu/dope-scratch-x3/tabddpm-capacity-continuation-v6/attempts/817f6f3bb2f5c2af41d0ed0f37bd57d3517fa959c0a9247adac3e558592667ea/attempt-0001/artifact/inverse.npz"",""current_hash_remeasured"":false,""recorded_bytes"":2525,""recorded_sha256"":""1853abdbb7d099d354a7a4d9606c40dcc18797488e7d066838b6d0a2095512e7""},{""artifact_path"":""/home/ubuntu/dope-scratch-x3/tabddpm-capacity-continuation-v6/attempts/817f6f3bb2f5c2af41d0ed0f37bd57d3517fa959c0a9247adac3e558592667ea/attempt-0001/artifact/model.json"",""current_hash_remeasured"":false,""recorded_bytes"":559,""recorded_sha256"":""358520769b010e796c3ef47626039b513b7b6be6a6ef17da2a0120d6646dd50b""},{""artifact_path"":""/home/ubuntu/dope-scratch-x3/tabddpm-capacity-continuation-v6/attempts/817f6f3bb2f5c2af41d0ed0f37bd57d3517fa959c0a9247adac3e558592667ea/attempt-0001/artifact/projection.json"",""current_hash_remeasured"":false,""recorded_bytes"":3656,""recorded_sha256"":""9997acb6be2766e82b25e2a6248cc7d69ac4786145b0c0d6ef54eecc1e01401b""},{""artifact_path"":""/home/ubuntu/dope-scratch-x3/tabddpm-capacity-continuation-v6/attempts/817f6f3bb2f5c2af41d0ed0f37bd57d3517fa959c0a9247adac3e558592667ea/attempt-0001/artifact/weights.npz"",""current_hash_remeasured"":false,""recorded_bytes"":528835,""recorded_sha256"":""2f0f5751f2593f7478e2c320ec0823d8049419a2f1d7c1c3cb19e0bbb6145266""}]",verified_v6_complete_inner_fit_zero_copy_positive_provider,"{""bytes"":1138,""path"":""/home/ubuntu/dope-scratch-x3/tabddpm-capacity-continuation-v6/attempts/817f6f3bb2f5c2af41d0ed0f37bd57d3517fa959c0a9247adac3e558592667ea/attempt-0001/native.json"",""sha256"":""ad9454a276bc47884401cdce48826b0ccfe927fc568678b0af109c90ca498165""}",,,,,,native_objective_is_R2_not_an_error_loss; no_real_common_metric_scalar_body_bound_in_this_index,False
historical_v8_positive_provider_inventory_not_current_complete_TD14_index,712c0711e58d2b980c6b5b5dce29cc3a7bb9b21b6d4b823303eace192974ed5d,26eff843be35d831,native_trial_4,"{""batch_size"":4096,""d_layers"":[256,256],""lr"":0.001,""num_timesteps"":1000,""steps"":5000,""weight_decay"":0.0}",11,/home/ubuntu/dope-scratch-x3/tabddpm-capacity-continuation-v6/attempts/712c0711e58d2b980c6b5b5dce29cc3a7bb9b21b6d4b823303eace192974ed5d/attempt-0001/artifact,535861,"[{""artifact_path"":""/home/ubuntu/dope-scratch-x3/tabddpm-capacity-continuation-v6/attempts/712c0711e58d2b980c6b5b5dce29cc3a7bb9b21b6d4b823303eace192974ed5d/attempt-0001/artifact/inverse.npz"",""current_hash_remeasured"":false,""recorded_bytes"":2525,""recorded_sha256"":""1853abdbb7d099d354a7a4d9606c40dcc18797488e7d066838b6d0a2095512e7""},{""artifact_path"":""/home/ubuntu/dope-scratch-x3/tabddpm-capacity-continuation-v6/attempts/712c0711e58d2b980c6b5b5dce29cc3a7bb9b21b6d4b823303eace192974ed5d/attempt-0001/artifact/model.json"",""current_hash_remeasured"":false,""recorded_bytes"":560,""recorded_sha256"":""1f548646db2cd19891b76b3cbab3b1230fb45f711bc086acb7c9a477d04feabd""},{""artifact_path"":""/home/ubuntu/dope-scratch-x3/tabddpm-capacity-continuation-v6/attempts/712c0711e58d2b980c6b5b5dce29cc3a7bb9b21b6d4b823303eace192974ed5d/attempt-0001/artifact/projection.json"",""current_hash_remeasured"":false,""recorded_bytes"":3656,""recorded_sha256"":""9997acb6be2766e82b25e2a6248cc7d69ac4786145b0c0d6ef54eecc1e01401b""},{""artifact_path"":""/home/ubuntu/dope-scratch-x3/tabddpm-capacity-continuation-v6/attempts/712c0711e58d2b980c6b5b5dce29cc3a7bb9b21b6d4b823303eace192974ed5d/attempt-0001/artifact/weights.npz"",""current_hash_remeasured"":false,""recorded_bytes"":529120,""recorded_sha256"":""895d4b8ec0392128057a9c5e5b44f6a8f50d575219350076eab663707f0e03de""}]",verified_v6_complete_inner_fit_zero_copy_positive_provider,"{""bytes"":1137,""path"":""/home/ubuntu/dope-scratch-x3/tabddpm-capacity-continuation-v6/attempts/712c0711e58d2b980c6b5b5dce29cc3a7bb9b21b6d4b823303eace192974ed5d/attempt-0001/native.json"",""sha256"":""fc85641ff856951b1261267105ba2582c7518cf5490c6348043b0dcf69508d06""}",,,,,,native_objective_is_R2_not_an_error_loss; no_real_common_metric_scalar_body_bound_in_this_index,False
historical_v8_positive_provider_inventory_not_current_complete_TD14_index,e251d6d905a9521bae01fba28654d1e0f4735db42605557cc682c9c1110e97ab,282f8ddb43b5e677,default,"{""batch_size"":4096,""d_layers"":[256,256],""lr"":0.001,""num_timesteps"":1000,""steps"":1000,""weight_decay"":1e-05}",11,/home/ubuntu/dope-scratch-x3/tabddpm-capacity-continuation-v3/attempts/e251d6d905a9521bae01fba28654d1e0f4735db42605557cc682c9c1110e97ab/attempt-0001/artifact,510244,"[{""artifact_path"":""/home/ubuntu/dope-scratch-x3/tabddpm-capacity-continuation-v3/attempts/e251d6d905a9521bae01fba28654d1e0f4735db42605557cc682c9c1110e97ab/attempt-0001/artifact/inverse.npz"",""current_hash_remeasured"":false,""recorded_bytes"":2462,""recorded_sha256"":""7f0ede4e6a961f64d6955a677562cebe8a3ae649aa545c28b9b7ce1cb3c0c614""},{""artifact_path"":""/home/ubuntu/dope-scratch-x3/tabddpm-capacity-continuation-v3/attempts/e251d6d905a9521bae01fba28654d1e0f4735db42605557cc682c9c1110e97ab/attempt-0001/artifact/model.json"",""current_hash_remeasured"":false,""recorded_bytes"":562,""recorded_sha256"":""0783f40b4ba62099f3060725107f60283c4d9976082a7ee491a8a83a4f07ea8b""},{""artifact_path"":""/home/ubuntu/dope-scratch-x3/tabddpm-capacity-continuation-v3/attempts/e251d6d905a9521bae01fba28654d1e0f4735db42605557cc682c9c1110e97ab/attempt-0001/artifact/projection.json"",""current_hash_remeasured"":false,""recorded_bytes"":1708,""recorded_sha256"":""341617c44264aa32b9af7083e72a81581a213ad14f1b871b4bb622c77d27d69c""},{""artifact_path"":""/home/ubuntu/dope-scratch-x3/tabddpm-capacity-continuation-v3/attempts/e251d6d905a9521bae01fba28654d1e0f4735db42605557cc682c9c1110e97ab/attempt-0001/artifact/weights.npz"",""current_hash_remeasured"":false,""recorded_bytes"":505512,""recorded_sha256"":""9174556eb1e34ebd495a81d988278f341afc3968a6d66fe92cc93490df30ca5e""}]",verified_v3_positive_complete_inner_fit_outer_closure_unmeasured_charged_600,,,,,,,native_objective_is_R2_not_an_error_loss; no_real_common_metric_scalar_body_bound_in_this_index,False
historical_v8_positive_provider_inventory_not_current_complete_TD14_index,97e1f1098fdca44fcf83db885f33e2adde635603068ed161b220d6be938bf7cd,297b7688a045c583,default,"{""batch_size"":4096,""d_layers"":[256,256],""lr"":0.001,""num_timesteps"":1000,""steps"":1000,""weight_decay"":1e-05}",11,/home/ubuntu/dope-scratch-x3/tabddpm-capacity-continuation-v6/attempts/97e1f1098fdca44fcf83db885f33e2adde635603068ed161b220d6be938bf7cd/attempt-0001/artifact,574457,"[{""artifact_path"":""/home/ubuntu/dope-scratch-x3/tabddpm-capacity-continuation-v6/attempts/97e1f1098fdca44fcf83db885f33e2adde635603068ed161b220d6be938bf7cd/attempt-0001/artifact/inverse.npz"",""current_hash_remeasured"":false,""recorded_bytes"":3842,""recorded_sha256"":""f423b1ef92219ed69ab9422a98c687c8b4362de17adccf6382c14efc4d0b7836""},{""artifact_path"":""/home/ubuntu/dope-scratch-x3/tabddpm-capacity-continuation-v6/attempts/97e1f1098fdca44fcf83db885f33e2adde635603068ed161b220d6be938bf7cd/attempt-0001/artifact/model.json"",""current_hash_remeasured"":false,""recorded_bytes"":562,""recorded_sha256"":""e0c16b802800349ec47869957c72e9e33b78461e73b3298afb82fcca8769ac0d""},{""artifact_path"":""/home/ubuntu/dope-scratch-x3/tabddpm-capacity-continuation-v6/attempts/97e1f1098fdca44fcf83db885f33e2adde635603068ed161b220d6be938bf7cd/attempt-0001/artifact/projection.json"",""current_hash_remeasured"":false,""recorded_bytes"":7068,""recorded_sha256"":""1e0ec7dfa403ee53af6cd2090a9c5e2238af47a88d5d5a743cc90738860a6e6f""},{""artifact_path"":""/home/ubuntu/dope-scratch-x3/tabddpm-capacity-continuation-v6/attempts/97e1f1098fdca44fcf83db885f33e2adde635603068ed161b220d6be938bf7cd/attempt-0001/artifact/weights.npz"",""current_hash_remeasured"":false,""recorded_bytes"":562985,""recorded_sha256"":""5ce622535fe540555253a0c213a72deee0cb3d624c43be1842e6486b9768d8ee""}]",verified_v6_complete_inner_fit_zero_copy_positive_provider,"{""bytes"":1145,""path"":""/home/ubuntu/dope-scratch-x3/tabddpm-capacity-continuation-v6/attempts/97e1f1098fdca44fcf83db885f33e2adde635603068ed161b220d6be938bf7cd/attempt-0001/native.json"",""sha256"":""735d5dde0edce5908bfd8aa2b3d68306b0313dce4df43b954677b73f6f7c833d""}",,,,,,native_objective_is_R2_not_an_error_loss; no_real_common_metric_scalar_body_bound_in_this_index,False
historical_v8_positive_provider_inventory_not_current_complete_TD14_index,a9b18a47c01dba49b01bab67acf0f63affe2fcc58981894839025bee206caa96,297b7688a045c583,native_trial_1,"{""batch_size"":256,""d_layers"":[256,256],""lr"":0.001,""num_timesteps"":100,""steps"":5000,""weight_decay"":0.0}",11,/home/ubuntu/dope-scratch-x3/tabddpm-capacity-continuation-v6/attempts/a9b18a47c01dba49b01bab67acf0f63affe2fcc58981894839025bee206caa96/attempt-0001/artifact,576086,"[{""artifact_path"":""/home/ubuntu/dope-scratch-x3/tabddpm-capacity-continuation-v6/attempts/a9b18a47c01dba49b01bab67acf0f63affe2fcc58981894839025bee206caa96/attempt-0001/artifact/inverse.npz"",""current_hash_remeasured"":false,""recorded_bytes"":3842,""recorded_sha256"":""f423b1ef92219ed69ab9422a98c687c8b4362de17adccf6382c14efc4d0b7836""},{""artifact_path"":""/home/ubuntu/dope-scratch-x3/tabddpm-capacity-continuation-v6/attempts/a9b18a47c01dba49b01bab67acf0f63affe2fcc58981894839025bee206caa96/attempt-0001/artifact/model.json"",""current_hash_remeasured"":false,""recorded_bytes"":558,""recorded_sha256"":""c47067085824f5443870d4529b584d0872872ccfb2bec34f091c7aa3fc1fa605""},{""artifact_path"":""/home/ubuntu/dope-scratch-x3/tabddpm-capacity-continuation-v6/attempts/a9b18a47c01dba49b01bab67acf0f63affe2fcc58981894839025bee206caa96/attempt-0001/artifact/projection.json"",""current_hash_remeasured"":false,""recorded_bytes"":7068,""recorded_sha256"":""1e0ec7dfa403ee53af6cd2090a9c5e2238af47a88d5d5a743cc90738860a6e6f""},{""artifact_path"":""/home/ubuntu/dope-scratch-x3/tabddpm-capacity-continuation-v6/attempts/a9b18a47c01dba49b01bab67acf0f63affe2fcc58981894839025bee206caa96/attempt-0001/artifact/weights.npz"",""current_hash_remeasured"":false,""recorded_bytes"":564618,""recorded_sha256"":""73981f16a23ad97232df654020d09bf7d1db8fd80c38417be232e6a67eebb301""}]",verified_v6_complete_inner_fit_zero_copy_positive_provider,"{""bytes"":1140,""path"":""/home/ubuntu/dope-scratch-x3/tabddpm-capacity-continuation-v6/attempts/a9b18a47c01dba49b01bab67acf0f63affe2fcc58981894839025bee206caa96/attempt-0001/native.json"",""sha256"":""9a174a38fc0025d0ba4a13d72b28809ce0e3e01126b309370af761cf51542287""}",,,,,,native_objective_is_R2_not_an_error_loss; no_real_common_metric_scalar_body_bound_in_this_index,False
historical_v8_positive_provider_inventory_not_current_complete_TD14_index,d4421085944007b8ce09a0bbed46409b48cb0cbe7184efcfd7d7f8585a826591,297b7688a045c583,native_trial_3,"{""batch_size"":4096,""d_layers"":[256,256],""lr"":0.001,""num_timesteps"":100,""steps"":5000,""weight_decay"":0.0}",11,/home/ubuntu/dope-scratch-x3/tabddpm-capacity-continuation-v6/attempts/d4421085944007b8ce09a0bbed46409b48cb0cbe7184efcfd7d7f8585a826591/attempt-0001/artifact,576087,"[{""artifact_path"":""/home/ubuntu/dope-scratch-x3/tabddpm-capacity-continuation-v6/attempts/d4421085944007b8ce09a0bbed46409b48cb0cbe7184efcfd7d7f8585a826591/attempt-0001/artifact/inverse.npz"",""current_hash_remeasured"":false,""recorded_bytes"":3842,""recorded_sha256"":""f423b1ef92219ed69ab9422a98c687c8b4362de17adccf6382c14efc4d0b7836""},{""artifact_path"":""/home/ubuntu/dope-scratch-x3/tabddpm-capacity-continuation-v6/attempts/d4421085944007b8ce09a0bbed46409b48cb0cbe7184efcfd7d7f8585a826591/attempt-0001/artifact/model.json"",""current_hash_remeasured"":false,""recorded_bytes"":559,""recorded_sha256"":""cc16675871d5c8472858a9eda7c34c2400d162b0e528532fb6a18042384933ea""},{""artifact_path"":""/home/ubuntu/dope-scratch-x3/tabddpm-capacity-continuation-v6/attempts/d4421085944007b8ce09a0bbed46409b48cb0cbe7184efcfd7d7f8585a826591/attempt-0001/artifact/projection.json"",""current_hash_remeasured"":false,""recorded_bytes"":7068,""recorded_sha256"":""1e0ec7dfa403ee53af6cd2090a9c5e2238af47a88d5d5a743cc90738860a6e6f""},{""artifact_path"":""/home/ubuntu/dope-scratch-x3/tabddpm-capacity-continuation-v6/attempts/d4421085944007b8ce09a0bbed46409b48cb0cbe7184efcfd7d7f8585a826591/attempt-0001/artifact/weights.npz"",""current_hash_remeasured"":false,""recorded_bytes"":564618,""recorded_sha256"":""73981f16a23ad97232df654020d09bf7d1db8fd80c38417be232e6a67eebb301""}]",verified_v6_complete_inner_fit_zero_copy_positive_provider,,,,,,,native_objective_is_R2_not_an_error_loss; no_real_common_metric_scalar_body_bound_in_this_index,False
historical_v8_positive_provider_inventory_not_current_complete_TD14_index,72d190e2f0fee3ffa16d98ad396481c96c486d0060579e42f949cddb5fdcc9a9,2c8d0985f3557d2b,default,"{""batch_size"":4096,""d_layers"":[256,256],""lr"":0.001,""num_timesteps"":1000,""steps"":1000,""weight_decay"":1e-05}",11,/home/ubuntu/dope-scratch-x3/tabddpm-capacity-continuation-v6/attempts/72d190e2f0fee3ffa16d98ad396481c96c486d0060579e42f949cddb5fdcc9a9/attempt-0001/artifact,496731,"[{""artifact_path"":""/home/ubuntu/dope-scratch-x3/tabddpm-capacity-continuation-v6/attempts/72d190e2f0fee3ffa16d98ad396481c96c486d0060579e42f949cddb5fdcc9a9/attempt-0001/artifact/inverse.npz"",""current_hash_remeasured"":false,""recorded_bytes"":1370,""recorded_sha256"":""91033565da42c678162ea04ca08d40473514402d8b22833e84b2288002d57acb""},{""artifact_path"":""/home/ubuntu/dope-scratch-x3/tabddpm-capacity-continuation-v6/attempts/72d190e2f0fee3ffa16d98ad396481c96c486d0060579e42f949cddb5fdcc9a9/attempt-0001/artifact/model.json"",""current_hash_remeasured"":false,""recorded_bytes"":561,""recorded_sha256"":""45075eeae9c2b4ba730895a226b063ed637408b9105e64c3fd422ed93af4fbb8""},{""artifact_path"":""/home/ubuntu/dope-scratch-x3/tabddpm-capacity-continuation-v6/attempts/72d190e2f0fee3ffa16d98ad396481c96c486d0060579e42f949cddb5fdcc9a9/attempt-0001/artifact/projection.json"",""current_hash_remeasured"":false,""recorded_bytes"":626,""recorded_sha256"":""08336bd2355db736c36f021477f31fdb42d22d7dd4ec874e48a314e0e2b13cc1""},{""artifact_path"":""/home/ubuntu/dope-scratch-x3/tabddpm-capacity-continuation-v6/attempts/72d190e2f0fee3ffa16d98ad396481c96c486d0060579e42f949cddb5fdcc9a9/attempt-0001/artifact/weights.npz"",""current_hash_remeasured"":false,""recorded_bytes"":494174,""recorded_sha256"":""b089d0abad57238f79ceb91130609ca126051a89fc2dbab5d92cbf342aaf6d03""}]",verified_v6_complete_inner_fit_zero_copy_positive_provider,"{""bytes"":1134,""path"":""/home/ubuntu/dope-scratch-x3/tabddpm-capacity-continuation-v6/attempts/72d190e2f0fee3ffa16d98ad396481c96c486d0060579e42f949cddb5fdcc9a9/attempt-0001/native.json"",""sha256"":""beb7bb5eb1f25d8d1ee25d1b9f4ca81cef5121f417b7b33617b4a4d24222a32b""}",,,,,,native_objective_is_R2_not_an_error_loss; no_real_common_metric_scalar_body_bound_in_this_index,False
historical_v8_positive_provider_inventory_not_current_complete_TD14_index,c23b4cef3c8f9d6b965672e27575045049812d527c7096d3bc1601316c5cfb8a,2c8d0985f3557d2b,native_trial_2,"{""batch_size"":256,""d_layers"":[256,256],""lr"":0.001,""num_timesteps"":1000,""steps"":5000,""weight_decay"":0.0}",11,/home/ubuntu/dope-scratch-x3/tabddpm-capacity-continuation-v6/attempts/c23b4cef3c8f9d6b965672e27575045049812d527c7096d3bc1601316c5cfb8a/attempt-0001/artifact,497401,"[{""artifact_path"":""/home/ubuntu/dope-scratch-x3/tabddpm-capacity-continuation-v6/attempts/c23b4cef3c8f9d6b965672e27575045049812d527c7096d3bc1601316c5cfb8a/attempt-0001/artifact/inverse.npz"",""current_hash_remeasured"":false,""recorded_bytes"":1370,""recorded_sha256"":""91033565da42c678162ea04ca08d40473514402d8b22833e84b2288002d57acb""},{""artifact_path"":""/home/ubuntu/dope-scratch-x3/tabddpm-capacity-continuation-v6/attempts/c23b4cef3c8f9d6b965672e27575045049812d527c7096d3bc1601316c5cfb8a/attempt-0001/artifact/model.json"",""current_hash_remeasured"":false,""recorded_bytes"":558,""recorded_sha256"":""31465386d86fd6e50180e0ce9727448dec1072243ad83c7b501c0195ce6918ee""},{""artifact_path"":""/home/ubuntu/dope-scratch-x3/tabddpm-capacity-continuation-v6/attempts/c23b4cef3c8f9d6b965672e27575045049812d527c7096d3bc1601316c5cfb8a/attempt-0001/artifact/projection.json"",""current_hash_remeasured"":false,""recorded_bytes"":626,""recorded_sha256"":""08336bd2355db736c36f021477f31fdb42d22d7dd4ec874e48a314e0e2b13cc1""},{""artifact_path"":""/home/ubuntu/dope-scratch-x3/tabddpm-capacity-continuation-v6/attempts/c23b4cef3c8f9d6b965672e27575045049812d527c7096d3bc1601316c5cfb8a/attempt-0001/artifact/weights.npz"",""current_hash_remeasured"":false,""recorded_bytes"":494847,""recorded_sha256"":""3aad53c3a2a3b998f43ad2f961fed8bad050528d5b6f441f01fb1caa6f2ddba1""}]",verified_v6_complete_inner_fit_zero_copy_positive_provider,,,,,,,native_objective_is_R2_not_an_error_loss; no_real_common_metric_scalar_body_bound_in_this_index,False
historical_v8_positive_provider_inventory_not_current_complete_TD14_index,4f60d88f40a4292f19f5b4ac565754bb05bdf3a3a33ef2b94f1dac64a7489843,2c8d0985f3557d2b,native_trial_4,"{""batch_size"":4096,""d_layers"":[256,256],""lr"":0.001,""num_timesteps"":1000,""steps"":5000,""weight_decay"":0.0}",11,/home/ubuntu/dope-scratch-x3/tabddpm-capacity-continuation-v6/attempts/4f60d88f40a4292f19f5b4ac565754bb05bdf3a3a33ef2b94f1dac64a7489843/attempt-0001/artifact,497645,"[{""artifact_path"":""/home/ubuntu/dope-scratch-x3/tabddpm-capacity-continuation-v6/attempts/4f60d88f40a4292f19f5b4ac565754bb05bdf3a3a33ef2b94f1dac64a7489843/attempt-0001/artifact/inverse.npz"",""current_hash_remeasured"":false,""recorded_bytes"":1370,""recorded_sha256"":""91033565da42c678162ea04ca08d40473514402d8b22833e84b2288002d57acb""},{""artifact_path"":""/home/ubuntu/dope-scratch-x3/tabddpm-capacity-continuation-v6/attempts/4f60d88f40a4292f19f5b4ac565754bb05bdf3a3a33ef2b94f1dac64a7489843/attempt-0001/artifact/model.json"",""current_hash_remeasured"":false,""recorded_bytes"":559,""recorded_sha256"":""618805c959066b6ac4fc0b3c95314c232d537682f81cb94fa732b8693f2b7d4e""},{""artifact_path"":""/home/ubuntu/dope-scratch-x3/tabddpm-capacity-continuation-v6/attempts/4f60d88f40a4292f19f5b4ac565754bb05bdf3a3a33ef2b94f1dac64a7489843/attempt-0001/artifact/projection.json"",""current_hash_remeasured"":false,""recorded_bytes"":626,""recorded_sha256"":""08336bd2355db736c36f021477f31fdb42d22d7dd4ec874e48a314e0e2b13cc1""},{""artifact_path"":""/home/ubuntu/dope-scratch-x3/tabddpm-capacity-continuation-v6/attempts/4f60d88f40a4292f19f5b4ac565754bb05bdf3a3a33ef2b94f1dac64a7489843/attempt-0001/artifact/weights.npz"",""current_hash_remeasured"":false,""recorded_bytes"":495090,""recorded_sha256"":""64a64daa99df5b2b25c137e5b78231e7f5376805dbe0a206e7655517b14acaeb""}]",verified_v6_complete_inner_fit_zero_copy_positive_provider,"{""bytes"":1134,""path"":""/home/ubuntu/dope-scratch-x3/tabddpm-capacity-continuation-v7/attempts/4f60d88f40a4292f19f5b4ac565754bb05bdf3a3a33ef2b94f1dac64a7489843/attempt-0002/native.json"",""sha256"":""bfe2ea71df035d8f94f52e2ef9c0da37f490989501cca195fee5a03a2ed6a0a2""}","{""container_sha256"":""aaefb2d7caca66973c8427a95a4045381106debb5261d1111a17cf367c60e655"",""direction"":""maximize"",""exact_retained_body_digest_reconstructed"":true,""name"":""author_five_synthetic_seed_validation_catboost_r2_mean"",""receipt"":{""bytes"":1134,""path"":""/home/ubuntu/dope-scratch-x3/tabddpm-capacity-continuation-v7/attempts/4f60d88f40a4292f19f5b4ac565754bb05bdf3a3a33ef2b94f1dac64a7489843/attempt-0002/native.json"",""sha256"":""bfe2ea71df035d8f94f52e2ef9c0da37f490989501cca195fee5a03a2ed6a0a2""},""value"":0.9992621252936018}",,,,,native_objective_is_R2_not_an_error_loss; no_real_common_metric_scalar_body_bound_in_this_index,False
historical_v8_positive_provider_inventory_not_current_complete_TD14_index,5e2960647cbffc048a497b2d9217146bca749a1cd00350b8884fa9a08710734e,30ca2887550f0d8d,default,"{""batch_size"":4096,""d_layers"":[256,256],""lr"":0.001,""num_timesteps"":1000,""steps"":1000,""weight_decay"":1e-05}",11,/home/ubuntu/dope-scratch-x3/tabddpm-capacity-continuation-v7/attempts/5e2960647cbffc048a497b2d9217146bca749a1cd00350b8884fa9a08710734e/attempt-0001/artifact,536151,"[{""artifact_path"":""/home/ubuntu/dope-scratch-x3/tabddpm-capacity-continuation-v7/attempts/5e2960647cbffc048a497b2d9217146bca749a1cd00350b8884fa9a08710734e/attempt-0001/artifact/inverse.npz"",""current_hash_remeasured"":false,""recorded_bytes"":2426,""recorded_sha256"":""49afbd94db2f0505653096d9390661a8ba166eda8de4215729314ba005203f6e""},{""artifact_path"":""/home/ubuntu/dope-scratch-x3/tabddpm-capacity-continuation-v7/attempts/5e2960647cbffc048a497b2d9217146bca749a1cd00350b8884fa9a08710734e/attempt-0001/artifact/model.json"",""current_hash_remeasured"":false,""recorded_bytes"":562,""recorded_sha256"":""7d99c67f4999de85c5cad84732472e1bf49f089a8e93e8e85e6c6b40d008d3d2""},{""artifact_path"":""/home/ubuntu/dope-scratch-x3/tabddpm-capacity-continuation-v7/attempts/5e2960647cbffc048a497b2d9217146bca749a1cd00350b8884fa9a08710734e/attempt-0001/artifact/projection.json"",""current_hash_remeasured"":false,""recorded_bytes"":3762,""recorded_sha256"":""ab5656095a71338ede23cd660cb37c1174a86166437bf6b5b8b3983cea0531b8""},{""artifact_path"":""/home/ubuntu/dope-scratch-x3/tabddpm-capacity-continuation-v7/attempts/5e2960647cbffc048a497b2d9217146bca749a1cd00350b8884fa9a08710734e/attempt-0001/artifact/weights.npz"",""current_hash_remeasured"":false,""recorded_bytes"":529401,""recorded_sha256"":""c8c2cc08be0d493fa6232459cc8f8f53d3e53823711aa61c9c274d596e49f48b""}]",verified_v7_complete_inner_fit_zero_copy_positive_provider,,,,,,,native_objective_is_R2_not_an_error_loss; no_real_common_metric_scalar_body_bound_in_this_index,False
historical_v8_positive_provider_inventory_not_current_complete_TD14_index,5fa17048b7615b811d629a2d784ea9feb52d3b15e5dff39b6f1ab7dd3fb7ea21,30ca2887550f0d8d,native_trial_2,"{""batch_size"":256,""d_layers"":[256,256],""lr"":0.001,""num_timesteps"":1000,""steps"":5000,""weight_decay"":0.0}",11,/home/ubuntu/dope-scratch-x3/tabddpm-capacity-continuation-v7/attempts/5fa17048b7615b811d629a2d784ea9feb52d3b15e5dff39b6f1ab7dd3fb7ea21/attempt-0001/artifact,537594,"[{""artifact_path"":""/home/ubuntu/dope-scratch-x3/tabddpm-capacity-continuation-v7/attempts/5fa17048b7615b811d629a2d784ea9feb52d3b15e5dff39b6f1ab7dd3fb7ea21/attempt-0001/artifact/inverse.npz"",""current_hash_remeasured"":false,""recorded_bytes"":2426,""recorded_sha256"":""49afbd94db2f0505653096d9390661a8ba166eda8de4215729314ba005203f6e""},{""artifact_path"":""/home/ubuntu/dope-scratch-x3/tabddpm-capacity-continuation-v7/attempts/5fa17048b7615b811d629a2d784ea9feb52d3b15e5dff39b6f1ab7dd3fb7ea21/attempt-0001/artifact/model.json"",""current_hash_remeasured"":false,""recorded_bytes"":559,""recorded_sha256"":""511e2f068e7a7e7cdf0c25105a4741f61db6268b47d8538e9337391cec59621f""},{""artifact_path"":""/home/ubuntu/dope-scratch-x3/tabddpm-capacity-continuation-v7/attempts/5fa17048b7615b811d629a2d784ea9feb52d3b15e5dff39b6f1ab7dd3fb7ea21/attempt-0001/artifact/projection.json"",""current_hash_remeasured"":false,""recorded_bytes"":3762,""recorded_sha256"":""ab5656095a71338ede23cd660cb37c1174a86166437bf6b5b8b3983cea0531b8""},{""artifact_path"":""/home/ubuntu/dope-scratch-x3/tabddpm-capacity-continuation-v7/attempts/5fa17048b7615b811d629a2d784ea9feb52d3b15e5dff39b6f1ab7dd3fb7ea21/attempt-0001/artifact/weights.npz"",""current_hash_remeasured"":false,""recorded_bytes"":530847,""recorded_sha256"":""e3b772587ccceed48efc2b6d05da6752d7410a07177747ce83cebdbfe5051671""}]",verified_v7_complete_inner_fit_zero_copy_positive_provider,"{""bytes"":1134,""path"":""/home/ubuntu/dope-scratch-x3/tabddpm-capacity-continuation-v7/attempts/5fa17048b7615b811d629a2d784ea9feb52d3b15e5dff39b6f1ab7dd3fb7ea21/attempt-0001/native.json"",""sha256"":""4e941af8692f037ec1198a4cbeb71f052f76e8b6fdfef7f3447c0c3d137d200f""}","{""container_sha256"":""aaefb2d7caca66973c8427a95a4045381106debb5261d1111a17cf367c60e655"",""direction"":""maximize"",""exact_retained_body_digest_reconstructed"":true,""name"":""author_five_synthetic_seed_validation_catboost_r2_mean"",""receipt"":{""bytes"":1134,""path"":""/home/ubuntu/dope-scratch-x3/tabddpm-capacity-continuation-v7/attempts/5fa17048b7615b811d629a2d784ea9feb52d3b15e5dff39b6f1ab7dd3fb7ea21/attempt-0001/native.json"",""sha256"":""4e941af8692f037ec1198a4cbeb71f052f76e8b6fdfef7f3447c0c3d137d200f""},""value"":0.6151780316471424}",,,,,native_objective_is_R2_not_an_error_loss; no_real_common_metric_scalar_body_bound_in_this_index,False
historical_v8_positive_provider_inventory_not_current_complete_TD14_index,cf8d12ba686819fe6603e9331517500ca9def94bff40fa67151576c5eac2d99b,30ca2887550f0d8d,native_trial_3,"{""batch_size"":4096,""d_layers"":[256,256],""lr"":0.001,""num_timesteps"":100,""steps"":5000,""weight_decay"":0.0}",11,/home/ubuntu/dope-scratch-x3/tabddpm-capacity-continuation-v7/attempts/cf8d12ba686819fe6603e9331517500ca9def94bff40fa67151576c5eac2d99b/attempt-0001/artifact,537435,"[{""artifact_path"":""/home/ubuntu/dope-scratch-x3/tabddpm-capacity-continuation-v7/attempts/cf8d12ba686819fe6603e9331517500ca9def94bff40fa67151576c5eac2d99b/attempt-0001/artifact/inverse.npz"",""current_hash_remeasured"":false,""recorded_bytes"":2426,""recorded_sha256"":""49afbd94db2f0505653096d9390661a8ba166eda8de4215729314ba005203f6e""},{""artifact_path"":""/home/ubuntu/dope-scratch-x3/tabddpm-capacity-continuation-v7/attempts/cf8d12ba686819fe6603e9331517500ca9def94bff40fa67151576c5eac2d99b/attempt-0001/artifact/model.json"",""current_hash_remeasured"":false,""recorded_bytes"":559,""recorded_sha256"":""d010d4a5d9a7e9ffc28aafada3e96b4213a474645ad8481b3238f56214ea5bbe""},{""artifact_path"":""/home/ubuntu/dope-scratch-x3/tabddpm-capacity-continuation-v7/attempts/cf8d12ba686819fe6603e9331517500ca9def94bff40fa67151576c5eac2d99b/attempt-0001/artifact/projection.json"",""current_hash_remeasured"":false,""recorded_bytes"":3762,""recorded_sha256"":""ab5656095a71338ede23cd660cb37c1174a86166437bf6b5b8b3983cea0531b8""},{""artifact_path"":""/home/ubuntu/dope-scratch-x3/tabddpm-capacity-continuation-v7/attempts/cf8d12ba686819fe6603e9331517500ca9def94bff40fa67151576c5eac2d99b/attempt-0001/artifact/weights.npz"",""current_hash_remeasured"":false,""recorded_bytes"":530688,""recorded_sha256"":""a2d3553960814339b8928269ef439b103a8374d2d6cdce4241283bfa04636fa1""}]",verified_v7_complete_inner_fit_zero_copy_positive_provider,"{""bytes"":1133,""path"":""/home/ubuntu/dope-scratch-x3/tabddpm-capacity-continuation-v7/attempts/cf8d12ba686819fe6603e9331517500ca9def94bff40fa67151576c5eac2d99b/attempt-0001/native.json"",""sha256"":""c28394b4060fee19d1a046de1aaa011fa3a64bfdf4379ec0c87e064078c048cd""}","{""container_sha256"":""aaefb2d7caca66973c8427a95a4045381106debb5261d1111a17cf367c60e655"",""direction"":""maximize"",""exact_retained_body_digest_reconstructed"":true,""name"":""author_five_synthetic_seed_validation_catboost_r2_mean"",""receipt"":{""bytes"":1133,""path"":""/home/ubuntu/dope-scratch-x3/tabddpm-capacity-continuation-v7/attempts/cf8d12ba686819fe6603e9331517500ca9def94bff40fa67151576c5eac2d99b/attempt-0001/native.json"",""sha256"":""c28394b4060fee19d1a046de1aaa011fa3a64bfdf4379ec0c87e064078c048cd""},""value"":0.7734983706828127}",,,,,native_objective_is_R2_not_an_error_loss; no_real_common_metric_scalar_body_bound_in_this_index,False
historical_v8_positive_provider_inventory_not_current_complete_TD14_index,c4a1669a291849b2fe9c0c59f8faa4d8beb9b1f78dbff77fc4f6a1c0da13c86e,3408a6a513c627a3,default,"{""batch_size"":4096,""d_layers"":[256,256],""lr"":0.001,""num_timesteps"":1000,""steps"":1000,""weight_decay"":1e-05}",11,/home/ubuntu/dope-scratch-x3/tabddpm-capacity-continuation-v7/attempts/c4a1669a291849b2fe9c0c59f8faa4d8beb9b1f78dbff77fc4f6a1c0da13c86e/attempt-0001/artifact,496256,"[{""artifact_path"":""/home/ubuntu/dope-scratch-x3/tabddpm-capacity-continuation-v7/attempts/c4a1669a291849b2fe9c0c59f8faa4d8beb9b1f78dbff77fc4f6a1c0da13c86e/attempt-0001/artifact/inverse.npz"",""current_hash_remeasured"":false,""recorded_bytes"":872,""recorded_sha256"":""79b09aa787a1092f88612157af16fa0f09e8886003e1b2c3f2df6fb825484c22""},{""artifact_path"":""/home/ubuntu/dope-scratch-x3/tabddpm-capacity-continuation-v7/attempts/c4a1669a291849b2fe9c0c59f8faa4d8beb9b1f78dbff77fc4f6a1c0da13c86e/attempt-0001/artifact/model.json"",""current_hash_remeasured"":false,""recorded_bytes"":561,""recorded_sha256"":""45075eeae9c2b4ba730895a226b063ed637408b9105e64c3fd422ed93af4fbb8""},{""artifact_path"":""/home/ubuntu/dope-scratch-x3/tabddpm-capacity-continuation-v7/attempts/c4a1669a291849b2fe9c0c59f8faa4d8beb9b1f78dbff77fc4f6a1c0da13c86e/attempt-0001/artifact/projection.json"",""current_hash_remeasured"":false,""recorded_bytes"":610,""recorded_sha256"":""2264b2c566c138ca6d0fb1a3d188efc0605cfc0644624b0c3132759d98cb2630""},{""artifact_path"":""/home/ubuntu/dope-scratch-x3/tabddpm-capacity-continuation-v7/attempts/c4a1669a291849b2fe9c0c59f8faa4d8beb9b1f78dbff77fc4f6a1c0da13c86e/attempt-0001/artifact/weights.npz"",""current_hash_remeasured"":false,""recorded_bytes"":494213,""recorded_sha256"":""1428b21e5f2745af0a5d3481cae1be746128b9b48affdd27130ea41624808a6c""}]",verified_v7_complete_inner_fit_zero_copy_positive_provider,"{""bytes"":1135,""path"":""/home/ubuntu/dope-scratch-x3/tabddpm-capacity-continuation-v7/attempts/c4a1669a291849b2fe9c0c59f8faa4d8beb9b1f78dbff77fc4f6a1c0da13c86e/attempt-0001/native.json"",""sha256"":""d96f44a495f4d8be4503c988d42e5843bcc578a75e3365db636f4fffcbf807dc""}","{""container_sha256"":""aaefb2d7caca66973c8427a95a4045381106debb5261d1111a17cf367c60e655"",""direction"":""maximize"",""exact_retained_body_digest_reconstructed"":true,""name"":""author_five_synthetic_seed_validation_catboost_r2_mean"",""receipt"":{""bytes"":1135,""path"":""/home/ubuntu/dope-scratch-x3/tabddpm-capacity-continuation-v7/attempts/c4a1669a291849b2fe9c0c59f8faa4d8beb9b1f78dbff77fc4f6a1c0da13c86e/attempt-0001/native.json"",""sha256"":""d96f44a495f4d8be4503c988d42e5843bcc578a75e3365db636f4fffcbf807dc""},""value"":0.9457937759340534}",,,,,native_objective_is_R2_not_an_error_loss; no_real_common_metric_scalar_body_bound_in_this_index,False
historical_v8_positive_provider_inventory_not_current_complete_TD14_index,a0ee7ec61d0aba2fa4ce8dd7dea5a2677966163b3c6f59e1be8a6de5d45556f4,3408a6a513c627a3,native_trial_2,"{""batch_size"":256,""d_layers"":[256,256],""lr"":0.001,""num_timesteps"":1000,""steps"":5000,""weight_decay"":0.0}",11,/home/ubuntu/dope-scratch-x3/tabddpm-capacity-continuation-v7/attempts/a0ee7ec61d0aba2fa4ce8dd7dea5a2677966163b3c6f59e1be8a6de5d45556f4/attempt-0001/artifact,497026,"[{""artifact_path"":""/home/ubuntu/dope-scratch-x3/tabddpm-capacity-continuation-v7/attempts/a0ee7ec61d0aba2fa4ce8dd7dea5a2677966163b3c6f59e1be8a6de5d45556f4/attempt-0001/artifact/inverse.npz"",""current_hash_remeasured"":false,""recorded_bytes"":872,""recorded_sha256"":""79b09aa787a1092f88612157af16fa0f09e8886003e1b2c3f2df6fb825484c22""},{""artifact_path"":""/home/ubuntu/dope-scratch-x3/tabddpm-capacity-continuation-v7/attempts/a0ee7ec61d0aba2fa4ce8dd7dea5a2677966163b3c6f59e1be8a6de5d45556f4/attempt-0001/artifact/model.json"",""current_hash_remeasured"":false,""recorded_bytes"":558,""recorded_sha256"":""31465386d86fd6e50180e0ce9727448dec1072243ad83c7b501c0195ce6918ee""},{""artifact_path"":""/home/ubuntu/dope-scratch-x3/tabddpm-capacity-continuation-v7/attempts/a0ee7ec61d0aba2fa4ce8dd7dea5a2677966163b3c6f59e1be8a6de5d45556f4/attempt-0001/artifact/projection.json"",""current_hash_remeasured"":false,""recorded_bytes"":610,""recorded_sha256"":""2264b2c566c138ca6d0fb1a3d188efc0605cfc0644624b0c3132759d98cb2630""},{""artifact_path"":""/home/ubuntu/dope-scratch-x3/tabddpm-capacity-continuation-v7/attempts/a0ee7ec61d0aba2fa4ce8dd7dea5a2677966163b3c6f59e1be8a6de5d45556f4/attempt-0001/artifact/weights.npz"",""current_hash_remeasured"":false,""recorded_bytes"":494986,""recorded_sha256"":""bbd5125564e969203c45861fc78b1409de079469fe33c3c57c24e18cb7dfd702""}]",verified_v7_complete_inner_fit_zero_copy_positive_provider,,,,,,,native_objective_is_R2_not_an_error_loss; no_real_common_metric_scalar_body_bound_in_this_index,False
historical_v8_positive_provider_inventory_not_current_complete_TD14_index,7fc8dc8a96410faa15e418105be83e07beb6b387a9da977769bfb9c2cc33f488,46c5a59e5ae42037,default,"{""batch_size"":4096,""d_layers"":[256,256],""lr"":0.001,""num_timesteps"":1000,""steps"":1000,""weight_decay"":1e-05}",11,/home/ubuntu/dope-benchmark/work-order-b/tabddpm-population-v1/prior-artifacts/92819811e1310f4a36c73f9e89446114ee454446b28c0290570bef4904892d30,509205,"[{""artifact_path"":""/home/ubuntu/dope-benchmark/work-order-b/tabddpm-population-v1/prior-artifacts/92819811e1310f4a36c73f9e89446114ee454446b28c0290570bef4904892d30/inverse.npz"",""current_hash_remeasured"":false,""recorded_bytes"":2251,""recorded_sha256"":""d952350704c0c75523d77dde8a570708c6259d16cdcc54d8aefbad6b622b33f4""},{""artifact_path"":""/home/ubuntu/dope-benchmark/work-order-b/tabddpm-population-v1/prior-artifacts/92819811e1310f4a36c73f9e89446114ee454446b28c0290570bef4904892d30/model.json"",""current_hash_remeasured"":false,""recorded_bytes"":591,""recorded_sha256"":""6d4997701533ddd88098d17ab66bc4d2f7bc90a955a36063c29c837a2d79e2bb""},{""artifact_path"":""/home/ubuntu/dope-benchmark/work-order-b/tabddpm-population-v1/prior-artifacts/92819811e1310f4a36c73f9e89446114ee454446b28c0290570bef4904892d30/projection.json"",""current_hash_remeasured"":false,""recorded_bytes"":1521,""recorded_sha256"":""9efcfd45c01f6753165f6d2e00abf55c763138056a1f1aef82180f9a4d0c7bec""},{""artifact_path"":""/home/ubuntu/dope-benchmark/work-order-b/tabddpm-population-v1/prior-artifacts/92819811e1310f4a36c73f9e89446114ee454446b28c0290570bef4904892d30/weights.npz"",""current_hash_remeasured"":false,""recorded_bytes"":504842,""recorded_sha256"":""9dccbbb8bb681e48ca2e8fce2a3ed3ea5d508839899a11de9e82177f5f9535a5""}]",historical_verified_fit,,,,,,,native_objective_is_R2_not_an_error_loss; no_real_common_metric_scalar_body_bound_in_this_index,False
historical_v8_positive_provider_inventory_not_current_complete_TD14_index,8e739d36df1d59e07dc9c9cec9d40f2203451a9869a830b7a2a50b941c0ec79e,46c5a59e5ae42037,native_trial_1,"{""batch_size"":256,""d_layers"":[256,256],""lr"":0.001,""num_timesteps"":100,""steps"":5000,""weight_decay"":0.0}",11,/home/ubuntu/dope-benchmark/work-order-b/tabddpm-population-v1/prior-artifacts/7ab6ffce6e9752d8156c02c0037d2c9f15de963e7734cbf0e8e166f22bc5e971,510173,"[{""artifact_path"":""/home/ubuntu/dope-benchmark/work-order-b/tabddpm-population-v1/prior-artifacts/7ab6ffce6e9752d8156c02c0037d2c9f15de963e7734cbf0e8e166f22bc5e971/inverse.npz"",""current_hash_remeasured"":false,""recorded_bytes"":2251,""recorded_sha256"":""d952350704c0c75523d77dde8a570708c6259d16cdcc54d8aefbad6b622b33f4""},{""artifact_path"":""/home/ubuntu/dope-benchmark/work-order-b/tabddpm-population-v1/prior-artifacts/7ab6ffce6e9752d8156c02c0037d2c9f15de963e7734cbf0e8e166f22bc5e971/model.json"",""current_hash_remeasured"":false,""recorded_bytes"":587,""recorded_sha256"":""2d1fe47ae6a89307c9803c8a5c25c5ff89f90f3a56f7af2a28e909bbe7ba0a86""},{""artifact_path"":""/home/ubuntu/dope-benchmark/work-order-b/tabddpm-population-v1/prior-artifacts/7ab6ffce6e9752d8156c02c0037d2c9f15de963e7734cbf0e8e166f22bc5e971/projection.json"",""current_hash_remeasured"":false,""recorded_bytes"":1521,""recorded_sha256"":""9efcfd45c01f6753165f6d2e00abf55c763138056a1f1aef82180f9a4d0c7bec""},{""artifact_path"":""/home/ubuntu/dope-benchmark/work-order-b/tabddpm-population-v1/prior-artifacts/7ab6ffce6e9752d8156c02c0037d2c9f15de963e7734cbf0e8e166f22bc5e971/weights.npz"",""current_hash_remeasured"":false,""recorded_bytes"":505814,""recorded_sha256"":""fbf157548cb6b87dbd209e913c7a0c8045f9df4a7aacdfb70148e3568f5802b5""}]",historical_verified_fit,,,,,,,native_objective_is_R2_not_an_error_loss; no_real_common_metric_scalar_body_bound_in_this_index,False
historical_v8_positive_provider_inventory_not_current_complete_TD14_index,f7068a608716f857842688974afa75e93e1e404778e32dd508229ab26bbc98ff,46c5a59e5ae42037,native_trial_2,"{""batch_size"":256,""d_layers"":[256,256],""lr"":0.001,""num_timesteps"":1000,""steps"":5000,""weight_decay"":0.0}",11,/home/ubuntu/dope-benchmark/work-order-b/tabddpm-population-v1/prior-artifacts/3fcdb0dadea715474b275d128c8684f74182412eb9fa8a738e45e5ec26f33ee6,510408,"[{""artifact_path"":""/home/ubuntu/dope-benchmark/work-order-b/tabddpm-population-v1/prior-artifacts/3fcdb0dadea715474b275d128c8684f74182412eb9fa8a738e45e5ec26f33ee6/inverse.npz"",""current_hash_remeasured"":false,""recorded_bytes"":2251,""recorded_sha256"":""d952350704c0c75523d77dde8a570708c6259d16cdcc54d8aefbad6b622b33f4""},{""artifact_path"":""/home/ubuntu/dope-benchmark/work-order-b/tabddpm-population-v1/prior-artifacts/3fcdb0dadea715474b275d128c8684f74182412eb9fa8a738e45e5ec26f33ee6/model.json"",""current_hash_remeasured"":false,""recorded_bytes"":588,""recorded_sha256"":""933b62fda2eb9384b795ea3ecfbba05f7ca60a4ed2a00e6d7531df022eee57fa""},{""artifact_path"":""/home/ubuntu/dope-benchmark/work-order-b/tabddpm-population-v1/prior-artifacts/3fcdb0dadea715474b275d128c8684f74182412eb9fa8a738e45e5ec26f33ee6/projection.json"",""current_hash_remeasured"":false,""recorded_bytes"":1521,""recorded_sha256"":""9efcfd45c01f6753165f6d2e00abf55c763138056a1f1aef82180f9a4d0c7bec""},{""artifact_path"":""/home/ubuntu/dope-benchmark/work-order-b/tabddpm-population-v1/prior-artifacts/3fcdb0dadea715474b275d128c8684f74182412eb9fa8a738e45e5ec26f33ee6/weights.npz"",""current_hash_remeasured"":false,""recorded_bytes"":506048,""recorded_sha256"":""55c07aaf403ed8a43e856af2352bb4509bf4c1fbd57bb2a48e6cddf4fd898e32""}]",historical_verified_fit,,,,,,,native_objective_is_R2_not_an_error_loss; no_real_common_metric_scalar_body_bound_in_this_index,False
historical_v8_positive_provider_inventory_not_current_complete_TD14_index,c07564bfded81b3a2fe874f8b6749722cfcb4308cd85e43e88a4e64dc8199af8,46c5a59e5ae42037,native_trial_3,"{""batch_size"":4096,""d_layers"":[256,256],""lr"":0.001,""num_timesteps"":100,""steps"":5000,""weight_decay"":0.0}",11,/home/ubuntu/dope-benchmark/work-order-b/tabddpm-population-v1/prior-artifacts/19e6e76a68d528cfba732d1e7c73b21d80e4db6a334c9161c7de8fe73514b751,510309,"[{""artifact_path"":""/home/ubuntu/dope-benchmark/work-order-b/tabddpm-population-v1/prior-artifacts/19e6e76a68d528cfba732d1e7c73b21d80e4db6a334c9161c7de8fe73514b751/inverse.npz"",""current_hash_remeasured"":false,""recorded_bytes"":2251,""recorded_sha256"":""d952350704c0c75523d77dde8a570708c6259d16cdcc54d8aefbad6b622b33f4""},{""artifact_path"":""/home/ubuntu/dope-benchmark/work-order-b/tabddpm-population-v1/prior-artifacts/19e6e76a68d528cfba732d1e7c73b21d80e4db6a334c9161c7de8fe73514b751/model.json"",""current_hash_remeasured"":false,""recorded_bytes"":588,""recorded_sha256"":""8da545d479d09738c00678b5a9a350fee905bc5d29f4d2fccee184976f2791a9""},{""artifact_path"":""/home/ubuntu/dope-benchmark/work-order-b/tabddpm-population-v1/prior-artifacts/19e6e76a68d528cfba732d1e7c73b21d80e4db6a334c9161c7de8fe73514b751/projection.json"",""current_hash_remeasured"":false,""recorded_bytes"":1521,""recorded_sha256"":""9efcfd45c01f6753165f6d2e00abf55c763138056a1f1aef82180f9a4d0c7bec""},{""artifact_path"":""/home/ubuntu/dope-benchmark/work-order-b/tabddpm-population-v1/prior-artifacts/19e6e76a68d528cfba732d1e7c73b21d80e4db6a334c9161c7de8fe73514b751/weights.npz"",""current_hash_remeasured"":false,""recorded_bytes"":505949,""recorded_sha256"":""3861485451291aaeccc3689de1cc6ccd59add0419aad0548eb0d9a8ea13177c6""}]",historical_verified_fit,,,,,,,native_objective_is_R2_not_an_error_loss; no_real_common_metric_scalar_body_bound_in_this_index,False
historical_v8_positive_provider_inventory_not_current_complete_TD14_index,a98f36c36dd1aa4a163ec6af25de5ec4fcfc32c26ac6b4dffac01e7444dde9c8,46c5a59e5ae42037,native_trial_4,"{""batch_size"":4096,""d_layers"":[256,256],""lr"":0.001,""num_timesteps"":1000,""steps"":5000,""weight_decay"":0.0}",11,/home/ubuntu/dope-benchmark/work-order-b/tabddpm-population-v1/prior-artifacts/9a1865196817bdb7823e7fd1e0d8ae64a1d7a150f1f9be2d7a0d249f85c4aa02,510481,"[{""artifact_path"":""/home/ubuntu/dope-benchmark/work-order-b/tabddpm-population-v1/prior-artifacts/9a1865196817bdb7823e7fd1e0d8ae64a1d7a150f1f9be2d7a0d249f85c4aa02/inverse.npz"",""current_hash_remeasured"":false,""recorded_bytes"":2251,""recorded_sha256"":""d952350704c0c75523d77dde8a570708c6259d16cdcc54d8aefbad6b622b33f4""},{""artifact_path"":""/home/ubuntu/dope-benchmark/work-order-b/tabddpm-population-v1/prior-artifacts/9a1865196817bdb7823e7fd1e0d8ae64a1d7a150f1f9be2d7a0d249f85c4aa02/model.json"",""current_hash_remeasured"":false,""recorded_bytes"":589,""recorded_sha256"":""e1a264c8cc8334bbf0b44a2b005801419f75789b074f273bdbc8d8e88a3b89e8""},{""artifact_path"":""/home/ubuntu/dope-benchmark/work-order-b/tabddpm-population-v1/prior-artifacts/9a1865196817bdb7823e7fd1e0d8ae64a1d7a150f1f9be2d7a0d249f85c4aa02/projection.json"",""current_hash_remeasured"":false,""recorded_bytes"":1521,""recorded_sha256"":""9efcfd45c01f6753165f6d2e00abf55c763138056a1f1aef82180f9a4d0c7bec""},{""artifact_path"":""/home/ubuntu/dope-benchmark/work-order-b/tabddpm-population-v1/prior-artifacts/9a1865196817bdb7823e7fd1e0d8ae64a1d7a150f1f9be2d7a0d249f85c4aa02/weights.npz"",""current_hash_remeasured"":false,""recorded_bytes"":506120,""recorded_sha256"":""0f9b9d191e9671bac9b438fb2ccd592d92c1ead3eafed9eee633bbf8da6593b1""}]",historical_verified_fit,,,,,,,native_objective_is_R2_not_an_error_loss; no_real_common_metric_scalar_body_bound_in_this_index,False
