method,dataset,configuration,fit_seed,canonical_job_sha256,provider_recorded_path,artifact_recorded_bytes,artifact_inventory,native_objective,native_validation_r2,native_receipt_path,native_receipt_sha256,native_output_buffer_prior_digest_bound,key_error_metric,key_error_value,key_error_missing_reason,artifact_payload_rehashed_now
TabDDPM,02a45777900441ce,default,11,043869ea9262e9e94cd7fddfb03ca273367c10c10757ca0c22141579c84853e0,/home/ubuntu/dope-benchmark/work-order-b/tabddpm-population-app-v4/attempts/043869ea9262e9e94cd7fddfb03ca273367c10c10757ca0c22141579c84853e0/attempt-0001/artifact,509841,"[{""bytes"":1215,""path"":""inverse.npz"",""sha256"":""e694b5496d4648fec64c49f8eeec8c2b40699e95a96e52b08ac4229cd5531ecc""},{""bytes"":571,""path"":""model.json"",""sha256"":""c3fa0480572198c0e604797992871026727fa5cb381ef645167f221debd4d6ad""},{""bytes"":1618,""path"":""projection.json"",""sha256"":""bd350d3977e549485828da36d859f192086bf79ce071e0dd36678bee920d6e6b""},{""bytes"":506437,""path"":""weights.npz"",""sha256"":""7eb563de2aac6d19421aa49fa77539cc5971994814bb5813cd8a503d5b3e925c""}]",author_five_synthetic_seed_validation_catboost_r2_mean,0.8283048744391446,/home/ubuntu/dope-scratch-x3/tabddpm-capacity-continuation-v9/attempts/043869ea9262e9e94cd7fddfb03ca273367c10c10757ca0c22141579c84853e0/attempt-0004/native.json,c1218536e8284f1d14bad28aac7c25b702a0fe207f3d049f3aaf497a6b16a3d1,True,shared_validation_4n_catboost_tstr_mse,,Shared auditor receipt not measured in this readset; R2 is a separate author native objective.,False
TabDDPM,0779d3fd5b3133a2,native_trial_4,11,05530d90c2a692e0df5dde5f7c0fb5d36764b0f773b008ca4decd50210ba0f9e,/home/ubuntu/dope-scratch-x3/tabddpm-capacity-continuation-v10/attempts/05530d90c2a692e0df5dde5f7c0fb5d36764b0f773b008ca4decd50210ba0f9e/attempt-0001/artifact,495660,"[{""bytes"":867,""path"":""inverse.npz"",""sha256"":""9aeeaed4cd10d595b23fbeae77394336bcb71409bfe40cfa730334bcab03848e""},{""bytes"":559,""path"":""model.json"",""sha256"":""eed4516a3318bd33b84b67bc9012024b8ef96151e70db9cf1846a6f5a60ac2ed""},{""bytes"":464,""path"":""projection.json"",""sha256"":""934e646d92397cf7daa7158d04f7f7646a570ffcd1d579aaf181ff3b7c65ea77""},{""bytes"":493770,""path"":""weights.npz"",""sha256"":""2aa3bfe5932d677165cd23c52c9205e2a646afbb2146b211f131b82f4ffcad13""}]",author_five_synthetic_seed_validation_catboost_r2_mean,0.9757945565360945,/home/ubuntu/dope-scratch-x3/tabddpm-capacity-continuation-v10/attempts/05530d90c2a692e0df5dde5f7c0fb5d36764b0f773b008ca4decd50210ba0f9e/attempt-0001/native.json,65483b1ae7f2f042149c7dda2abccd5dc91e1acd9abfa9ab137ab7f423c8b4db,True,shared_validation_4n_catboost_tstr_mse,,Shared auditor receipt not measured in this readset; R2 is a separate author native objective.,False
TabDDPM,04c80944e971cb3e,native_trial_1,11,0734866b9b2d1f5ec56a06c2f7304c0273e9a70d745cc64db8e08207acd01dae,/home/ubuntu/dope-benchmark/work-order-b/tabddpm-population-app-v4/attempts/0734866b9b2d1f5ec56a06c2f7304c0273e9a70d745cc64db8e08207acd01dae/attempt-0001/artifact,495355,"[{""bytes"":803,""path"":""inverse.npz"",""sha256"":""3e47de3f54f47e30ddbf2e57d1b1b0a47d47248c6bb41ad446fedcde443e8671""},{""bytes"":557,""path"":""model.json"",""sha256"":""5ff2e6f6f0df15298af4882bc18ff87a55eae96e4c1f0e9c5f30debb092996eb""},{""bytes"":472,""path"":""projection.json"",""sha256"":""0c6dda519f2b0ca56b1646a35ce1feb4690d19baf27ffd4d5ba57f429cf69b5a""},{""bytes"":493523,""path"":""weights.npz"",""sha256"":""2bb412555ddb862d5ec1d7fafa797aa5d7ff375b1242f4e9268d48da70798f29""}]",author_five_synthetic_seed_validation_catboost_r2_mean,0.9963167380835707,/home/ubuntu/dope-benchmark/work-order-b/tabddpm-population-app-v4/attempts/0734866b9b2d1f5ec56a06c2f7304c0273e9a70d745cc64db8e08207acd01dae/attempt-0001/native.json,8022992c9eef504713f6d041993b742c9072246bf954aaccdf63a3d854bf6ffe,True,shared_validation_4n_catboost_tstr_mse,,Shared auditor receipt not measured in this readset; R2 is a separate author native objective.,False
TabDDPM,04c80944e971cb3e,default,11,137a48d45c97b5f59e75b6f119a229041baf26fa824dea0d24a17041cc70b91a,/home/ubuntu/dope-benchmark/work-order-b/tabddpm-population-app-v4/attempts/137a48d45c97b5f59e75b6f119a229041baf26fa824dea0d24a17041cc70b91a/attempt-0001/artifact,494335,"[{""bytes"":803,""path"":""inverse.npz"",""sha256"":""3e47de3f54f47e30ddbf2e57d1b1b0a47d47248c6bb41ad446fedcde443e8671""},{""bytes"":561,""path"":""model.json"",""sha256"":""988e11d24f3c4fa025783d9baaf98e945f1ce87217f89f1f3711d2cb597ff825""},{""bytes"":472,""path"":""projection.json"",""sha256"":""0c6dda519f2b0ca56b1646a35ce1feb4690d19baf27ffd4d5ba57f429cf69b5a""},{""bytes"":492499,""path"":""weights.npz"",""sha256"":""a2a3744b8e6dbed6cd69a292331fd0ff8e141340a12d14f479e823ebfff7548f""}]",author_five_synthetic_seed_validation_catboost_r2_mean,0.9585628009153082,/home/ubuntu/dope-benchmark/work-order-b/tabddpm-population-app-v4/attempts/137a48d45c97b5f59e75b6f119a229041baf26fa824dea0d24a17041cc70b91a/attempt-0001/native.json,5d15cd4200a206a94f8d76c1453fae7acd9e2d53ff7d8d4d681f532b29781ce2,True,shared_validation_4n_catboost_tstr_mse,,Shared auditor receipt not measured in this readset; R2 is a separate author native objective.,False
TabDDPM,02a45777900441ce,native_trial_2,11,13fdd5a9a87d5175aef6bfff66b7c6215057b462de4f003aa29e8ed5ba41e598,/home/ubuntu/dope-benchmark/work-order-b/tabddpm-population-app-v4/attempts/13fdd5a9a87d5175aef6bfff66b7c6215057b462de4f003aa29e8ed5ba41e598/attempt-0001/artifact,510831,"[{""bytes"":1215,""path"":""inverse.npz"",""sha256"":""e694b5496d4648fec64c49f8eeec8c2b40699e95a96e52b08ac4229cd5531ecc""},{""bytes"":568,""path"":""model.json"",""sha256"":""b0cded0c05149587de5b6eb74bcb785425aff1c14c347dcab79de52d53a23ac0""},{""bytes"":1618,""path"":""projection.json"",""sha256"":""bd350d3977e549485828da36d859f192086bf79ce071e0dd36678bee920d6e6b""},{""bytes"":507430,""path"":""weights.npz"",""sha256"":""02276bce96311587d633c7575e273255770203baa34af3f0d05d427c6d20b232""}]",author_five_synthetic_seed_validation_catboost_r2_mean,0.8427297316734854,/home/ubuntu/dope-benchmark/work-order-b/tabddpm-population-app-v4/attempts/13fdd5a9a87d5175aef6bfff66b7c6215057b462de4f003aa29e8ed5ba41e598/attempt-0001/native.json,49a4228f0de2c0f7a9666e5068037525f20ade6f834c0fd1dfb7bc0d6aef28ec,True,shared_validation_4n_catboost_tstr_mse,,Shared auditor receipt not measured in this readset; R2 is a separate author native objective.,False
TabDDPM,167578f5deba4977,native_trial_3,11,1599c3c6e5942862cd1b6ab56b394ef29cb971a997c3331e06cdf864cc42f157,/home/ubuntu/dope-scratch-x3/tabddpm-capacity-continuation-v14-reciprocal/attempts/1599c3c6e5942862cd1b6ab56b394ef29cb971a997c3331e06cdf864cc42f157/attempt-0001/artifact,506147,"[{""bytes"":1328,""path"":""inverse.npz"",""sha256"":""064d63f3fcabb7c2a60216593b218cf379d4e1e163048ec3e01cafd6aa0d350d""},{""bytes"":558,""path"":""model.json"",""sha256"":""3e1428bdc9d5acf475309744dc4052014e10e61db3649bea2eccd8ed6585c8bb""},{""bytes"":1286,""path"":""projection.json"",""sha256"":""cc272676f1a2410b60d9313e4f9292098685e85384fe162522f15095927e4bb0""},{""bytes"":502975,""path"":""weights.npz"",""sha256"":""770e85baceee87df8ca091468ac5992bf648f50a14a6f455f13cb59bc48d1efc""}]",author_five_synthetic_seed_validation_catboost_r2_mean,0.5076659144890951,/home/ubuntu/dope-scratch-x3/tabddpm-capacity-continuation-v14-reciprocal/attempts/1599c3c6e5942862cd1b6ab56b394ef29cb971a997c3331e06cdf864cc42f157/attempt-0001/native.json,9b65ed70449afad7476a21a9875078f34536b6b5d6f4e8c658270ed0ffbc0f57,False,shared_validation_4n_catboost_tstr_mse,,Shared auditor receipt not measured in this readset; R2 is a separate author native objective.,False
TabDDPM,26eff843be35d831,native_trial_1,11,2488a8c09aad77febfe025d53bcd08bc779521fbb85aa071665cf351ade20169,/home/ubuntu/dope-scratch-x3/tabddpm-capacity-continuation-v6/attempts/2488a8c09aad77febfe025d53bcd08bc779521fbb85aa071665cf351ade20169/attempt-0001/artifact,535245,"[{""bytes"":2525,""path"":""inverse.npz"",""sha256"":""1853abdbb7d099d354a7a4d9606c40dcc18797488e7d066838b6d0a2095512e7""},{""bytes"":558,""path"":""model.json"",""sha256"":""609ec61be2bc4ed975853a063319633e38d8e85fce3cf31d4e1fe35abee8192b""},{""bytes"":3656,""path"":""projection.json"",""sha256"":""9997acb6be2766e82b25e2a6248cc7d69ac4786145b0c0d6ef54eecc1e01401b""},{""bytes"":528506,""path"":""weights.npz"",""sha256"":""6c71af265753bd0b92ce6b4281c5b38a7b88ca8d23457085edd03be292d0fe5c""}]",author_five_synthetic_seed_validation_catboost_r2_mean,,,,True,shared_validation_4n_catboost_tstr_mse,,Shared auditor receipt not measured in this readset; R2 is a separate author native objective.,False
TabDDPM,0561d673cb73c27e,native_trial_4,11,262f7d0b897513c586409d0ff61b798ee9218b8daf1baba771fb7704361148fd,/home/ubuntu/dope-benchmark/work-order-b/tabddpm-population-app-v4/attempts/262f7d0b897513c586409d0ff61b798ee9218b8daf1baba771fb7704361148fd/attempt-0001/artifact,510943,"[{""bytes"":1581,""path"":""inverse.npz"",""sha256"":""3a210def01c55ef33005d361b9e7db5ac6e78ee9f586f3014f95b6f1337c940a""},{""bytes"":560,""path"":""model.json"",""sha256"":""dea68fb80f89b1fb34c6ca1603694cffb54eee9547cc3503b989cb06d0809126""},{""bytes"":1715,""path"":""projection.json"",""sha256"":""b6b3358bb52f213747d8146275f6eb3b7e92dffbf1ebc6a910102e5e9bcd68dc""},{""bytes"":507087,""path"":""weights.npz"",""sha256"":""168ba89c6628f7b2e9d53335259b62fce4a05c9f0e58425691abcb45ff37ee39""}]",author_five_synthetic_seed_validation_catboost_r2_mean,0.586178020406133,/home/ubuntu/dope-benchmark/work-order-b/tabddpm-population-app-v4/attempts/262f7d0b897513c586409d0ff61b798ee9218b8daf1baba771fb7704361148fd/attempt-0001/native.json,c7054cff010bdab13f01d0b7511b9a45b554020dbd0d160f7e2e15a70065f187,True,shared_validation_4n_catboost_tstr_mse,,Shared auditor receipt not measured in this readset; R2 is a separate author native objective.,False
TabDDPM,047e62b52a3f4ede,native_trial_3,11,2d385a418cbb727b11926331e9f6b64f6aef7a2c7c7309de227bf35ff072f155,/home/ubuntu/dope-benchmark/work-order-b/tabddpm-population-app-v4/attempts/2d385a418cbb727b11926331e9f6b64f6aef7a2c7c7309de227bf35ff072f155/attempt-0001/artifact,513832,"[{""bytes"":1560,""path"":""inverse.npz"",""sha256"":""1c1932ced552b06437d6133008e26626832974cea84f597b349bb20d31e2d961""},{""bytes"":559,""path"":""model.json"",""sha256"":""368af6e17e8bc39c93e3ebb3dd46974213dec09e93be59d03aad5fc22e9bd82c""},{""bytes"":1926,""path"":""projection.json"",""sha256"":""2fa5424b537cef4ceb4df78bcae0d5c511b4a3262fa688d0f583bbf3b70f07b1""},{""bytes"":509787,""path"":""weights.npz"",""sha256"":""56823135b17b00ce04e6435c4a7b7610f6c3b2c2fc98d3e94a34ff27c190852d""}]",author_five_synthetic_seed_validation_catboost_r2_mean,0.8799467903329843,/home/ubuntu/dope-benchmark/work-order-b/tabddpm-population-app-v4/attempts/2d385a418cbb727b11926331e9f6b64f6aef7a2c7c7309de227bf35ff072f155/attempt-0001/native.json,f7b64ff12fbf45d03c78baff64212d0f9afbc6e753462ad2ad5676d879f56527,True,shared_validation_4n_catboost_tstr_mse,,Shared auditor receipt not measured in this readset; R2 is a separate author native objective.,False
TabDDPM,07f38946316c039b,native_trial_3,11,2f2f14c842bbf5564122a23d76fa08e50c4e9a9e912cc6b721e182a1ca66cecd,/home/ubuntu/dope-scratch-x3/tabddpm-capacity-continuation-v14-reciprocal/attempts/2f2f14c842bbf5564122a23d76fa08e50c4e9a9e912cc6b721e182a1ca66cecd/attempt-0001/artifact,511782,"[{""bytes"":2465,""path"":""inverse.npz"",""sha256"":""bd67af97d6949c9e39ba0e903403f4aa428e8aa424f418b62c9e5c9192a229cd""},{""bytes"":559,""path"":""model.json"",""sha256"":""761da16442ac2667563756c2db9c9f93feef2977b895700b2c1c261e3189e844""},{""bytes"":1677,""path"":""projection.json"",""sha256"":""5488b0e36f2e6fde9c3ab9d0b457c99ab4a33d4a0fa11cb51f9ebfcca90a6252""},{""bytes"":507081,""path"":""weights.npz"",""sha256"":""4fcdad8742bd73e7e9434f9f7916d2d6af283ea688b05cd3cb8b077bbdab19b7""}]",author_five_synthetic_seed_validation_catboost_r2_mean,0.8517141463317497,/home/ubuntu/dope-scratch-x3/tabddpm-capacity-continuation-v14-reciprocal/attempts/2f2f14c842bbf5564122a23d76fa08e50c4e9a9e912cc6b721e182a1ca66cecd/attempt-0001/native.json,fc538c1e8349f44e4aac80b26de64df9bcd7048af33eb553ff60656be6153b41,False,shared_validation_4n_catboost_tstr_mse,,Shared auditor receipt not measured in this readset; R2 is a separate author native objective.,False
TabDDPM,047e62b52a3f4ede,native_trial_4,11,3aabd613d6ebd0141b4b7424e6daf8e28dc9d801138bdcad4d1ee92149292657,/home/ubuntu/dope-benchmark/work-order-b/tabddpm-population-app-v4/attempts/3aabd613d6ebd0141b4b7424e6daf8e28dc9d801138bdcad4d1ee92149292657/attempt-0001/artifact,514079,"[{""bytes"":1560,""path"":""inverse.npz"",""sha256"":""1c1932ced552b06437d6133008e26626832974cea84f597b349bb20d31e2d961""},{""bytes"":560,""path"":""model.json"",""sha256"":""3309447c030f66183bd2817432286d68460b6b1c50dfa9285dd6687366d475d1""},{""bytes"":1926,""path"":""projection.json"",""sha256"":""2fa5424b537cef4ceb4df78bcae0d5c511b4a3262fa688d0f583bbf3b70f07b1""},{""bytes"":510033,""path"":""weights.npz"",""sha256"":""ccca3b1ca58ea0e339493885b5ae41b61c672ea1f88c3faf4f59ffb545abf4d1""}]",author_five_synthetic_seed_validation_catboost_r2_mean,0.8601109494210497,/home/ubuntu/dope-benchmark/work-order-b/tabddpm-population-app-v4/attempts/3aabd613d6ebd0141b4b7424e6daf8e28dc9d801138bdcad4d1ee92149292657/attempt-0001/native.json,166ad0d40606b12481d88ea4e7459bb7b3863ccd21f938f1f3812c970e91e432,True,shared_validation_4n_catboost_tstr_mse,,Shared auditor receipt not measured in this readset; R2 is a separate author native objective.,False
TabDDPM,04c80944e971cb3e,native_trial_4,11,412fe01e8052e0e699ffc56b191a1ea651c94eb754946a58e10bbaac950154c2,/home/ubuntu/dope-benchmark/work-order-b/tabddpm-population-app-v4/attempts/412fe01e8052e0e699ffc56b191a1ea651c94eb754946a58e10bbaac950154c2/attempt-0001/artifact,495435,"[{""bytes"":803,""path"":""inverse.npz"",""sha256"":""3e47de3f54f47e30ddbf2e57d1b1b0a47d47248c6bb41ad446fedcde443e8671""},{""bytes"":559,""path"":""model.json"",""sha256"":""eed4516a3318bd33b84b67bc9012024b8ef96151e70db9cf1846a6f5a60ac2ed""},{""bytes"":472,""path"":""projection.json"",""sha256"":""0c6dda519f2b0ca56b1646a35ce1feb4690d19baf27ffd4d5ba57f429cf69b5a""},{""bytes"":493601,""path"":""weights.npz"",""sha256"":""a1a5e2fee97a8744d039e5b3e8a0b38f2fafcd17f558420d38bed22d9b0333a9""}]",author_five_synthetic_seed_validation_catboost_r2_mean,0.9954791219648307,/home/ubuntu/dope-benchmark/work-order-b/tabddpm-population-app-v4/attempts/412fe01e8052e0e699ffc56b191a1ea651c94eb754946a58e10bbaac950154c2/attempt-0001/native.json,d4f9bc71bce4d66adff2d2c26ad5cef96c1dce913510609d7fe20a9b34c75546,True,shared_validation_4n_catboost_tstr_mse,,Shared auditor receipt not measured in this readset; R2 is a separate author native objective.,False
TabDDPM,2c8d0985f3557d2b,native_trial_4,11,4f60d88f40a4292f19f5b4ac565754bb05bdf3a3a33ef2b94f1dac64a7489843,/home/ubuntu/dope-scratch-x3/tabddpm-capacity-continuation-v6/attempts/4f60d88f40a4292f19f5b4ac565754bb05bdf3a3a33ef2b94f1dac64a7489843/attempt-0001/artifact,497645,"[{""bytes"":1370,""path"":""inverse.npz"",""sha256"":""91033565da42c678162ea04ca08d40473514402d8b22833e84b2288002d57acb""},{""bytes"":559,""path"":""model.json"",""sha256"":""618805c959066b6ac4fc0b3c95314c232d537682f81cb94fa732b8693f2b7d4e""},{""bytes"":626,""path"":""projection.json"",""sha256"":""08336bd2355db736c36f021477f31fdb42d22d7dd4ec874e48a314e0e2b13cc1""},{""bytes"":495090,""path"":""weights.npz"",""sha256"":""64a64daa99df5b2b25c137e5b78231e7f5376805dbe0a206e7655517b14acaeb""}]",author_five_synthetic_seed_validation_catboost_r2_mean,0.9992621252936018,/home/ubuntu/dope-scratch-x3/tabddpm-capacity-continuation-v7/attempts/4f60d88f40a4292f19f5b4ac565754bb05bdf3a3a33ef2b94f1dac64a7489843/attempt-0002/native.json,bfe2ea71df035d8f94f52e2ef9c0da37f490989501cca195fee5a03a2ed6a0a2,True,shared_validation_4n_catboost_tstr_mse,,Shared auditor receipt not measured in this readset; R2 is a separate author native objective.,False
TabDDPM,047e62b52a3f4ede,native_trial_2,11,54e47b909acac4ab0ad26526957442925f1ba9bd4002f0af530d6d7496e9c1fb,/home/ubuntu/dope-benchmark/work-order-b/tabddpm-population-app-v4/attempts/54e47b909acac4ab0ad26526957442925f1ba9bd4002f0af530d6d7496e9c1fb/attempt-0001/artifact,514078,"[{""bytes"":1560,""path"":""inverse.npz"",""sha256"":""1c1932ced552b06437d6133008e26626832974cea84f597b349bb20d31e2d961""},{""bytes"":559,""path"":""model.json"",""sha256"":""a38e5fb22074781057b08f5626f3f3d618d645330e7124f8b377cfe1f6c36582""},{""bytes"":1926,""path"":""projection.json"",""sha256"":""2fa5424b537cef4ceb4df78bcae0d5c511b4a3262fa688d0f583bbf3b70f07b1""},{""bytes"":510033,""path"":""weights.npz"",""sha256"":""ccca3b1ca58ea0e339493885b5ae41b61c672ea1f88c3faf4f59ffb545abf4d1""}]",author_five_synthetic_seed_validation_catboost_r2_mean,0.8601109494210497,/home/ubuntu/dope-benchmark/work-order-b/tabddpm-population-app-v4/attempts/54e47b909acac4ab0ad26526957442925f1ba9bd4002f0af530d6d7496e9c1fb/attempt-0001/native.json,717366c0b818644cbb52b89ec9673799480fd6748cf7f704ad58857ba1c15f6c,True,shared_validation_4n_catboost_tstr_mse,,Shared auditor receipt not measured in this readset; R2 is a separate author native objective.,False
TabDDPM,06b0312a585b436e,default,11,58b0332e5d2a149687c11a118aa729d7bd463eaa53c5d37ccd18723b12f15e2d,/home/ubuntu/dope-scratch-x3/tabddpm-capacity-continuation-v9/attempts/58b0332e5d2a149687c11a118aa729d7bd463eaa53c5d37ccd18723b12f15e2d/attempt-0001/artifact,510568,"[{""bytes"":1872,""path"":""inverse.npz"",""sha256"":""7effb816b623e6788e25de35f691941180c09876d6affc6c37a01037ecd5ba3d""},{""bytes"":585,""path"":""model.json"",""sha256"":""84932a4a19171dc2bf5408bf31899fe1b34a5710cd52f4e8775675a2fbbc422e""},{""bytes"":1635,""path"":""projection.json"",""sha256"":""64557020f16774b65d71de61f1c3c99f6cd6a5234273182154bee9fc294b5888""},{""bytes"":506476,""path"":""weights.npz"",""sha256"":""9ad24019101642b7b186366c13ca5647dafe5e8aafd263787ec197e6bfe49b50""}]",author_five_synthetic_seed_validation_catboost_r2_mean,0.08554057613056028,/home/ubuntu/dope-scratch-x3/tabddpm-capacity-continuation-v9/attempts/58b0332e5d2a149687c11a118aa729d7bd463eaa53c5d37ccd18723b12f15e2d/attempt-0001/native.json,65b111f157724c87415f0f3ae55c5493a843bf795fca827fac59e36ce8909c7d,True,shared_validation_4n_catboost_tstr_mse,,Shared auditor receipt not measured in this readset; R2 is a separate author native objective.,False
TabDDPM,30ca2887550f0d8d,default,11,5e2960647cbffc048a497b2d9217146bca749a1cd00350b8884fa9a08710734e,/home/ubuntu/dope-scratch-x3/tabddpm-capacity-continuation-v7/attempts/5e2960647cbffc048a497b2d9217146bca749a1cd00350b8884fa9a08710734e/attempt-0001/artifact,536151,"[{""bytes"":2426,""path"":""inverse.npz"",""sha256"":""49afbd94db2f0505653096d9390661a8ba166eda8de4215729314ba005203f6e""},{""bytes"":562,""path"":""model.json"",""sha256"":""7d99c67f4999de85c5cad84732472e1bf49f089a8e93e8e85e6c6b40d008d3d2""},{""bytes"":3762,""path"":""projection.json"",""sha256"":""ab5656095a71338ede23cd660cb37c1174a86166437bf6b5b8b3983cea0531b8""},{""bytes"":529401,""path"":""weights.npz"",""sha256"":""c8c2cc08be0d493fa6232459cc8f8f53d3e53823711aa61c9c274d596e49f48b""}]",author_five_synthetic_seed_validation_catboost_r2_mean,,,,True,shared_validation_4n_catboost_tstr_mse,,Shared auditor receipt not measured in this readset; R2 is a separate author native objective.,False
TabDDPM,30ca2887550f0d8d,native_trial_2,11,5fa17048b7615b811d629a2d784ea9feb52d3b15e5dff39b6f1ab7dd3fb7ea21,/home/ubuntu/dope-scratch-x3/tabddpm-capacity-continuation-v7/attempts/5fa17048b7615b811d629a2d784ea9feb52d3b15e5dff39b6f1ab7dd3fb7ea21/attempt-0001/artifact,537594,"[{""bytes"":2426,""path"":""inverse.npz"",""sha256"":""49afbd94db2f0505653096d9390661a8ba166eda8de4215729314ba005203f6e""},{""bytes"":559,""path"":""model.json"",""sha256"":""511e2f068e7a7e7cdf0c25105a4741f61db6268b47d8538e9337391cec59621f""},{""bytes"":3762,""path"":""projection.json"",""sha256"":""ab5656095a71338ede23cd660cb37c1174a86166437bf6b5b8b3983cea0531b8""},{""bytes"":530847,""path"":""weights.npz"",""sha256"":""e3b772587ccceed48efc2b6d05da6752d7410a07177747ce83cebdbfe5051671""}]",author_five_synthetic_seed_validation_catboost_r2_mean,0.6151780316471424,/home/ubuntu/dope-scratch-x3/tabddpm-capacity-continuation-v7/attempts/5fa17048b7615b811d629a2d784ea9feb52d3b15e5dff39b6f1ab7dd3fb7ea21/attempt-0001/native.json,4e941af8692f037ec1198a4cbeb71f052f76e8b6fdfef7f3447c0c3d137d200f,True,shared_validation_4n_catboost_tstr_mse,,Shared auditor receipt not measured in this readset; R2 is a separate author native objective.,False
TabDDPM,04c80944e971cb3e,native_trial_3,11,6098a9120eb3b81a4fac593f7e31704d63360c3ee6cdf174aeacc1946d6d1d33,/home/ubuntu/dope-benchmark/work-order-b/tabddpm-population-app-v4/attempts/6098a9120eb3b81a4fac593f7e31704d63360c3ee6cdf174aeacc1946d6d1d33/attempt-0001/artifact,495356,"[{""bytes"":803,""path"":""inverse.npz"",""sha256"":""3e47de3f54f47e30ddbf2e57d1b1b0a47d47248c6bb41ad446fedcde443e8671""},{""bytes"":558,""path"":""model.json"",""sha256"":""2a053cb3ede1744ded406f1285d1ee0bd21f2bae78a750b0f6b6b830271c54dd""},{""bytes"":472,""path"":""projection.json"",""sha256"":""0c6dda519f2b0ca56b1646a35ce1feb4690d19baf27ffd4d5ba57f429cf69b5a""},{""bytes"":493523,""path"":""weights.npz"",""sha256"":""2bb412555ddb862d5ec1d7fafa797aa5d7ff375b1242f4e9268d48da70798f29""}]",author_five_synthetic_seed_validation_catboost_r2_mean,0.9963167380835707,/home/ubuntu/dope-benchmark/work-order-b/tabddpm-population-app-v4/attempts/6098a9120eb3b81a4fac593f7e31704d63360c3ee6cdf174aeacc1946d6d1d33/attempt-0001/native.json,80f6fa4aa977c394c6dd346f993e193e6687a2ccd8732273d3f9b69f5d1c4be5,True,shared_validation_4n_catboost_tstr_mse,,Shared auditor receipt not measured in this readset; R2 is a separate author native objective.,False
TabDDPM,06b0312a585b436e,native_trial_1,11,6477fcc50d5cd65d94c95a9dbdfd67a3c4bd0a8c189162a6c770c48195731e47,/home/ubuntu/dope-scratch-x3/tabddpm-capacity-continuation-v9/attempts/6477fcc50d5cd65d94c95a9dbdfd67a3c4bd0a8c189162a6c770c48195731e47/attempt-0001/artifact,511395,"[{""bytes"":1872,""path"":""inverse.npz"",""sha256"":""7effb816b623e6788e25de35f691941180c09876d6affc6c37a01037ecd5ba3d""},{""bytes"":581,""path"":""model.json"",""sha256"":""e0f8acfddfccf8f17808720504730aa3be1349b0ac43940c694e54c6152e8b91""},{""bytes"":1635,""path"":""projection.json"",""sha256"":""64557020f16774b65d71de61f1c3c99f6cd6a5234273182154bee9fc294b5888""},{""bytes"":507307,""path"":""weights.npz"",""sha256"":""1d920e3e334aa2bc1f244c6418dea452e7e862dd180ca4676c011d74343c20c9""}]",author_five_synthetic_seed_validation_catboost_r2_mean,0.1204325140180635,/home/ubuntu/dope-scratch-x3/tabddpm-capacity-continuation-v13-owner-window/attempts/6477fcc50d5cd65d94c95a9dbdfd67a3c4bd0a8c189162a6c770c48195731e47/attempt-0003/native.json,9946c4fa22c76dbfecf2f5b17470765c0afabf4239a9ddfb1d3b6e98abee0dcf,True,shared_validation_4n_catboost_tstr_mse,,Shared auditor receipt not measured in this readset; R2 is a separate author native objective.,False
TabDDPM,26eff843be35d831,native_trial_4,11,712c0711e58d2b980c6b5b5dce29cc3a7bb9b21b6d4b823303eace192974ed5d,/home/ubuntu/dope-scratch-x3/tabddpm-capacity-continuation-v6/attempts/712c0711e58d2b980c6b5b5dce29cc3a7bb9b21b6d4b823303eace192974ed5d/attempt-0001/artifact,535861,"[{""bytes"":2525,""path"":""inverse.npz"",""sha256"":""1853abdbb7d099d354a7a4d9606c40dcc18797488e7d066838b6d0a2095512e7""},{""bytes"":560,""path"":""model.json"",""sha256"":""1f548646db2cd19891b76b3cbab3b1230fb45f711bc086acb7c9a477d04feabd""},{""bytes"":3656,""path"":""projection.json"",""sha256"":""9997acb6be2766e82b25e2a6248cc7d69ac4786145b0c0d6ef54eecc1e01401b""},{""bytes"":529120,""path"":""weights.npz"",""sha256"":""895d4b8ec0392128057a9c5e5b44f6a8f50d575219350076eab663707f0e03de""}]",author_five_synthetic_seed_validation_catboost_r2_mean,0.3182988238157888,/home/ubuntu/dope-scratch-x3/tabddpm-capacity-continuation-v6/attempts/712c0711e58d2b980c6b5b5dce29cc3a7bb9b21b6d4b823303eace192974ed5d/attempt-0001/native.json,fc85641ff856951b1261267105ba2582c7518cf5490c6348043b0dcf69508d06,True,shared_validation_4n_catboost_tstr_mse,,Shared auditor receipt not measured in this readset; R2 is a separate author native objective.,False
TabDDPM,060b9fff8092db17,native_trial_1,11,72be34f448641544ee99ad3bcdf8cdeaab38b8a7801d8708273a74f99b2810d3,/home/ubuntu/dope-benchmark/work-order-b/tabddpm-population-app-v4/attempts/72be34f448641544ee99ad3bcdf8cdeaab38b8a7801d8708273a74f99b2810d3/attempt-0001/artifact,537103,"[{""bytes"":4738,""path"":""inverse.npz"",""sha256"":""295b9822076f1d764fad5c7d0eb54ee194c0d0b20d7233379f2e19e08e4bfcea""},{""bytes"":558,""path"":""model.json"",""sha256"":""609ec61be2bc4ed975853a063319633e38d8e85fce3cf31d4e1fe35abee8192b""},{""bytes"":3744,""path"":""projection.json"",""sha256"":""f10c12126f9f0dfac0193a963e4472213d48a2adc81046e828fd82dbd4cc5acd""},{""bytes"":528063,""path"":""weights.npz"",""sha256"":""fde59166fa1e1cf5f4390479b40a35ebfcac92a9d1bde26baf1953497946c01a""}]",author_five_synthetic_seed_validation_catboost_r2_mean,0.5055983510737555,/home/ubuntu/dope-scratch-x3/tabddpm-capacity-continuation-v9/attempts/72be34f448641544ee99ad3bcdf8cdeaab38b8a7801d8708273a74f99b2810d3/attempt-0002/native.json,389c5a2447da1dc64abde9f67abd376425749aea3f7b934301c0bc85859292fc,True,shared_validation_4n_catboost_tstr_mse,,Shared auditor receipt not measured in this readset; R2 is a separate author native objective.,False
TabDDPM,2c8d0985f3557d2b,default,11,72d190e2f0fee3ffa16d98ad396481c96c486d0060579e42f949cddb5fdcc9a9,/home/ubuntu/dope-scratch-x3/tabddpm-capacity-continuation-v6/attempts/72d190e2f0fee3ffa16d98ad396481c96c486d0060579e42f949cddb5fdcc9a9/attempt-0001/artifact,496731,"[{""bytes"":1370,""path"":""inverse.npz"",""sha256"":""91033565da42c678162ea04ca08d40473514402d8b22833e84b2288002d57acb""},{""bytes"":561,""path"":""model.json"",""sha256"":""45075eeae9c2b4ba730895a226b063ed637408b9105e64c3fd422ed93af4fbb8""},{""bytes"":626,""path"":""projection.json"",""sha256"":""08336bd2355db736c36f021477f31fdb42d22d7dd4ec874e48a314e0e2b13cc1""},{""bytes"":494174,""path"":""weights.npz"",""sha256"":""b089d0abad57238f79ceb91130609ca126051a89fc2dbab5d92cbf342aaf6d03""}]",author_five_synthetic_seed_validation_catboost_r2_mean,0.9981250232803276,/home/ubuntu/dope-scratch-x3/tabddpm-capacity-continuation-v6/attempts/72d190e2f0fee3ffa16d98ad396481c96c486d0060579e42f949cddb5fdcc9a9/attempt-0001/native.json,beb7bb5eb1f25d8d1ee25d1b9f4ca81cef5121f417b7b33617b4a4d24222a32b,True,shared_validation_4n_catboost_tstr_mse,,Shared auditor receipt not measured in this readset; R2 is a separate author native objective.,False
TabDDPM,06b0312a585b436e,native_trial_4,11,7da15dc8ef815f0d05989a452ad4b74d460bb547c5cd318b0b0a9cbd4c7f6b9c,/home/ubuntu/dope-scratch-x3/tabddpm-capacity-continuation-v10/attempts/7da15dc8ef815f0d05989a452ad4b74d460bb547c5cd318b0b0a9cbd4c7f6b9c/attempt-0002/artifact,512085,"[{""bytes"":1872,""path"":""inverse.npz"",""sha256"":""7effb816b623e6788e25de35f691941180c09876d6affc6c37a01037ecd5ba3d""},{""bytes"":583,""path"":""model.json"",""sha256"":""37253d4f0dbf341a3cc9b039e3bc7bc5691084528188f0ce4ea79c14e1e3caea""},{""bytes"":1635,""path"":""projection.json"",""sha256"":""64557020f16774b65d71de61f1c3c99f6cd6a5234273182154bee9fc294b5888""},{""bytes"":507995,""path"":""weights.npz"",""sha256"":""b71ea97d8cfe0baea9dbbbfdec514c04758712410fcdf96c8e2ece34e9039ac3""}]",author_five_synthetic_seed_validation_catboost_r2_mean,0.0821212487719479,/home/ubuntu/dope-scratch-x3/tabddpm-capacity-continuation-v10/attempts/7da15dc8ef815f0d05989a452ad4b74d460bb547c5cd318b0b0a9cbd4c7f6b9c/attempt-0002/native.json,9c1843a9190ea70a09d43ae6e2d2eb9b75e940b0a9678d53e48e0434ae4c0dbb,True,shared_validation_4n_catboost_tstr_mse,,Shared auditor receipt not measured in this readset; R2 is a separate author native objective.,False
TabDDPM,46c5a59e5ae42037,default,11,7fc8dc8a96410faa15e418105be83e07beb6b387a9da977769bfb9c2cc33f488,/home/ubuntu/dope-benchmark/work-order-b/tabddpm-population-v1/prior-artifacts/92819811e1310f4a36c73f9e89446114ee454446b28c0290570bef4904892d30,509205,"[{""bytes"":2251,""path"":""inverse.npz"",""sha256"":""d952350704c0c75523d77dde8a570708c6259d16cdcc54d8aefbad6b622b33f4""},{""bytes"":591,""path"":""model.json"",""sha256"":""6d4997701533ddd88098d17ab66bc4d2f7bc90a955a36063c29c837a2d79e2bb""},{""bytes"":1521,""path"":""projection.json"",""sha256"":""9efcfd45c01f6753165f6d2e00abf55c763138056a1f1aef82180f9a4d0c7bec""},{""bytes"":504842,""path"":""weights.npz"",""sha256"":""9dccbbb8bb681e48ca2e8fce2a3ed3ea5d508839899a11de9e82177f5f9535a5""}]",author_five_synthetic_seed_validation_catboost_r2_mean,,,,True,shared_validation_4n_catboost_tstr_mse,,Shared auditor receipt not measured in this readset; R2 is a separate author native objective.,False
TabDDPM,26eff843be35d831,native_trial_3,11,817f6f3bb2f5c2af41d0ed0f37bd57d3517fa959c0a9247adac3e558592667ea,/home/ubuntu/dope-scratch-x3/tabddpm-capacity-continuation-v6/attempts/817f6f3bb2f5c2af41d0ed0f37bd57d3517fa959c0a9247adac3e558592667ea/attempt-0001/artifact,535575,"[{""bytes"":2525,""path"":""inverse.npz"",""sha256"":""1853abdbb7d099d354a7a4d9606c40dcc18797488e7d066838b6d0a2095512e7""},{""bytes"":559,""path"":""model.json"",""sha256"":""358520769b010e796c3ef47626039b513b7b6be6a6ef17da2a0120d6646dd50b""},{""bytes"":3656,""path"":""projection.json"",""sha256"":""9997acb6be2766e82b25e2a6248cc7d69ac4786145b0c0d6ef54eecc1e01401b""},{""bytes"":528835,""path"":""weights.npz"",""sha256"":""2f0f5751f2593f7478e2c320ec0823d8049419a2f1d7c1c3cb19e0bbb6145266""}]",author_five_synthetic_seed_validation_catboost_r2_mean,0.3440590558897795,/home/ubuntu/dope-scratch-x3/tabddpm-capacity-continuation-v6/attempts/817f6f3bb2f5c2af41d0ed0f37bd57d3517fa959c0a9247adac3e558592667ea/attempt-0001/native.json,ad9454a276bc47884401cdce48826b0ccfe927fc568678b0af109c90ca498165,True,shared_validation_4n_catboost_tstr_mse,,Shared auditor receipt not measured in this readset; R2 is a separate author native objective.,False
TabDDPM,07f38946316c039b,native_trial_4,11,85360b07d9399ecdba87c5aac9f9bd8607173f6d9a6019bcd0f1c6c4c776d6c5,/home/ubuntu/dope-scratch-x3/tabddpm-capacity-continuation-v14-reciprocal/attempts/85360b07d9399ecdba87c5aac9f9bd8607173f6d9a6019bcd0f1c6c4c776d6c5/attempt-0001/artifact,512237,"[{""bytes"":2465,""path"":""inverse.npz"",""sha256"":""bd67af97d6949c9e39ba0e903403f4aa428e8aa424f418b62c9e5c9192a229cd""},{""bytes"":560,""path"":""model.json"",""sha256"":""dea68fb80f89b1fb34c6ca1603694cffb54eee9547cc3503b989cb06d0809126""},{""bytes"":1677,""path"":""projection.json"",""sha256"":""5488b0e36f2e6fde9c3ab9d0b457c99ab4a33d4a0fa11cb51f9ebfcca90a6252""},{""bytes"":507535,""path"":""weights.npz"",""sha256"":""ddc7f58d69fbf7c63d4928436458fea63199b0ce6c5ec709f56ea29004a5bcb3""}]",author_five_synthetic_seed_validation_catboost_r2_mean,0.8726407854145026,/home/ubuntu/dope-scratch-x3/tabddpm-capacity-continuation-v14-reciprocal/attempts/85360b07d9399ecdba87c5aac9f9bd8607173f6d9a6019bcd0f1c6c4c776d6c5/attempt-0001/native.json,bb56993a39a4806ebcdaa6a340c9b725861201a37ec999173971b4e197afcdb8,False,shared_validation_4n_catboost_tstr_mse,,Shared auditor receipt not measured in this readset; R2 is a separate author native objective.,False
TabDDPM,060b9fff8092db17,native_trial_2,11,8cbf5e93747fadfde9eeae2ac36d4dc14569543b6687defb71eca584e359f4ef,/home/ubuntu/dope-scratch-x3/tabddpm-capacity-continuation-v9/attempts/8cbf5e93747fadfde9eeae2ac36d4dc14569543b6687defb71eca584e359f4ef/attempt-0003/artifact,537321,"[{""bytes"":4738,""path"":""inverse.npz"",""sha256"":""295b9822076f1d764fad5c7d0eb54ee194c0d0b20d7233379f2e19e08e4bfcea""},{""bytes"":559,""path"":""model.json"",""sha256"":""f8c87c3482b79daa5d026fe6ecdb1eef06186d577f5698f363b7b31a3507095e""},{""bytes"":3744,""path"":""projection.json"",""sha256"":""f10c12126f9f0dfac0193a963e4472213d48a2adc81046e828fd82dbd4cc5acd""},{""bytes"":528280,""path"":""weights.npz"",""sha256"":""f23c395ea8c26fb4fc9316f1f2eeae14eb583c4ebe6a87d9e29ef42b86f14f78""}]",author_five_synthetic_seed_validation_catboost_r2_mean,0.5140934341652649,/home/ubuntu/dope-scratch-x3/tabddpm-capacity-continuation-v9/attempts/8cbf5e93747fadfde9eeae2ac36d4dc14569543b6687defb71eca584e359f4ef/attempt-0003/native.json,098949508d5a001c723c5a7b94bfbf01ef903424525f24436ca1a8ed8a34aff4,True,shared_validation_4n_catboost_tstr_mse,,Shared auditor receipt not measured in this readset; R2 is a separate author native objective.,False
TabDDPM,26eff843be35d831,native_trial_2,11,8ddbf8c69a59d621965db712a35875c15fb9a6df894be128c718c97b2ae7a186,/home/ubuntu/dope-scratch-x3/tabddpm-capacity-continuation-v6/attempts/8ddbf8c69a59d621965db712a35875c15fb9a6df894be128c718c97b2ae7a186/attempt-0001/artifact,535338,"[{""bytes"":2525,""path"":""inverse.npz"",""sha256"":""1853abdbb7d099d354a7a4d9606c40dcc18797488e7d066838b6d0a2095512e7""},{""bytes"":559,""path"":""model.json"",""sha256"":""f8c87c3482b79daa5d026fe6ecdb1eef06186d577f5698f363b7b31a3507095e""},{""bytes"":3656,""path"":""projection.json"",""sha256"":""9997acb6be2766e82b25e2a6248cc7d69ac4786145b0c0d6ef54eecc1e01401b""},{""bytes"":528598,""path"":""weights.npz"",""sha256"":""1d0d1223a345bf71898491d54e6456a382c23d09dea9e7dbaaec48e4dc865a9c""}]",author_five_synthetic_seed_validation_catboost_r2_mean,,,,True,shared_validation_4n_catboost_tstr_mse,,Shared auditor receipt not measured in this readset; R2 is a separate author native objective.,False
TabDDPM,46c5a59e5ae42037,native_trial_1,11,8e739d36df1d59e07dc9c9cec9d40f2203451a9869a830b7a2a50b941c0ec79e,/home/ubuntu/dope-benchmark/work-order-b/tabddpm-population-v1/prior-artifacts/7ab6ffce6e9752d8156c02c0037d2c9f15de963e7734cbf0e8e166f22bc5e971,510173,"[{""bytes"":2251,""path"":""inverse.npz"",""sha256"":""d952350704c0c75523d77dde8a570708c6259d16cdcc54d8aefbad6b622b33f4""},{""bytes"":587,""path"":""model.json"",""sha256"":""2d1fe47ae6a89307c9803c8a5c25c5ff89f90f3a56f7af2a28e909bbe7ba0a86""},{""bytes"":1521,""path"":""projection.json"",""sha256"":""9efcfd45c01f6753165f6d2e00abf55c763138056a1f1aef82180f9a4d0c7bec""},{""bytes"":505814,""path"":""weights.npz"",""sha256"":""fbf157548cb6b87dbd209e913c7a0c8045f9df4a7aacdfb70148e3568f5802b5""}]",author_five_synthetic_seed_validation_catboost_r2_mean,,,,True,shared_validation_4n_catboost_tstr_mse,,Shared auditor receipt not measured in this readset; R2 is a separate author native objective.,False
TabDDPM,0779d3fd5b3133a2,native_trial_3,11,938d714d54a429d5cbfc3faf293fc4ec3261c9596fc802208937ed21afae9b11,/home/ubuntu/dope-scratch-x3/tabddpm-capacity-continuation-v10/attempts/938d714d54a429d5cbfc3faf293fc4ec3261c9596fc802208937ed21afae9b11/attempt-0001/artifact,495496,"[{""bytes"":867,""path"":""inverse.npz"",""sha256"":""9aeeaed4cd10d595b23fbeae77394336bcb71409bfe40cfa730334bcab03848e""},{""bytes"":558,""path"":""model.json"",""sha256"":""2a053cb3ede1744ded406f1285d1ee0bd21f2bae78a750b0f6b6b830271c54dd""},{""bytes"":464,""path"":""projection.json"",""sha256"":""934e646d92397cf7daa7158d04f7f7646a570ffcd1d579aaf181ff3b7c65ea77""},{""bytes"":493607,""path"":""weights.npz"",""sha256"":""f9d4f3eecd4d3d754477dbf062d2f5691b96f59a9d8b72a3be1f431069936c6e""}]",author_five_synthetic_seed_validation_catboost_r2_mean,0.9776696399745184,/home/ubuntu/dope-scratch-x3/tabddpm-capacity-continuation-v10/attempts/938d714d54a429d5cbfc3faf293fc4ec3261c9596fc802208937ed21afae9b11/attempt-0001/native.json,2e2ada8516ddb64d672d4464f52be5c45fa02a4e0d20a81b733ac5393997273f,True,shared_validation_4n_catboost_tstr_mse,,Shared auditor receipt not measured in this readset; R2 is a separate author native objective.,False
TabDDPM,297b7688a045c583,default,11,97e1f1098fdca44fcf83db885f33e2adde635603068ed161b220d6be938bf7cd,/home/ubuntu/dope-scratch-x3/tabddpm-capacity-continuation-v6/attempts/97e1f1098fdca44fcf83db885f33e2adde635603068ed161b220d6be938bf7cd/attempt-0001/artifact,574457,"[{""bytes"":3842,""path"":""inverse.npz"",""sha256"":""f423b1ef92219ed69ab9422a98c687c8b4362de17adccf6382c14efc4d0b7836""},{""bytes"":562,""path"":""model.json"",""sha256"":""e0c16b802800349ec47869957c72e9e33b78461e73b3298afb82fcca8769ac0d""},{""bytes"":7068,""path"":""projection.json"",""sha256"":""1e0ec7dfa403ee53af6cd2090a9c5e2238af47a88d5d5a743cc90738860a6e6f""},{""bytes"":562985,""path"":""weights.npz"",""sha256"":""5ce622535fe540555253a0c213a72deee0cb3d624c43be1842e6486b9768d8ee""}]",author_five_synthetic_seed_validation_catboost_r2_mean,-0.40693703478722776,/home/ubuntu/dope-scratch-x3/tabddpm-capacity-continuation-v6/attempts/97e1f1098fdca44fcf83db885f33e2adde635603068ed161b220d6be938bf7cd/attempt-0001/native.json,735d5dde0edce5908bfd8aa2b3d68306b0313dce4df43b954677b73f6f7c833d,True,shared_validation_4n_catboost_tstr_mse,,Shared auditor receipt not measured in this readset; R2 is a separate author native objective.,False
TabDDPM,02a45777900441ce,native_trial_4,11,9cb075c9aea8f1388e4fa062bf311c8820ff3b5b83f451c3f207d5359be8d0bb,/home/ubuntu/dope-benchmark/work-order-b/tabddpm-population-app-v4/attempts/9cb075c9aea8f1388e4fa062bf311c8820ff3b5b83f451c3f207d5359be8d0bb/attempt-0001/artifact,511567,"[{""bytes"":1215,""path"":""inverse.npz"",""sha256"":""e694b5496d4648fec64c49f8eeec8c2b40699e95a96e52b08ac4229cd5531ecc""},{""bytes"":569,""path"":""model.json"",""sha256"":""5c2a02c5dd7b7243b71f64578e273b7dc314099cf894716455d02387f3b17d11""},{""bytes"":1618,""path"":""projection.json"",""sha256"":""bd350d3977e549485828da36d859f192086bf79ce071e0dd36678bee920d6e6b""},{""bytes"":508165,""path"":""weights.npz"",""sha256"":""dee48ae3776f10b78b03202a4e56be72c81ed6a4566a78cb83174691206291c4""}]",author_five_synthetic_seed_validation_catboost_r2_mean,0.8693975064698438,/home/ubuntu/dope-benchmark/work-order-b/tabddpm-population-app-v4/attempts/9cb075c9aea8f1388e4fa062bf311c8820ff3b5b83f451c3f207d5359be8d0bb/attempt-0001/native.json,7a8bcd9c6321aa3a98456b1762d906255cf81b0541f26124fb03f300d8886fc5,True,shared_validation_4n_catboost_tstr_mse,,Shared auditor receipt not measured in this readset; R2 is a separate author native objective.,False
TabDDPM,3408a6a513c627a3,native_trial_2,11,a0ee7ec61d0aba2fa4ce8dd7dea5a2677966163b3c6f59e1be8a6de5d45556f4,/home/ubuntu/dope-scratch-x3/tabddpm-capacity-continuation-v7/attempts/a0ee7ec61d0aba2fa4ce8dd7dea5a2677966163b3c6f59e1be8a6de5d45556f4/attempt-0001/artifact,497026,"[{""bytes"":872,""path"":""inverse.npz"",""sha256"":""79b09aa787a1092f88612157af16fa0f09e8886003e1b2c3f2df6fb825484c22""},{""bytes"":558,""path"":""model.json"",""sha256"":""31465386d86fd6e50180e0ce9727448dec1072243ad83c7b501c0195ce6918ee""},{""bytes"":610,""path"":""projection.json"",""sha256"":""2264b2c566c138ca6d0fb1a3d188efc0605cfc0644624b0c3132759d98cb2630""},{""bytes"":494986,""path"":""weights.npz"",""sha256"":""bbd5125564e969203c45861fc78b1409de079469fe33c3c57c24e18cb7dfd702""}]",author_five_synthetic_seed_validation_catboost_r2_mean,,,,True,shared_validation_4n_catboost_tstr_mse,,Shared auditor receipt not measured in this readset; R2 is a separate author native objective.,False
TabDDPM,0d482c1dd7cc6592,default,11,a44f385d5a453fb9a70ca7443f0a08dcfb237e8a1b7886d2d2349a4c7933a837,/home/ubuntu/dope-benchmark/work-order-b/tabddpm-population-v1/prior-artifacts/10446ba1d2ce0eb9bace0ec931fcf1900af922c011601c2a191f5b0b43e32c7a,500946,"[{""bytes"":1186,""path"":""inverse.npz"",""sha256"":""f48a04b075c100e30ad6bbba7a2568ac292f1359c603299e292f81a17730bed3""},{""bytes"":570,""path"":""model.json"",""sha256"":""435ea425329cb29b8fc4019238f7c15ce086d9dc451509c12979c50134e30524""},{""bytes"":972,""path"":""projection.json"",""sha256"":""0017e5b938e3161e5f3459d3c384612d987fa027226affbf560800df298d0662""},{""bytes"":498218,""path"":""weights.npz"",""sha256"":""738103f27a4117a6fef41d8ab6fb235344a1115157ba03cf17b306ac1cdc3133""}]",author_five_synthetic_seed_validation_catboost_r2_mean,,,,True,shared_validation_4n_catboost_tstr_mse,,Shared auditor receipt not measured in this readset; R2 is a separate author native objective.,False
TabDDPM,04c80944e971cb3e,native_trial_2,11,a4a7e5c300c238aec8a630314d1981a4340aec9b973359d554fa1cd6b1bdce9f,/home/ubuntu/dope-benchmark/work-order-b/tabddpm-population-app-v4/attempts/a4a7e5c300c238aec8a630314d1981a4340aec9b973359d554fa1cd6b1bdce9f/attempt-0001/artifact,495434,"[{""bytes"":803,""path"":""inverse.npz"",""sha256"":""3e47de3f54f47e30ddbf2e57d1b1b0a47d47248c6bb41ad446fedcde443e8671""},{""bytes"":558,""path"":""model.json"",""sha256"":""888ea8bbe1070d830429113f001523feb93c69cf0409ebfbe0e51f8327c6c374""},{""bytes"":472,""path"":""projection.json"",""sha256"":""0c6dda519f2b0ca56b1646a35ce1feb4690d19baf27ffd4d5ba57f429cf69b5a""},{""bytes"":493601,""path"":""weights.npz"",""sha256"":""a1a5e2fee97a8744d039e5b3e8a0b38f2fafcd17f558420d38bed22d9b0333a9""}]",author_five_synthetic_seed_validation_catboost_r2_mean,0.9954791219648307,/home/ubuntu/dope-benchmark/work-order-b/tabddpm-population-app-v4/attempts/a4a7e5c300c238aec8a630314d1981a4340aec9b973359d554fa1cd6b1bdce9f/attempt-0001/native.json,9f5bf3b585d4080b2cc572e7172f18d8c98662a4470035b00bd96a53c8e5b767,True,shared_validation_4n_catboost_tstr_mse,,Shared auditor receipt not measured in this readset; R2 is a separate author native objective.,False
TabDDPM,06b0312a585b436e,native_trial_2,11,a9790f71e357c4e13c00aecd06c957082e8144433087d4f1b95c1423c84810d9,/home/ubuntu/dope-scratch-x3/tabddpm-capacity-continuation-v10/attempts/a9790f71e357c4e13c00aecd06c957082e8144433087d4f1b95c1423c84810d9/attempt-0002/artifact,511629,"[{""bytes"":1872,""path"":""inverse.npz"",""sha256"":""7effb816b623e6788e25de35f691941180c09876d6affc6c37a01037ecd5ba3d""},{""bytes"":582,""path"":""model.json"",""sha256"":""95847f48e154041cd541999c24086b976657b78678d528b791f3358108d9d8c5""},{""bytes"":1635,""path"":""projection.json"",""sha256"":""64557020f16774b65d71de61f1c3c99f6cd6a5234273182154bee9fc294b5888""},{""bytes"":507540,""path"":""weights.npz"",""sha256"":""e1635671391eef75c524f4750134a819895fa54c4bc60ecd6b66c22de26a2e8a""}]",author_five_synthetic_seed_validation_catboost_r2_mean,0.12262568383409525,/home/ubuntu/dope-scratch-x3/tabddpm-capacity-continuation-v10/attempts/a9790f71e357c4e13c00aecd06c957082e8144433087d4f1b95c1423c84810d9/attempt-0002/native.json,4f4b9aa5268b040a91c7a5da0f6e36ba370a9af3db34287d8c4a6c0c1f2af1e5,True,shared_validation_4n_catboost_tstr_mse,,Shared auditor receipt not measured in this readset; R2 is a separate author native objective.,False
TabDDPM,46c5a59e5ae42037,native_trial_4,11,a98f36c36dd1aa4a163ec6af25de5ec4fcfc32c26ac6b4dffac01e7444dde9c8,/home/ubuntu/dope-benchmark/work-order-b/tabddpm-population-v1/prior-artifacts/9a1865196817bdb7823e7fd1e0d8ae64a1d7a150f1f9be2d7a0d249f85c4aa02,510481,"[{""bytes"":2251,""path"":""inverse.npz"",""sha256"":""d952350704c0c75523d77dde8a570708c6259d16cdcc54d8aefbad6b622b33f4""},{""bytes"":589,""path"":""model.json"",""sha256"":""e1a264c8cc8334bbf0b44a2b005801419f75789b074f273bdbc8d8e88a3b89e8""},{""bytes"":1521,""path"":""projection.json"",""sha256"":""9efcfd45c01f6753165f6d2e00abf55c763138056a1f1aef82180f9a4d0c7bec""},{""bytes"":506120,""path"":""weights.npz"",""sha256"":""0f9b9d191e9671bac9b438fb2ccd592d92c1ead3eafed9eee633bbf8da6593b1""}]",author_five_synthetic_seed_validation_catboost_r2_mean,,,,True,shared_validation_4n_catboost_tstr_mse,,Shared auditor receipt not measured in this readset; R2 is a separate author native objective.,False
TabDDPM,297b7688a045c583,native_trial_1,11,a9b18a47c01dba49b01bab67acf0f63affe2fcc58981894839025bee206caa96,/home/ubuntu/dope-scratch-x3/tabddpm-capacity-continuation-v6/attempts/a9b18a47c01dba49b01bab67acf0f63affe2fcc58981894839025bee206caa96/attempt-0001/artifact,576086,"[{""bytes"":3842,""path"":""inverse.npz"",""sha256"":""f423b1ef92219ed69ab9422a98c687c8b4362de17adccf6382c14efc4d0b7836""},{""bytes"":558,""path"":""model.json"",""sha256"":""c47067085824f5443870d4529b584d0872872ccfb2bec34f091c7aa3fc1fa605""},{""bytes"":7068,""path"":""projection.json"",""sha256"":""1e0ec7dfa403ee53af6cd2090a9c5e2238af47a88d5d5a743cc90738860a6e6f""},{""bytes"":564618,""path"":""weights.npz"",""sha256"":""73981f16a23ad97232df654020d09bf7d1db8fd80c38417be232e6a67eebb301""}]",author_five_synthetic_seed_validation_catboost_r2_mean,0.15089410848442156,/home/ubuntu/dope-scratch-x3/tabddpm-capacity-continuation-v6/attempts/a9b18a47c01dba49b01bab67acf0f63affe2fcc58981894839025bee206caa96/attempt-0001/native.json,9a174a38fc0025d0ba4a13d72b28809ce0e3e01126b309370af761cf51542287,True,shared_validation_4n_catboost_tstr_mse,,Shared auditor receipt not measured in this readset; R2 is a separate author native objective.,False
TabDDPM,047e62b52a3f4ede,native_trial_1,11,b09de02b483172e4bdf1f0a156496c0563f344ca2100f00ac8f8d9ba9f383e13,/home/ubuntu/dope-benchmark/work-order-b/tabddpm-population-app-v4/attempts/b09de02b483172e4bdf1f0a156496c0563f344ca2100f00ac8f8d9ba9f383e13/attempt-0001/artifact,513831,"[{""bytes"":1560,""path"":""inverse.npz"",""sha256"":""1c1932ced552b06437d6133008e26626832974cea84f597b349bb20d31e2d961""},{""bytes"":558,""path"":""model.json"",""sha256"":""7c664c13fe636ee030ed1975e7240c994dfff32c63a971dc609ade1350315a69""},{""bytes"":1926,""path"":""projection.json"",""sha256"":""2fa5424b537cef4ceb4df78bcae0d5c511b4a3262fa688d0f583bbf3b70f07b1""},{""bytes"":509787,""path"":""weights.npz"",""sha256"":""56823135b17b00ce04e6435c4a7b7610f6c3b2c2fc98d3e94a34ff27c190852d""}]",author_five_synthetic_seed_validation_catboost_r2_mean,0.8799467903329843,/home/ubuntu/dope-benchmark/work-order-b/tabddpm-population-app-v4/attempts/b09de02b483172e4bdf1f0a156496c0563f344ca2100f00ac8f8d9ba9f383e13/attempt-0001/native.json,4003c87371d58f1bfd4324344331363683aa75072ec54587f3042e7ff81ebdda,True,shared_validation_4n_catboost_tstr_mse,,Shared auditor receipt not measured in this readset; R2 is a separate author native objective.,False
TabDDPM,0561d673cb73c27e,native_trial_1,11,b8597119fdeda16aeec039b6f26083941971eaf21293f8eaabc0ecf247c7ccd9,/home/ubuntu/dope-benchmark/work-order-b/tabddpm-population-app-v4/attempts/b8597119fdeda16aeec039b6f26083941971eaf21293f8eaabc0ecf247c7ccd9/attempt-0001/artifact,510467,"[{""bytes"":1581,""path"":""inverse.npz"",""sha256"":""3a210def01c55ef33005d361b9e7db5ac6e78ee9f586f3014f95b6f1337c940a""},{""bytes"":558,""path"":""model.json"",""sha256"":""900253f156c9265d6697843440359b04d61310383e46a79a156b705bb8e04e53""},{""bytes"":1715,""path"":""projection.json"",""sha256"":""b6b3358bb52f213747d8146275f6eb3b7e92dffbf1ebc6a910102e5e9bcd68dc""},{""bytes"":506613,""path"":""weights.npz"",""sha256"":""70e932395a083e66af920296f536b40fd2f080f50a39a6d9770c42d268a23d4f""}]",author_five_synthetic_seed_validation_catboost_r2_mean,0.5728129184926349,/home/ubuntu/dope-benchmark/work-order-b/tabddpm-population-app-v4/attempts/b8597119fdeda16aeec039b6f26083941971eaf21293f8eaabc0ecf247c7ccd9/attempt-0001/native.json,c0ccb89c915dd3d4f1eaf06835fd55a0495198ead0e23c5ab27ae587fa07c9d3,True,shared_validation_4n_catboost_tstr_mse,,Shared auditor receipt not measured in this readset; R2 is a separate author native objective.,False
TabDDPM,0561d673cb73c27e,native_trial_3,11,be01c51d3773fd79a99467d439ccc982d010859c609fd32df3b8323fedfe3c10,/home/ubuntu/dope-benchmark/work-order-b/tabddpm-population-app-v4/attempts/be01c51d3773fd79a99467d439ccc982d010859c609fd32df3b8323fedfe3c10/attempt-0001/artifact,510711,"[{""bytes"":1581,""path"":""inverse.npz"",""sha256"":""3a210def01c55ef33005d361b9e7db5ac6e78ee9f586f3014f95b6f1337c940a""},{""bytes"":559,""path"":""model.json"",""sha256"":""761da16442ac2667563756c2db9c9f93feef2977b895700b2c1c261e3189e844""},{""bytes"":1715,""path"":""projection.json"",""sha256"":""b6b3358bb52f213747d8146275f6eb3b7e92dffbf1ebc6a910102e5e9bcd68dc""},{""bytes"":506856,""path"":""weights.npz"",""sha256"":""7475bfd170dd5578d0840774b5330956dcae03b31f94366846185fddd72e005c""}]",author_five_synthetic_seed_validation_catboost_r2_mean,0.5512837886318327,/home/ubuntu/dope-benchmark/work-order-b/tabddpm-population-app-v4/attempts/be01c51d3773fd79a99467d439ccc982d010859c609fd32df3b8323fedfe3c10/attempt-0001/native.json,65c29124b32553639ca1498774a300b1a284d2a30f03cd323e7c14a8cfcfd632,True,shared_validation_4n_catboost_tstr_mse,,Shared auditor receipt not measured in this readset; R2 is a separate author native objective.,False
TabDDPM,06b0312a585b436e,native_trial_3,11,be74a11ed434d73829df6d289e28db4fb5e8afa913e4b7a83b49870aff064b5b,/home/ubuntu/dope-scratch-x3/tabddpm-capacity-continuation-v10/attempts/be74a11ed434d73829df6d289e28db4fb5e8afa913e4b7a83b49870aff064b5b/attempt-0002/artifact,511903,"[{""bytes"":1872,""path"":""inverse.npz"",""sha256"":""7effb816b623e6788e25de35f691941180c09876d6affc6c37a01037ecd5ba3d""},{""bytes"":582,""path"":""model.json"",""sha256"":""982bcbd6deb9f891bc46f20824a7bf00758779f586a289aee1e2c108b3a5f162""},{""bytes"":1635,""path"":""projection.json"",""sha256"":""64557020f16774b65d71de61f1c3c99f6cd6a5234273182154bee9fc294b5888""},{""bytes"":507814,""path"":""weights.npz"",""sha256"":""ed32d8ea4d691c7cbc041732bae03659c1bada84332899bd9d2d77b1887b7f67""}]",author_five_synthetic_seed_validation_catboost_r2_mean,0.1304114829572485,/home/ubuntu/dope-scratch-x3/tabddpm-capacity-continuation-v10/attempts/be74a11ed434d73829df6d289e28db4fb5e8afa913e4b7a83b49870aff064b5b/attempt-0002/native.json,a0d544443125ac7e9b49c1638dda622e1595901cd3c14ac537b8f53d23e8f6b6,True,shared_validation_4n_catboost_tstr_mse,,Shared auditor receipt not measured in this readset; R2 is a separate author native objective.,False
TabDDPM,0561d673cb73c27e,default,11,c05631e4edcee84557458e422db7662b7f0a911f47d722494562f95c216b4eeb,/home/ubuntu/dope-benchmark/work-order-b/tabddpm-population-app-v4/attempts/c05631e4edcee84557458e422db7662b7f0a911f47d722494562f95c216b4eeb/attempt-0001/artifact,509355,"[{""bytes"":1581,""path"":""inverse.npz"",""sha256"":""3a210def01c55ef33005d361b9e7db5ac6e78ee9f586f3014f95b6f1337c940a""},{""bytes"":562,""path"":""model.json"",""sha256"":""0783f40b4ba62099f3060725107f60283c4d9976082a7ee491a8a83a4f07ea8b""},{""bytes"":1715,""path"":""projection.json"",""sha256"":""b6b3358bb52f213747d8146275f6eb3b7e92dffbf1ebc6a910102e5e9bcd68dc""},{""bytes"":505497,""path"":""weights.npz"",""sha256"":""01938b50b04166cd55ad3df33e0fe0005e88c1849ab64b81a0046a2942d5bba4""}]",author_five_synthetic_seed_validation_catboost_r2_mean,0.624881072385807,/home/ubuntu/dope-benchmark/work-order-b/tabddpm-population-app-v4/attempts/c05631e4edcee84557458e422db7662b7f0a911f47d722494562f95c216b4eeb/attempt-0001/native.json,e723d53bc3130fde525e43bf7cbf3be4e695dd8d582d87b347604dce0c015fe2,True,shared_validation_4n_catboost_tstr_mse,,Shared auditor receipt not measured in this readset; R2 is a separate author native objective.,False
TabDDPM,46c5a59e5ae42037,native_trial_3,11,c07564bfded81b3a2fe874f8b6749722cfcb4308cd85e43e88a4e64dc8199af8,/home/ubuntu/dope-benchmark/work-order-b/tabddpm-population-v1/prior-artifacts/19e6e76a68d528cfba732d1e7c73b21d80e4db6a334c9161c7de8fe73514b751,510309,"[{""bytes"":2251,""path"":""inverse.npz"",""sha256"":""d952350704c0c75523d77dde8a570708c6259d16cdcc54d8aefbad6b622b33f4""},{""bytes"":588,""path"":""model.json"",""sha256"":""8da545d479d09738c00678b5a9a350fee905bc5d29f4d2fccee184976f2791a9""},{""bytes"":1521,""path"":""projection.json"",""sha256"":""9efcfd45c01f6753165f6d2e00abf55c763138056a1f1aef82180f9a4d0c7bec""},{""bytes"":505949,""path"":""weights.npz"",""sha256"":""3861485451291aaeccc3689de1cc6ccd59add0419aad0548eb0d9a8ea13177c6""}]",author_five_synthetic_seed_validation_catboost_r2_mean,,,,True,shared_validation_4n_catboost_tstr_mse,,Shared auditor receipt not measured in this readset; R2 is a separate author native objective.,False
TabDDPM,2c8d0985f3557d2b,native_trial_2,11,c23b4cef3c8f9d6b965672e27575045049812d527c7096d3bc1601316c5cfb8a,/home/ubuntu/dope-scratch-x3/tabddpm-capacity-continuation-v6/attempts/c23b4cef3c8f9d6b965672e27575045049812d527c7096d3bc1601316c5cfb8a/attempt-0001/artifact,497401,"[{""bytes"":1370,""path"":""inverse.npz"",""sha256"":""91033565da42c678162ea04ca08d40473514402d8b22833e84b2288002d57acb""},{""bytes"":558,""path"":""model.json"",""sha256"":""31465386d86fd6e50180e0ce9727448dec1072243ad83c7b501c0195ce6918ee""},{""bytes"":626,""path"":""projection.json"",""sha256"":""08336bd2355db736c36f021477f31fdb42d22d7dd4ec874e48a314e0e2b13cc1""},{""bytes"":494847,""path"":""weights.npz"",""sha256"":""3aad53c3a2a3b998f43ad2f961fed8bad050528d5b6f441f01fb1caa6f2ddba1""}]",author_five_synthetic_seed_validation_catboost_r2_mean,,,,True,shared_validation_4n_catboost_tstr_mse,,Shared auditor receipt not measured in this readset; R2 is a separate author native objective.,False
TabDDPM,3408a6a513c627a3,default,11,c4a1669a291849b2fe9c0c59f8faa4d8beb9b1f78dbff77fc4f6a1c0da13c86e,/home/ubuntu/dope-scratch-x3/tabddpm-capacity-continuation-v7/attempts/c4a1669a291849b2fe9c0c59f8faa4d8beb9b1f78dbff77fc4f6a1c0da13c86e/attempt-0001/artifact,496256,"[{""bytes"":872,""path"":""inverse.npz"",""sha256"":""79b09aa787a1092f88612157af16fa0f09e8886003e1b2c3f2df6fb825484c22""},{""bytes"":561,""path"":""model.json"",""sha256"":""45075eeae9c2b4ba730895a226b063ed637408b9105e64c3fd422ed93af4fbb8""},{""bytes"":610,""path"":""projection.json"",""sha256"":""2264b2c566c138ca6d0fb1a3d188efc0605cfc0644624b0c3132759d98cb2630""},{""bytes"":494213,""path"":""weights.npz"",""sha256"":""1428b21e5f2745af0a5d3481cae1be746128b9b48affdd27130ea41624808a6c""}]",author_five_synthetic_seed_validation_catboost_r2_mean,0.9457937759340534,/home/ubuntu/dope-scratch-x3/tabddpm-capacity-continuation-v7/attempts/c4a1669a291849b2fe9c0c59f8faa4d8beb9b1f78dbff77fc4f6a1c0da13c86e/attempt-0001/native.json,d96f44a495f4d8be4503c988d42e5843bcc578a75e3365db636f4fffcbf807dc,True,shared_validation_4n_catboost_tstr_mse,,Shared auditor receipt not measured in this readset; R2 is a separate author native objective.,False
TabDDPM,060b9fff8092db17,native_trial_3,11,cdaa5de4dfe96a1b6207b7666ec9f08378d34ebc70300698209152c198c944c2,/home/ubuntu/dope-scratch-x3/tabddpm-capacity-continuation-v9/attempts/cdaa5de4dfe96a1b6207b7666ec9f08378d34ebc70300698209152c198c944c2/attempt-0002/artifact,537419,"[{""bytes"":4738,""path"":""inverse.npz"",""sha256"":""295b9822076f1d764fad5c7d0eb54ee194c0d0b20d7233379f2e19e08e4bfcea""},{""bytes"":559,""path"":""model.json"",""sha256"":""358520769b010e796c3ef47626039b513b7b6be6a6ef17da2a0120d6646dd50b""},{""bytes"":3744,""path"":""projection.json"",""sha256"":""f10c12126f9f0dfac0193a963e4472213d48a2adc81046e828fd82dbd4cc5acd""},{""bytes"":528378,""path"":""weights.npz"",""sha256"":""3c41990bb597f850c7bed19a3e78661029b09ebda23e896cae25f6b0c7d5ef81""}]",author_five_synthetic_seed_validation_catboost_r2_mean,0.5187427864477051,/home/ubuntu/dope-scratch-x3/tabddpm-capacity-continuation-v9/attempts/cdaa5de4dfe96a1b6207b7666ec9f08378d34ebc70300698209152c198c944c2/attempt-0002/native.json,2c4efc473ae7648662b9501ea899d4fde5d4f15facf6295c01c38646d93aef17,True,shared_validation_4n_catboost_tstr_mse,,Shared auditor receipt not measured in this readset; R2 is a separate author native objective.,False
TabDDPM,30ca2887550f0d8d,native_trial_3,11,cf8d12ba686819fe6603e9331517500ca9def94bff40fa67151576c5eac2d99b,/home/ubuntu/dope-scratch-x3/tabddpm-capacity-continuation-v7/attempts/cf8d12ba686819fe6603e9331517500ca9def94bff40fa67151576c5eac2d99b/attempt-0001/artifact,537435,"[{""bytes"":2426,""path"":""inverse.npz"",""sha256"":""49afbd94db2f0505653096d9390661a8ba166eda8de4215729314ba005203f6e""},{""bytes"":559,""path"":""model.json"",""sha256"":""d010d4a5d9a7e9ffc28aafada3e96b4213a474645ad8481b3238f56214ea5bbe""},{""bytes"":3762,""path"":""projection.json"",""sha256"":""ab5656095a71338ede23cd660cb37c1174a86166437bf6b5b8b3983cea0531b8""},{""bytes"":530688,""path"":""weights.npz"",""sha256"":""a2d3553960814339b8928269ef439b103a8374d2d6cdce4241283bfa04636fa1""}]",author_five_synthetic_seed_validation_catboost_r2_mean,0.7734983706828127,/home/ubuntu/dope-scratch-x3/tabddpm-capacity-continuation-v7/attempts/cf8d12ba686819fe6603e9331517500ca9def94bff40fa67151576c5eac2d99b/attempt-0001/native.json,c28394b4060fee19d1a046de1aaa011fa3a64bfdf4379ec0c87e064078c048cd,True,shared_validation_4n_catboost_tstr_mse,,Shared auditor receipt not measured in this readset; R2 is a separate author native objective.,False
TabDDPM,02a45777900441ce,native_trial_1,11,cff14b288c5a0f0e0fbb5c562b12fef44bb907d3bc974825f29ece21760010b9,/home/ubuntu/dope-benchmark/work-order-b/tabddpm-population-app-v4/attempts/cff14b288c5a0f0e0fbb5c562b12fef44bb907d3bc974825f29ece21760010b9/attempt-0001/artifact,510534,"[{""bytes"":1215,""path"":""inverse.npz"",""sha256"":""e694b5496d4648fec64c49f8eeec8c2b40699e95a96e52b08ac4229cd5531ecc""},{""bytes"":567,""path"":""model.json"",""sha256"":""de197d1bf53e9c07a1160f7da512d65e8a99079c8dc4770db17ad33a0df13b3b""},{""bytes"":1618,""path"":""projection.json"",""sha256"":""bd350d3977e549485828da36d859f192086bf79ce071e0dd36678bee920d6e6b""},{""bytes"":507134,""path"":""weights.npz"",""sha256"":""4967ed6efbf100df8a6d60589342c09960395f073aab998a49e79165160fb5b1""}]",author_five_synthetic_seed_validation_catboost_r2_mean,0.8423379922754343,/home/ubuntu/dope-scratch-x3/tabddpm-capacity-continuation-v7/attempts/cff14b288c5a0f0e0fbb5c562b12fef44bb907d3bc974825f29ece21760010b9/attempt-0003/native.json,074c7083f1a77bc25634a2ec711834dc996dc54deef7d42074430ccaa7cf0686,True,shared_validation_4n_catboost_tstr_mse,,Shared auditor receipt not measured in this readset; R2 is a separate author native objective.,False
TabDDPM,0779d3fd5b3133a2,native_trial_2,11,d0652b90a22644d94654e8d6c79f4c47dbc917247db249735a606208f5216b0d,/home/ubuntu/dope-scratch-x3/tabddpm-capacity-continuation-v10/attempts/d0652b90a22644d94654e8d6c79f4c47dbc917247db249735a606208f5216b0d/attempt-0001/artifact,495659,"[{""bytes"":867,""path"":""inverse.npz"",""sha256"":""9aeeaed4cd10d595b23fbeae77394336bcb71409bfe40cfa730334bcab03848e""},{""bytes"":558,""path"":""model.json"",""sha256"":""888ea8bbe1070d830429113f001523feb93c69cf0409ebfbe0e51f8327c6c374""},{""bytes"":464,""path"":""projection.json"",""sha256"":""934e646d92397cf7daa7158d04f7f7646a570ffcd1d579aaf181ff3b7c65ea77""},{""bytes"":493770,""path"":""weights.npz"",""sha256"":""2aa3bfe5932d677165cd23c52c9205e2a646afbb2146b211f131b82f4ffcad13""}]",author_five_synthetic_seed_validation_catboost_r2_mean,0.9757945565360945,/home/ubuntu/dope-scratch-x3/tabddpm-capacity-continuation-v10/attempts/d0652b90a22644d94654e8d6c79f4c47dbc917247db249735a606208f5216b0d/attempt-0001/native.json,973e5de855ca408523026c870d2bca1f24d7f560cfecf55a6b1fabb77cd643cd,True,shared_validation_4n_catboost_tstr_mse,,Shared auditor receipt not measured in this readset; R2 is a separate author native objective.,False
TabDDPM,0779d3fd5b3133a2,native_trial_1,11,d39676caec33387603436e65b0a4eae77d43203ed0f3542373aa6ecfb39bff5b,/home/ubuntu/dope-scratch-x3/tabddpm-capacity-continuation-v10/attempts/d39676caec33387603436e65b0a4eae77d43203ed0f3542373aa6ecfb39bff5b/attempt-0001/artifact,495495,"[{""bytes"":867,""path"":""inverse.npz"",""sha256"":""9aeeaed4cd10d595b23fbeae77394336bcb71409bfe40cfa730334bcab03848e""},{""bytes"":557,""path"":""model.json"",""sha256"":""5ff2e6f6f0df15298af4882bc18ff87a55eae96e4c1f0e9c5f30debb092996eb""},{""bytes"":464,""path"":""projection.json"",""sha256"":""934e646d92397cf7daa7158d04f7f7646a570ffcd1d579aaf181ff3b7c65ea77""},{""bytes"":493607,""path"":""weights.npz"",""sha256"":""f9d4f3eecd4d3d754477dbf062d2f5691b96f59a9d8b72a3be1f431069936c6e""}]",author_five_synthetic_seed_validation_catboost_r2_mean,0.9776696399745184,/home/ubuntu/dope-scratch-x3/tabddpm-capacity-continuation-v10/attempts/d39676caec33387603436e65b0a4eae77d43203ed0f3542373aa6ecfb39bff5b/attempt-0001/native.json,0a7ad0b8d77a2a383953ff5325bce3e41af16fabd9004a96f22dceadcce177c6,True,shared_validation_4n_catboost_tstr_mse,,Shared auditor receipt not measured in this readset; R2 is a separate author native objective.,False
TabDDPM,297b7688a045c583,native_trial_3,11,d4421085944007b8ce09a0bbed46409b48cb0cbe7184efcfd7d7f8585a826591,/home/ubuntu/dope-scratch-x3/tabddpm-capacity-continuation-v6/attempts/d4421085944007b8ce09a0bbed46409b48cb0cbe7184efcfd7d7f8585a826591/attempt-0001/artifact,576087,"[{""bytes"":3842,""path"":""inverse.npz"",""sha256"":""f423b1ef92219ed69ab9422a98c687c8b4362de17adccf6382c14efc4d0b7836""},{""bytes"":559,""path"":""model.json"",""sha256"":""cc16675871d5c8472858a9eda7c34c2400d162b0e528532fb6a18042384933ea""},{""bytes"":7068,""path"":""projection.json"",""sha256"":""1e0ec7dfa403ee53af6cd2090a9c5e2238af47a88d5d5a743cc90738860a6e6f""},{""bytes"":564618,""path"":""weights.npz"",""sha256"":""73981f16a23ad97232df654020d09bf7d1db8fd80c38417be232e6a67eebb301""}]",author_five_synthetic_seed_validation_catboost_r2_mean,,,,True,shared_validation_4n_catboost_tstr_mse,,Shared auditor receipt not measured in this readset; R2 is a separate author native objective.,False
TabDDPM,07f38946316c039b,default,11,d44ed638cb57b7dca9b0ae96b3bde47bca2d2a3b9c0a994deabb0ec41afeb83c,/home/ubuntu/dope-scratch-x3/tabddpm-capacity-continuation-v10/attempts/d44ed638cb57b7dca9b0ae96b3bde47bca2d2a3b9c0a994deabb0ec41afeb83c/attempt-0001/artifact,510168,"[{""bytes"":2465,""path"":""inverse.npz"",""sha256"":""bd67af97d6949c9e39ba0e903403f4aa428e8aa424f418b62c9e5c9192a229cd""},{""bytes"":562,""path"":""model.json"",""sha256"":""0783f40b4ba62099f3060725107f60283c4d9976082a7ee491a8a83a4f07ea8b""},{""bytes"":1677,""path"":""projection.json"",""sha256"":""5488b0e36f2e6fde9c3ab9d0b457c99ab4a33d4a0fa11cb51f9ebfcca90a6252""},{""bytes"":505464,""path"":""weights.npz"",""sha256"":""e34c561e5e598d79276ac4b2a47259aafafd3cbec4120e3d6be4f7567a330611""}]",author_five_synthetic_seed_validation_catboost_r2_mean,0.7603442893991372,/home/ubuntu/dope-scratch-x3/tabddpm-capacity-continuation-v13-owner-window/attempts/d44ed638cb57b7dca9b0ae96b3bde47bca2d2a3b9c0a994deabb0ec41afeb83c/attempt-0002/native.json,01a027495007f525ff20af10d1950aba9376f0dfaea00b6f64acbd91791f2a76,True,shared_validation_4n_catboost_tstr_mse,,Shared auditor receipt not measured in this readset; R2 is a separate author native objective.,False
TabDDPM,0a8428ef25a69175,default,11,d678195533425bfe75fb0e51df7d6a42dc5c0463597ab66fd01ad2665b6193a5,/home/ubuntu/dope-scratch-x3/tabddpm-capacity-continuation-v14-reciprocal/attempts/d678195533425bfe75fb0e51df7d6a42dc5c0463597ab66fd01ad2665b6193a5/attempt-0001/artifact,507405,"[{""bytes"":2614,""path"":""inverse.npz"",""sha256"":""d33b34a744459a487dbf3c19d4b6212b0c9c834b0d5602472f050cbc505da252""},{""bytes"":561,""path"":""model.json"",""sha256"":""86e0fc990fb0bc3b847bce0952356aa2a8fcd5653020398472e7c2078814eb5d""},{""bytes"":1427,""path"":""projection.json"",""sha256"":""d4e0ea1a7d6b7363626e9bc46a66d74267cadb12651c7dec36a62f884e52d003""},{""bytes"":502803,""path"":""weights.npz"",""sha256"":""bcd6a9479f80b296c5d09aa212fd3f98d6ea74056fdca0529bf78b3ceda1026d""}]",author_five_synthetic_seed_validation_catboost_r2_mean,,,,False,shared_validation_4n_catboost_tstr_mse,,Shared auditor receipt not measured in this readset; R2 is a separate author native objective.,False
TabDDPM,07f38946316c039b,native_trial_2,11,d6c0275df11916333a41e08734e2c022003e39b8204b50c3319002a202ab0a79,/home/ubuntu/dope-scratch-x3/tabddpm-capacity-continuation-v14-reciprocal/attempts/d6c0275df11916333a41e08734e2c022003e39b8204b50c3319002a202ab0a79/attempt-0001/artifact,511458,"[{""bytes"":2465,""path"":""inverse.npz"",""sha256"":""bd67af97d6949c9e39ba0e903403f4aa428e8aa424f418b62c9e5c9192a229cd""},{""bytes"":559,""path"":""model.json"",""sha256"":""3b0ee92dc1adc16e3f63ff5e3fd0e29af253769bbeb983090a4dcd933d2c298d""},{""bytes"":1677,""path"":""projection.json"",""sha256"":""5488b0e36f2e6fde9c3ab9d0b457c99ab4a33d4a0fa11cb51f9ebfcca90a6252""},{""bytes"":506757,""path"":""weights.npz"",""sha256"":""578398bb8333a1080a624deb492b0276b8984fa1900f91c9d48f81791f4be843""}]",author_five_synthetic_seed_validation_catboost_r2_mean,0.8425687508511762,/home/ubuntu/dope-scratch-x3/tabddpm-capacity-continuation-v14-reciprocal/attempts/d6c0275df11916333a41e08734e2c022003e39b8204b50c3319002a202ab0a79/attempt-0001/native.json,03010ce3ce39b67715e72ce1b24bf48368d8dd60e463dfa51805854b4aff6977,False,shared_validation_4n_catboost_tstr_mse,,Shared auditor receipt not measured in this readset; R2 is a separate author native objective.,False
TabDDPM,047e62b52a3f4ede,default,11,d9d05b7a34abc34a746b7ae24a0b87d47e86eaf3f49835c907bee22685603e9a,/home/ubuntu/dope-benchmark/work-order-b/tabddpm-population-app-v4/attempts/d9d05b7a34abc34a746b7ae24a0b87d47e86eaf3f49835c907bee22685603e9a/attempt-0001/artifact,512514,"[{""bytes"":1560,""path"":""inverse.npz"",""sha256"":""1c1932ced552b06437d6133008e26626832974cea84f597b349bb20d31e2d961""},{""bytes"":562,""path"":""model.json"",""sha256"":""4b1eab574b6084311772381b8113cafdfb307c7e3e6080e5fad57fc9696def4b""},{""bytes"":1926,""path"":""projection.json"",""sha256"":""2fa5424b537cef4ceb4df78bcae0d5c511b4a3262fa688d0f583bbf3b70f07b1""},{""bytes"":508466,""path"":""weights.npz"",""sha256"":""407bf08289bf20499471c1ec4bc861b184226c2a7b163ff1557f07efa09c656d""}]",author_five_synthetic_seed_validation_catboost_r2_mean,0.7895741557416949,/home/ubuntu/dope-scratch-x3/tabddpm-capacity-continuation-v9/attempts/d9d05b7a34abc34a746b7ae24a0b87d47e86eaf3f49835c907bee22685603e9a/attempt-0003/native.json,d0c5c2172280a5fc28c12fb1d64844d38991dbe85517fd7496f79c02fbb38791,True,shared_validation_4n_catboost_tstr_mse,,Shared auditor receipt not measured in this readset; R2 is a separate author native objective.,False
TabDDPM,282f8ddb43b5e677,default,11,e251d6d905a9521bae01fba28654d1e0f4735db42605557cc682c9c1110e97ab,/home/ubuntu/dope-scratch-x3/tabddpm-capacity-continuation-v3/attempts/e251d6d905a9521bae01fba28654d1e0f4735db42605557cc682c9c1110e97ab/attempt-0001/artifact,510244,"[{""bytes"":2462,""path"":""inverse.npz"",""sha256"":""7f0ede4e6a961f64d6955a677562cebe8a3ae649aa545c28b9b7ce1cb3c0c614""},{""bytes"":562,""path"":""model.json"",""sha256"":""0783f40b4ba62099f3060725107f60283c4d9976082a7ee491a8a83a4f07ea8b""},{""bytes"":1708,""path"":""projection.json"",""sha256"":""341617c44264aa32b9af7083e72a81581a213ad14f1b871b4bb622c77d27d69c""},{""bytes"":505512,""path"":""weights.npz"",""sha256"":""9174556eb1e34ebd495a81d988278f341afc3968a6d66fe92cc93490df30ca5e""}]",author_five_synthetic_seed_validation_catboost_r2_mean,,,,True,shared_validation_4n_catboost_tstr_mse,,Shared auditor receipt not measured in this readset; R2 is a separate author native objective.,False
TabDDPM,060b9fff8092db17,default,11,e766597dcf627d784b77eff0a460021ef7d40bbccd2d0b4daf21cf4427d7ddfc,/home/ubuntu/dope-scratch-x3/tabddpm-capacity-continuation-v9/attempts/e766597dcf627d784b77eff0a460021ef7d40bbccd2d0b4daf21cf4427d7ddfc/attempt-0002/artifact,536315,"[{""bytes"":4738,""path"":""inverse.npz"",""sha256"":""295b9822076f1d764fad5c7d0eb54ee194c0d0b20d7233379f2e19e08e4bfcea""},{""bytes"":562,""path"":""model.json"",""sha256"":""291ad3effa2c6f28c55bcc18b4894abf96e4363fb6eaf7d9f3f2f1a61e7cb702""},{""bytes"":3744,""path"":""projection.json"",""sha256"":""f10c12126f9f0dfac0193a963e4472213d48a2adc81046e828fd82dbd4cc5acd""},{""bytes"":527271,""path"":""weights.npz"",""sha256"":""e2cf5199b93f4b2c1982db428ebb22f933f9a40577cef36a089467cea934ce32""}]",author_five_synthetic_seed_validation_catboost_r2_mean,0.20331030175959217,/home/ubuntu/dope-scratch-x3/tabddpm-capacity-continuation-v9/attempts/e766597dcf627d784b77eff0a460021ef7d40bbccd2d0b4daf21cf4427d7ddfc/attempt-0002/native.json,c44215cd7ee59447cefff43413890171a4558206aa003495ba762ebf94fd7c22,True,shared_validation_4n_catboost_tstr_mse,,Shared auditor receipt not measured in this readset; R2 is a separate author native objective.,False
TabDDPM,0561d673cb73c27e,native_trial_2,11,e8d03191cc2c0124dee0901ee3f690d7848d8896ea9055e6d675d319f960ab50,/home/ubuntu/dope-benchmark/work-order-b/tabddpm-population-app-v4/attempts/e8d03191cc2c0124dee0901ee3f690d7848d8896ea9055e6d675d319f960ab50/attempt-0001/artifact,510631,"[{""bytes"":1581,""path"":""inverse.npz"",""sha256"":""3a210def01c55ef33005d361b9e7db5ac6e78ee9f586f3014f95b6f1337c940a""},{""bytes"":559,""path"":""model.json"",""sha256"":""3b0ee92dc1adc16e3f63ff5e3fd0e29af253769bbeb983090a4dcd933d2c298d""},{""bytes"":1715,""path"":""projection.json"",""sha256"":""b6b3358bb52f213747d8146275f6eb3b7e92dffbf1ebc6a910102e5e9bcd68dc""},{""bytes"":506776,""path"":""weights.npz"",""sha256"":""f4862004e199b04760e948bc6a65315844814b61b42b6f635b496d90135da136""}]",author_five_synthetic_seed_validation_catboost_r2_mean,0.5965660012312475,/home/ubuntu/dope-benchmark/work-order-b/tabddpm-population-app-v4/attempts/e8d03191cc2c0124dee0901ee3f690d7848d8896ea9055e6d675d319f960ab50/attempt-0001/native.json,ff510e941e09c3f1f4acbeeeb0572cf897470654a0a882cb5da57780284aba65,True,shared_validation_4n_catboost_tstr_mse,,Shared auditor receipt not measured in this readset; R2 is a separate author native objective.,False
TabDDPM,02a45777900441ce,native_trial_3,11,ec47619822d2911a2b28c9df2866f00f85a0d92fc7d70c16723af5c0e0798bc2,/home/ubuntu/dope-benchmark/work-order-b/tabddpm-population-app-v4/attempts/ec47619822d2911a2b28c9df2866f00f85a0d92fc7d70c16723af5c0e0798bc2/attempt-0001/artifact,511362,"[{""bytes"":1215,""path"":""inverse.npz"",""sha256"":""e694b5496d4648fec64c49f8eeec8c2b40699e95a96e52b08ac4229cd5531ecc""},{""bytes"":568,""path"":""model.json"",""sha256"":""7e617ce3a47c4ec1ae1c78232fb2526f732bea186fe013b2cc429144d15768f1""},{""bytes"":1618,""path"":""projection.json"",""sha256"":""bd350d3977e549485828da36d859f192086bf79ce071e0dd36678bee920d6e6b""},{""bytes"":507961,""path"":""weights.npz"",""sha256"":""b28fce67ad1c74b11e95dc0368071663f2c4c502c99cb16e12674318fd4f2a64""}]",author_five_synthetic_seed_validation_catboost_r2_mean,0.8470719105561664,/home/ubuntu/dope-benchmark/work-order-b/tabddpm-population-app-v4/attempts/ec47619822d2911a2b28c9df2866f00f85a0d92fc7d70c16723af5c0e0798bc2/attempt-0001/native.json,2729cbbefeb06257e37e229dae24cbfcb7c47875e77cab822207abeab87b3731,True,shared_validation_4n_catboost_tstr_mse,,Shared auditor receipt not measured in this readset; R2 is a separate author native objective.,False
TabDDPM,167578f5deba4977,native_trial_4,11,f00760de3ae60475cefdefc89adf65c210e83ebdd8fcaa4facb940df547c44bb,/home/ubuntu/dope-scratch-x3/tabddpm-capacity-continuation-v14-reciprocal/attempts/f00760de3ae60475cefdefc89adf65c210e83ebdd8fcaa4facb940df547c44bb/attempt-0001/artifact,506421,"[{""bytes"":1328,""path"":""inverse.npz"",""sha256"":""064d63f3fcabb7c2a60216593b218cf379d4e1e163048ec3e01cafd6aa0d350d""},{""bytes"":559,""path"":""model.json"",""sha256"":""11d8cfd575d352e663c706b0be6b347f01f8b013479bcd67aafb3427947155be""},{""bytes"":1286,""path"":""projection.json"",""sha256"":""cc272676f1a2410b60d9313e4f9292098685e85384fe162522f15095927e4bb0""},{""bytes"":503248,""path"":""weights.npz"",""sha256"":""8719c374fbc93d5b3e529908c370eeb17e298fb46d9e889dbb14163e70cc7f90""}]",author_five_synthetic_seed_validation_catboost_r2_mean,0.541128340583471,/home/ubuntu/dope-scratch-x3/tabddpm-capacity-continuation-v14-reciprocal/attempts/f00760de3ae60475cefdefc89adf65c210e83ebdd8fcaa4facb940df547c44bb/attempt-0001/native.json,c8eb42dc03b7e4a5adbd4c1f9a00c59661b5bd719d66092d3d6fb8f0f7d93345,False,shared_validation_4n_catboost_tstr_mse,,Shared auditor receipt not measured in this readset; R2 is a separate author native objective.,False
TabDDPM,0779d3fd5b3133a2,default,11,f6416acd889d4a0d400806b6a0b9f541b41eca91188f0dba2ecf68545d7c8558,/home/ubuntu/dope-scratch-x3/tabddpm-capacity-continuation-v10/attempts/f6416acd889d4a0d400806b6a0b9f541b41eca91188f0dba2ecf68545d7c8558/attempt-0001/artifact,494305,"[{""bytes"":867,""path"":""inverse.npz"",""sha256"":""9aeeaed4cd10d595b23fbeae77394336bcb71409bfe40cfa730334bcab03848e""},{""bytes"":561,""path"":""model.json"",""sha256"":""988e11d24f3c4fa025783d9baaf98e945f1ce87217f89f1f3711d2cb597ff825""},{""bytes"":464,""path"":""projection.json"",""sha256"":""934e646d92397cf7daa7158d04f7f7646a570ffcd1d579aaf181ff3b7c65ea77""},{""bytes"":492413,""path"":""weights.npz"",""sha256"":""adb4d517ddcc6e5d3b50931a6a308a487a975534620308d23a64eda30ff53b88""}]",author_five_synthetic_seed_validation_catboost_r2_mean,0.9075199607197371,/home/ubuntu/dope-scratch-x3/tabddpm-capacity-continuation-v10/attempts/f6416acd889d4a0d400806b6a0b9f541b41eca91188f0dba2ecf68545d7c8558/attempt-0001/native.json,3753ab1923d27cb5492f2b89ce911702035e7f4957593446ecc56e58fb5cc6dc,True,shared_validation_4n_catboost_tstr_mse,,Shared auditor receipt not measured in this readset; R2 is a separate author native objective.,False
TabDDPM,46c5a59e5ae42037,native_trial_2,11,f7068a608716f857842688974afa75e93e1e404778e32dd508229ab26bbc98ff,/home/ubuntu/dope-benchmark/work-order-b/tabddpm-population-v1/prior-artifacts/3fcdb0dadea715474b275d128c8684f74182412eb9fa8a738e45e5ec26f33ee6,510408,"[{""bytes"":2251,""path"":""inverse.npz"",""sha256"":""d952350704c0c75523d77dde8a570708c6259d16cdcc54d8aefbad6b622b33f4""},{""bytes"":588,""path"":""model.json"",""sha256"":""933b62fda2eb9384b795ea3ecfbba05f7ca60a4ed2a00e6d7531df022eee57fa""},{""bytes"":1521,""path"":""projection.json"",""sha256"":""9efcfd45c01f6753165f6d2e00abf55c763138056a1f1aef82180f9a4d0c7bec""},{""bytes"":506048,""path"":""weights.npz"",""sha256"":""55c07aaf403ed8a43e856af2352bb4509bf4c1fbd57bb2a48e6cddf4fd898e32""}]",author_five_synthetic_seed_validation_catboost_r2_mean,,,,True,shared_validation_4n_catboost_tstr_mse,,Shared auditor receipt not measured in this readset; R2 is a separate author native objective.,False
