job_sha256,dataset_opaque_id,configuration_name,configuration,fit_seed,mode,status,actual_worker_exit,elapsed_seconds,operation_ref,request_ref,artifact_inventory,native_regression_error,common_utility,fidelity,privacy,missing_reason
1599c3c6e5942862cd1b6ab56b394ef29cb971a997c3331e06cdf864cc42f157,167578f5deba4977,native_trial_3,"{""batch_size"":4096,""d_layers"":[256,256],""lr"":0.001,""num_timesteps"":100,""steps"":5000,""weight_decay"":0.0}",11,fit,ok,0,75.91084801591933,"{""bytes"":2527,""local_metadata_path"":""/home/ubuntu/dope/.agent/worktrees/tabsyn-runtime-adapter/target/tabddpm-capacity-continuation-v1/td-local-v15-forest-reciprocal/TD14-closed-custody-v1/8a01b60e62431319fe5c5a8d11bd4e0b930d9bccf7b19c055537d6fef0f04b9d--fit.operation.json"",""metadata_bytes_verified"":true,""path"":""/home/ubuntu/dope-scratch-x3/tabddpm-capacity-continuation-v14-reciprocal/attempts/1599c3c6e5942862cd1b6ab56b394ef29cb971a997c3331e06cdf864cc42f157/attempt-0001/fit.operation.json"",""sha256"":""8a01b60e62431319fe5c5a8d11bd4e0b930d9bccf7b19c055537d6fef0f04b9d""}","{""job_sha256"":""1599c3c6e5942862cd1b6ab56b394ef29cb971a997c3331e06cdf864cc42f157"",""mode"":""fit"",""path"":""/home/ubuntu/dope-scratch-x3/tabddpm-capacity-continuation-v14-reciprocal/attempts/1599c3c6e5942862cd1b6ab56b394ef29cb971a997c3331e06cdf864cc42f157/attempt-0001/fit.request.json"",""sha256"":""b23c961b1cd7b4c595b50db15265199bdb531e6aa726346f899f7910e4cef54c"",""timeout_seconds"":600}",,,,,,TD14_retained_operation_body_has_no_fit_artifact_inventory_or_native_common_scalar_result_body
1599c3c6e5942862cd1b6ab56b394ef29cb971a997c3331e06cdf864cc42f157,167578f5deba4977,native_trial_3,"{""batch_size"":4096,""d_layers"":[256,256],""lr"":0.001,""num_timesteps"":100,""steps"":5000,""weight_decay"":0.0}",11,native,ok,0,72.0228957273066,"{""bytes"":2529,""local_metadata_path"":""/home/ubuntu/dope/.agent/worktrees/tabsyn-runtime-adapter/target/tabddpm-capacity-continuation-v1/td-local-v15-forest-reciprocal/TD14-closed-custody-v1/19376aba5474c4bebac066829ad4e1e654a0b168edc6f2039737d7cbbdaa1b0c--native.operation.json"",""metadata_bytes_verified"":true,""path"":""/home/ubuntu/dope-scratch-x3/tabddpm-capacity-continuation-v14-reciprocal/attempts/1599c3c6e5942862cd1b6ab56b394ef29cb971a997c3331e06cdf864cc42f157/attempt-0001/native.operation.json"",""sha256"":""19376aba5474c4bebac066829ad4e1e654a0b168edc6f2039737d7cbbdaa1b0c""}","{""job_sha256"":""1599c3c6e5942862cd1b6ab56b394ef29cb971a997c3331e06cdf864cc42f157"",""mode"":""native"",""path"":""/home/ubuntu/dope-scratch-x3/tabddpm-capacity-continuation-v14-reciprocal/attempts/1599c3c6e5942862cd1b6ab56b394ef29cb971a997c3331e06cdf864cc42f157/attempt-0001/native.request.json"",""sha256"":""dfe6d82070b71e3d7742ddc315331d0a661fa0821f87fc9e2f1b458a10020fac"",""timeout_seconds"":600}",,,,,,TD14_retained_operation_body_has_no_fit_artifact_inventory_or_native_common_scalar_result_body
1599c3c6e5942862cd1b6ab56b394ef29cb971a997c3331e06cdf864cc42f157,167578f5deba4977,native_trial_3,"{""batch_size"":4096,""d_layers"":[256,256],""lr"":0.001,""num_timesteps"":100,""steps"":5000,""weight_decay"":0.0}",11,sample,ok,0,98.39363356214017,"{""bytes"":2539,""local_metadata_path"":""/home/ubuntu/dope/.agent/worktrees/tabsyn-runtime-adapter/target/tabddpm-capacity-continuation-v1/td-local-v15-forest-reciprocal/TD14-closed-custody-v1/fef43a27364882e3556360b25199d9a448e723b87e232a4c8a8db99c3ce932b9--sample.operation.json"",""metadata_bytes_verified"":true,""path"":""/home/ubuntu/dope-scratch-x3/tabddpm-capacity-continuation-v14-reciprocal/attempts/1599c3c6e5942862cd1b6ab56b394ef29cb971a997c3331e06cdf864cc42f157/attempt-0001/sample.operation.json"",""sha256"":""fef43a27364882e3556360b25199d9a448e723b87e232a4c8a8db99c3ce932b9""}","{""job_sha256"":""1599c3c6e5942862cd1b6ab56b394ef29cb971a997c3331e06cdf864cc42f157"",""mode"":""sample"",""path"":""/home/ubuntu/dope-scratch-x3/tabddpm-capacity-continuation-v14-reciprocal/attempts/1599c3c6e5942862cd1b6ab56b394ef29cb971a997c3331e06cdf864cc42f157/attempt-0001/sample.request.json"",""sha256"":""f1cde0e4f11b4b9ad354bdda8d14ba4d77dbbb867b4ff9f699a42a424493547e"",""timeout_seconds"":600}",,,,,,TD14_retained_operation_body_has_no_fit_artifact_inventory_or_native_common_scalar_result_body
2f2f14c842bbf5564122a23d76fa08e50c4e9a9e912cc6b721e182a1ca66cecd,07f38946316c039b,native_trial_3,"{""batch_size"":4096,""d_layers"":[256,256],""lr"":0.001,""num_timesteps"":100,""steps"":5000,""weight_decay"":0.0}",11,fit,ok,0,89.5413738405332,"{""bytes"":2526,""local_metadata_path"":""/home/ubuntu/dope/.agent/worktrees/tabsyn-runtime-adapter/target/tabddpm-capacity-continuation-v1/td-local-v15-forest-reciprocal/TD14-closed-custody-v1/609b58f6a0b697ad58cf6f67212ca4ea5ba6b9c03f8e97a16908654b8a472ff2--fit.operation.json"",""metadata_bytes_verified"":true,""path"":""/home/ubuntu/dope-scratch-x3/tabddpm-capacity-continuation-v14-reciprocal/attempts/2f2f14c842bbf5564122a23d76fa08e50c4e9a9e912cc6b721e182a1ca66cecd/attempt-0001/fit.operation.json"",""sha256"":""609b58f6a0b697ad58cf6f67212ca4ea5ba6b9c03f8e97a16908654b8a472ff2""}","{""job_sha256"":""2f2f14c842bbf5564122a23d76fa08e50c4e9a9e912cc6b721e182a1ca66cecd"",""mode"":""fit"",""path"":""/home/ubuntu/dope-scratch-x3/tabddpm-capacity-continuation-v14-reciprocal/attempts/2f2f14c842bbf5564122a23d76fa08e50c4e9a9e912cc6b721e182a1ca66cecd/attempt-0001/fit.request.json"",""sha256"":""994bd6bda94d16cca2f827a332f6865406dd02003b7034bf7904d81b62ecc422"",""timeout_seconds"":600}",,,,,,TD14_retained_operation_body_has_no_fit_artifact_inventory_or_native_common_scalar_result_body
2f2f14c842bbf5564122a23d76fa08e50c4e9a9e912cc6b721e182a1ca66cecd,07f38946316c039b,native_trial_3,"{""batch_size"":4096,""d_layers"":[256,256],""lr"":0.001,""num_timesteps"":100,""steps"":5000,""weight_decay"":0.0}",11,native,ok,0,97.07625755574554,"{""bytes"":2530,""local_metadata_path"":""/home/ubuntu/dope/.agent/worktrees/tabsyn-runtime-adapter/target/tabddpm-capacity-continuation-v1/td-local-v15-forest-reciprocal/TD14-closed-custody-v1/2d631e24f92398268d42825c5271564de8532616b0497d9f4e9bb57bffec10e5--native.operation.json"",""metadata_bytes_verified"":true,""path"":""/home/ubuntu/dope-scratch-x3/tabddpm-capacity-continuation-v14-reciprocal/attempts/2f2f14c842bbf5564122a23d76fa08e50c4e9a9e912cc6b721e182a1ca66cecd/attempt-0001/native.operation.json"",""sha256"":""2d631e24f92398268d42825c5271564de8532616b0497d9f4e9bb57bffec10e5""}","{""job_sha256"":""2f2f14c842bbf5564122a23d76fa08e50c4e9a9e912cc6b721e182a1ca66cecd"",""mode"":""native"",""path"":""/home/ubuntu/dope-scratch-x3/tabddpm-capacity-continuation-v14-reciprocal/attempts/2f2f14c842bbf5564122a23d76fa08e50c4e9a9e912cc6b721e182a1ca66cecd/attempt-0001/native.request.json"",""sha256"":""fa2946b8b32c9c7500d0e72ee0725efc6f211a14f58334a0df1601887c8bb660"",""timeout_seconds"":600}",,,,,,TD14_retained_operation_body_has_no_fit_artifact_inventory_or_native_common_scalar_result_body
2f2f14c842bbf5564122a23d76fa08e50c4e9a9e912cc6b721e182a1ca66cecd,07f38946316c039b,native_trial_3,"{""batch_size"":4096,""d_layers"":[256,256],""lr"":0.001,""num_timesteps"":100,""steps"":5000,""weight_decay"":0.0}",11,sample,ok,0,107.28958173654974,"{""bytes"":2540,""local_metadata_path"":""/home/ubuntu/dope/.agent/worktrees/tabsyn-runtime-adapter/target/tabddpm-capacity-continuation-v1/td-local-v15-forest-reciprocal/TD14-closed-custody-v1/e0eb403fad104022d59700f63348d5e0051b999f73e9ebc6b4d05e59c47f0d12--sample.operation.json"",""metadata_bytes_verified"":true,""path"":""/home/ubuntu/dope-scratch-x3/tabddpm-capacity-continuation-v14-reciprocal/attempts/2f2f14c842bbf5564122a23d76fa08e50c4e9a9e912cc6b721e182a1ca66cecd/attempt-0001/sample.operation.json"",""sha256"":""e0eb403fad104022d59700f63348d5e0051b999f73e9ebc6b4d05e59c47f0d12""}","{""job_sha256"":""2f2f14c842bbf5564122a23d76fa08e50c4e9a9e912cc6b721e182a1ca66cecd"",""mode"":""sample"",""path"":""/home/ubuntu/dope-scratch-x3/tabddpm-capacity-continuation-v14-reciprocal/attempts/2f2f14c842bbf5564122a23d76fa08e50c4e9a9e912cc6b721e182a1ca66cecd/attempt-0001/sample.request.json"",""sha256"":""0abc693656111c1e8903eb0009edce780462bbb589658937a5671c05b943f700"",""timeout_seconds"":600}",,,,,,TD14_retained_operation_body_has_no_fit_artifact_inventory_or_native_common_scalar_result_body
85360b07d9399ecdba87c5aac9f9bd8607173f6d9a6019bcd0f1c6c4c776d6c5,07f38946316c039b,native_trial_4,"{""batch_size"":4096,""d_layers"":[256,256],""lr"":0.001,""num_timesteps"":1000,""steps"":5000,""weight_decay"":0.0}",11,fit,ok,0,78.88101988751441,"{""bytes"":2527,""local_metadata_path"":""/home/ubuntu/dope/.agent/worktrees/tabsyn-runtime-adapter/target/tabddpm-capacity-continuation-v1/td-local-v15-forest-reciprocal/TD14-closed-custody-v1/6bfa949840260cbbc779faf3ab65fffc5722b7e61f625c78c5d8940234df31f6--fit.operation.json"",""metadata_bytes_verified"":true,""path"":""/home/ubuntu/dope-scratch-x3/tabddpm-capacity-continuation-v14-reciprocal/attempts/85360b07d9399ecdba87c5aac9f9bd8607173f6d9a6019bcd0f1c6c4c776d6c5/attempt-0001/fit.operation.json"",""sha256"":""6bfa949840260cbbc779faf3ab65fffc5722b7e61f625c78c5d8940234df31f6""}","{""job_sha256"":""85360b07d9399ecdba87c5aac9f9bd8607173f6d9a6019bcd0f1c6c4c776d6c5"",""mode"":""fit"",""path"":""/home/ubuntu/dope-scratch-x3/tabddpm-capacity-continuation-v14-reciprocal/attempts/85360b07d9399ecdba87c5aac9f9bd8607173f6d9a6019bcd0f1c6c4c776d6c5/attempt-0001/fit.request.json"",""sha256"":""b387a0255b538209789f723d172cca9a379022a19fe32f0d7b091e6875e9dce3"",""timeout_seconds"":600}",,,,,,TD14_retained_operation_body_has_no_fit_artifact_inventory_or_native_common_scalar_result_body
85360b07d9399ecdba87c5aac9f9bd8607173f6d9a6019bcd0f1c6c4c776d6c5,07f38946316c039b,native_trial_4,"{""batch_size"":4096,""d_layers"":[256,256],""lr"":0.001,""num_timesteps"":1000,""steps"":5000,""weight_decay"":0.0}",11,matched,ok,0,111.0013263495639,"{""bytes"":2543,""local_metadata_path"":""/home/ubuntu/dope/.agent/worktrees/tabsyn-runtime-adapter/target/tabddpm-capacity-continuation-v1/td-local-v15-forest-reciprocal/TD14-closed-custody-v1/10d78264a7ec812ce175f0b287e89765ab57475ed273167242311cf2e5d5e529--matched.operation.json"",""metadata_bytes_verified"":true,""path"":""/home/ubuntu/dope-scratch-x3/tabddpm-capacity-continuation-v14-reciprocal/attempts/85360b07d9399ecdba87c5aac9f9bd8607173f6d9a6019bcd0f1c6c4c776d6c5/attempt-0001/matched.operation.json"",""sha256"":""10d78264a7ec812ce175f0b287e89765ab57475ed273167242311cf2e5d5e529""}","{""job_sha256"":""85360b07d9399ecdba87c5aac9f9bd8607173f6d9a6019bcd0f1c6c4c776d6c5"",""mode"":""matched"",""path"":""/home/ubuntu/dope-scratch-x3/tabddpm-capacity-continuation-v14-reciprocal/attempts/85360b07d9399ecdba87c5aac9f9bd8607173f6d9a6019bcd0f1c6c4c776d6c5/attempt-0001/matched.request.json"",""sha256"":""1a8d4509d502b0e9049ed5a12550aa1fbdc40974957de390d956cdddefc323cf"",""timeout_seconds"":600}",,,,,,TD14_retained_operation_body_has_no_fit_artifact_inventory_or_native_common_scalar_result_body
85360b07d9399ecdba87c5aac9f9bd8607173f6d9a6019bcd0f1c6c4c776d6c5,07f38946316c039b,native_trial_4,"{""batch_size"":4096,""d_layers"":[256,256],""lr"":0.001,""num_timesteps"":1000,""steps"":5000,""weight_decay"":0.0}",11,native,ok,0,97.78941888920963,"{""bytes"":2530,""local_metadata_path"":""/home/ubuntu/dope/.agent/worktrees/tabsyn-runtime-adapter/target/tabddpm-capacity-continuation-v1/td-local-v15-forest-reciprocal/TD14-closed-custody-v1/a106dc9c6d576788b15ff138ac5068b950ea5510fc42d395f0894c68764e0d0d--native.operation.json"",""metadata_bytes_verified"":true,""path"":""/home/ubuntu/dope-scratch-x3/tabddpm-capacity-continuation-v14-reciprocal/attempts/85360b07d9399ecdba87c5aac9f9bd8607173f6d9a6019bcd0f1c6c4c776d6c5/attempt-0001/native.operation.json"",""sha256"":""a106dc9c6d576788b15ff138ac5068b950ea5510fc42d395f0894c68764e0d0d""}","{""job_sha256"":""85360b07d9399ecdba87c5aac9f9bd8607173f6d9a6019bcd0f1c6c4c776d6c5"",""mode"":""native"",""path"":""/home/ubuntu/dope-scratch-x3/tabddpm-capacity-continuation-v14-reciprocal/attempts/85360b07d9399ecdba87c5aac9f9bd8607173f6d9a6019bcd0f1c6c4c776d6c5/attempt-0001/native.request.json"",""sha256"":""d29bd5fcaf0d73b522df3d261d4e50c607763f85ddad88898267cba4a5a158f9"",""timeout_seconds"":600}",,,,,,TD14_retained_operation_body_has_no_fit_artifact_inventory_or_native_common_scalar_result_body
85360b07d9399ecdba87c5aac9f9bd8607173f6d9a6019bcd0f1c6c4c776d6c5,07f38946316c039b,native_trial_4,"{""batch_size"":4096,""d_layers"":[256,256],""lr"":0.001,""num_timesteps"":1000,""steps"":5000,""weight_decay"":0.0}",11,sample,ok,0,102.00423483643681,"{""bytes"":2540,""local_metadata_path"":""/home/ubuntu/dope/.agent/worktrees/tabsyn-runtime-adapter/target/tabddpm-capacity-continuation-v1/td-local-v15-forest-reciprocal/TD14-closed-custody-v1/7cf23b92f66d1681973a7a48d55fbc93d5504d3a4c47617904cb78c069b3bded--sample.operation.json"",""metadata_bytes_verified"":true,""path"":""/home/ubuntu/dope-scratch-x3/tabddpm-capacity-continuation-v14-reciprocal/attempts/85360b07d9399ecdba87c5aac9f9bd8607173f6d9a6019bcd0f1c6c4c776d6c5/attempt-0001/sample.operation.json"",""sha256"":""7cf23b92f66d1681973a7a48d55fbc93d5504d3a4c47617904cb78c069b3bded""}","{""job_sha256"":""85360b07d9399ecdba87c5aac9f9bd8607173f6d9a6019bcd0f1c6c4c776d6c5"",""mode"":""sample"",""path"":""/home/ubuntu/dope-scratch-x3/tabddpm-capacity-continuation-v14-reciprocal/attempts/85360b07d9399ecdba87c5aac9f9bd8607173f6d9a6019bcd0f1c6c4c776d6c5/attempt-0001/sample.request.json"",""sha256"":""57bee5db6c28a64b5a65f5d9ef283cc425b64b581048ead63898c39bb50f335e"",""timeout_seconds"":600}",,,,,,TD14_retained_operation_body_has_no_fit_artifact_inventory_or_native_common_scalar_result_body
d44ed638cb57b7dca9b0ae96b3bde47bca2d2a3b9c0a994deabb0ec41afeb83c,07f38946316c039b,default,"{""batch_size"":4096,""d_layers"":[256,256],""lr"":0.001,""num_timesteps"":1000,""steps"":1000,""weight_decay"":1e-05}",11,matched,ok,0,111.45667521469295,"{""bytes"":2544,""local_metadata_path"":""/home/ubuntu/dope/.agent/worktrees/tabsyn-runtime-adapter/target/tabddpm-capacity-continuation-v1/td-local-v15-forest-reciprocal/TD14-closed-custody-v1/6cff5a79ee722c94e35afebeb70cfb367f3d9b31443c5d6deacb030df1b54ac9--matched.operation.json"",""metadata_bytes_verified"":true,""path"":""/home/ubuntu/dope-scratch-x3/tabddpm-capacity-continuation-v14-reciprocal/attempts/d44ed638cb57b7dca9b0ae96b3bde47bca2d2a3b9c0a994deabb0ec41afeb83c/attempt-0003/matched.operation.json"",""sha256"":""6cff5a79ee722c94e35afebeb70cfb367f3d9b31443c5d6deacb030df1b54ac9""}","{""job_sha256"":""d44ed638cb57b7dca9b0ae96b3bde47bca2d2a3b9c0a994deabb0ec41afeb83c"",""mode"":""matched"",""path"":""/home/ubuntu/dope-scratch-x3/tabddpm-capacity-continuation-v14-reciprocal/attempts/d44ed638cb57b7dca9b0ae96b3bde47bca2d2a3b9c0a994deabb0ec41afeb83c/attempt-0003/matched.request.json"",""sha256"":""ef18a125fc32ee5916f04de51550aa30a1815a65ab71e845173f94f28860a123"",""timeout_seconds"":600}",,,,,,TD14_retained_operation_body_has_no_fit_artifact_inventory_or_native_common_scalar_result_body
d678195533425bfe75fb0e51df7d6a42dc5c0463597ab66fd01ad2665b6193a5,0a8428ef25a69175,default,"{""batch_size"":4096,""d_layers"":[256,256],""lr"":0.001,""num_timesteps"":1000,""steps"":1000,""weight_decay"":1e-05}",11,fit,ok,0,65.3389060376212,"{""bytes"":2526,""local_metadata_path"":""/home/ubuntu/dope/.agent/worktrees/tabsyn-runtime-adapter/target/tabddpm-capacity-continuation-v1/td-local-v15-forest-reciprocal/TD14-closed-custody-v1/4a817c491d845d901279c1318881be71ed975a78f1237ae9adb056e431c45b46--fit.operation.json"",""metadata_bytes_verified"":true,""path"":""/home/ubuntu/dope-scratch-x3/tabddpm-capacity-continuation-v14-reciprocal/attempts/d678195533425bfe75fb0e51df7d6a42dc5c0463597ab66fd01ad2665b6193a5/attempt-0001/fit.operation.json"",""sha256"":""4a817c491d845d901279c1318881be71ed975a78f1237ae9adb056e431c45b46""}","{""job_sha256"":""d678195533425bfe75fb0e51df7d6a42dc5c0463597ab66fd01ad2665b6193a5"",""mode"":""fit"",""path"":""/home/ubuntu/dope-scratch-x3/tabddpm-capacity-continuation-v14-reciprocal/attempts/d678195533425bfe75fb0e51df7d6a42dc5c0463597ab66fd01ad2665b6193a5/attempt-0001/fit.request.json"",""sha256"":""537af482413875dcc41bdb29639f82f2df82f715695ce14ee63530c0407ac42d"",""timeout_seconds"":600}",,,,,,TD14_retained_operation_body_has_no_fit_artifact_inventory_or_native_common_scalar_result_body
d6c0275df11916333a41e08734e2c022003e39b8204b50c3319002a202ab0a79,07f38946316c039b,native_trial_2,"{""batch_size"":256,""d_layers"":[256,256],""lr"":0.001,""num_timesteps"":1000,""steps"":5000,""weight_decay"":0.0}",11,fit,ok,0,101.85876648314297,"{""bytes"":2528,""local_metadata_path"":""/home/ubuntu/dope/.agent/worktrees/tabsyn-runtime-adapter/target/tabddpm-capacity-continuation-v1/td-local-v15-forest-reciprocal/TD14-closed-custody-v1/d38172ed77863e56520d0f0ac901ffef74aaed9213a1dc494cca7763ae0581de--fit.operation.json"",""metadata_bytes_verified"":true,""path"":""/home/ubuntu/dope-scratch-x3/tabddpm-capacity-continuation-v14-reciprocal/attempts/d6c0275df11916333a41e08734e2c022003e39b8204b50c3319002a202ab0a79/attempt-0001/fit.operation.json"",""sha256"":""d38172ed77863e56520d0f0ac901ffef74aaed9213a1dc494cca7763ae0581de""}","{""job_sha256"":""d6c0275df11916333a41e08734e2c022003e39b8204b50c3319002a202ab0a79"",""mode"":""fit"",""path"":""/home/ubuntu/dope-scratch-x3/tabddpm-capacity-continuation-v14-reciprocal/attempts/d6c0275df11916333a41e08734e2c022003e39b8204b50c3319002a202ab0a79/attempt-0001/fit.request.json"",""sha256"":""b717f62604ac5111dce3ba7513ace365f364e009d0685413e2ea3b5bb060bf51"",""timeout_seconds"":600}",,,,,,TD14_retained_operation_body_has_no_fit_artifact_inventory_or_native_common_scalar_result_body
d6c0275df11916333a41e08734e2c022003e39b8204b50c3319002a202ab0a79,07f38946316c039b,native_trial_2,"{""batch_size"":256,""d_layers"":[256,256],""lr"":0.001,""num_timesteps"":1000,""steps"":5000,""weight_decay"":0.0}",11,native,ok,0,127.1041595088318,"{""bytes"":2530,""local_metadata_path"":""/home/ubuntu/dope/.agent/worktrees/tabsyn-runtime-adapter/target/tabddpm-capacity-continuation-v1/td-local-v15-forest-reciprocal/TD14-closed-custody-v1/bb4c47e6a9a80d1cd3d17570b8c114f5a6e91dd8556fabba8062dde2e6650279--native.operation.json"",""metadata_bytes_verified"":true,""path"":""/home/ubuntu/dope-scratch-x3/tabddpm-capacity-continuation-v14-reciprocal/attempts/d6c0275df11916333a41e08734e2c022003e39b8204b50c3319002a202ab0a79/attempt-0001/native.operation.json"",""sha256"":""bb4c47e6a9a80d1cd3d17570b8c114f5a6e91dd8556fabba8062dde2e6650279""}","{""job_sha256"":""d6c0275df11916333a41e08734e2c022003e39b8204b50c3319002a202ab0a79"",""mode"":""native"",""path"":""/home/ubuntu/dope-scratch-x3/tabddpm-capacity-continuation-v14-reciprocal/attempts/d6c0275df11916333a41e08734e2c022003e39b8204b50c3319002a202ab0a79/attempt-0001/native.request.json"",""sha256"":""05c29e9762a693fae427ded50bc3984d4e9abbff5179a5d621db8f3d962364a3"",""timeout_seconds"":600}",,,,,,TD14_retained_operation_body_has_no_fit_artifact_inventory_or_native_common_scalar_result_body
d6c0275df11916333a41e08734e2c022003e39b8204b50c3319002a202ab0a79,07f38946316c039b,native_trial_2,"{""batch_size"":256,""d_layers"":[256,256],""lr"":0.001,""num_timesteps"":1000,""steps"":5000,""weight_decay"":0.0}",11,sample,ok,0,138.5560783147812,"{""bytes"":2539,""local_metadata_path"":""/home/ubuntu/dope/.agent/worktrees/tabsyn-runtime-adapter/target/tabddpm-capacity-continuation-v1/td-local-v15-forest-reciprocal/TD14-closed-custody-v1/b34c726a050bd0d99227bb6926362c2e0d5660cabbfb40257424b3c3596048bc--sample.operation.json"",""metadata_bytes_verified"":true,""path"":""/home/ubuntu/dope-scratch-x3/tabddpm-capacity-continuation-v14-reciprocal/attempts/d6c0275df11916333a41e08734e2c022003e39b8204b50c3319002a202ab0a79/attempt-0001/sample.operation.json"",""sha256"":""b34c726a050bd0d99227bb6926362c2e0d5660cabbfb40257424b3c3596048bc""}","{""job_sha256"":""d6c0275df11916333a41e08734e2c022003e39b8204b50c3319002a202ab0a79"",""mode"":""sample"",""path"":""/home/ubuntu/dope-scratch-x3/tabddpm-capacity-continuation-v14-reciprocal/attempts/d6c0275df11916333a41e08734e2c022003e39b8204b50c3319002a202ab0a79/attempt-0001/sample.request.json"",""sha256"":""5b1cd0a540a3af2966196744722d2cb95bcacbe8e63d7e4ee1784e74fc78bf90"",""timeout_seconds"":600}",,,,,,TD14_retained_operation_body_has_no_fit_artifact_inventory_or_native_common_scalar_result_body
f00760de3ae60475cefdefc89adf65c210e83ebdd8fcaa4facb940df547c44bb,167578f5deba4977,native_trial_4,"{""batch_size"":4096,""d_layers"":[256,256],""lr"":0.001,""num_timesteps"":1000,""steps"":5000,""weight_decay"":0.0}",11,fit,ok,0,75.73193846549839,"{""bytes"":2527,""local_metadata_path"":""/home/ubuntu/dope/.agent/worktrees/tabsyn-runtime-adapter/target/tabddpm-capacity-continuation-v1/td-local-v15-forest-reciprocal/TD14-closed-custody-v1/0224bb326770b287a6a2cd22b5de7d0d04ac8382ef41f6db881e39ed6a037831--fit.operation.json"",""metadata_bytes_verified"":true,""path"":""/home/ubuntu/dope-scratch-x3/tabddpm-capacity-continuation-v14-reciprocal/attempts/f00760de3ae60475cefdefc89adf65c210e83ebdd8fcaa4facb940df547c44bb/attempt-0001/fit.operation.json"",""sha256"":""0224bb326770b287a6a2cd22b5de7d0d04ac8382ef41f6db881e39ed6a037831""}","{""job_sha256"":""f00760de3ae60475cefdefc89adf65c210e83ebdd8fcaa4facb940df547c44bb"",""mode"":""fit"",""path"":""/home/ubuntu/dope-scratch-x3/tabddpm-capacity-continuation-v14-reciprocal/attempts/f00760de3ae60475cefdefc89adf65c210e83ebdd8fcaa4facb940df547c44bb/attempt-0001/fit.request.json"",""sha256"":""1f1d788767a34ec514753e9661de280fb8cd1dea1bc94452abfb33cf4cbaea1d"",""timeout_seconds"":600}",,,,,,TD14_retained_operation_body_has_no_fit_artifact_inventory_or_native_common_scalar_result_body
f00760de3ae60475cefdefc89adf65c210e83ebdd8fcaa4facb940df547c44bb,167578f5deba4977,native_trial_4,"{""batch_size"":4096,""d_layers"":[256,256],""lr"":0.001,""num_timesteps"":1000,""steps"":5000,""weight_decay"":0.0}",11,matched,failed,1,18.242463150061667,"{""bytes"":1759,""local_metadata_path"":""/home/ubuntu/dope/.agent/worktrees/tabsyn-runtime-adapter/target/tabddpm-capacity-continuation-v1/td-local-v15-forest-reciprocal/TD14-closed-custody-v1/f7bac2f4371836bb090b55e2e283e4d6e9f1a384c3d8ce9090880b2b53e73190--matched.operation.json"",""metadata_bytes_verified"":true,""path"":""/home/ubuntu/dope-scratch-x3/tabddpm-capacity-continuation-v14-reciprocal/attempts/f00760de3ae60475cefdefc89adf65c210e83ebdd8fcaa4facb940df547c44bb/attempt-0001/matched.operation.json"",""sha256"":""f7bac2f4371836bb090b55e2e283e4d6e9f1a384c3d8ce9090880b2b53e73190""}","{""job_sha256"":""f00760de3ae60475cefdefc89adf65c210e83ebdd8fcaa4facb940df547c44bb"",""mode"":""matched"",""path"":""/home/ubuntu/dope-scratch-x3/tabddpm-capacity-continuation-v14-reciprocal/attempts/f00760de3ae60475cefdefc89adf65c210e83ebdd8fcaa4facb940df547c44bb/attempt-0001/matched.request.json"",""sha256"":""52885d0de5064ab40b0cb82348cacc1c97dc7b0963e2aebff73142510b7d6c23"",""timeout_seconds"":600}",,,,,,TD14_retained_operation_body_has_no_fit_artifact_inventory_or_native_common_scalar_result_body
f00760de3ae60475cefdefc89adf65c210e83ebdd8fcaa4facb940df547c44bb,167578f5deba4977,native_trial_4,"{""batch_size"":4096,""d_layers"":[256,256],""lr"":0.001,""num_timesteps"":1000,""steps"":5000,""weight_decay"":0.0}",11,native,ok,0,69.29791852086782,"{""bytes"":2530,""local_metadata_path"":""/home/ubuntu/dope/.agent/worktrees/tabsyn-runtime-adapter/target/tabddpm-capacity-continuation-v1/td-local-v15-forest-reciprocal/TD14-closed-custody-v1/dbece9e64d63d8cfaf188d13a63b35f329fecbf26d4072dca3ee3d03cc330f6d--native.operation.json"",""metadata_bytes_verified"":true,""path"":""/home/ubuntu/dope-scratch-x3/tabddpm-capacity-continuation-v14-reciprocal/attempts/f00760de3ae60475cefdefc89adf65c210e83ebdd8fcaa4facb940df547c44bb/attempt-0001/native.operation.json"",""sha256"":""dbece9e64d63d8cfaf188d13a63b35f329fecbf26d4072dca3ee3d03cc330f6d""}","{""job_sha256"":""f00760de3ae60475cefdefc89adf65c210e83ebdd8fcaa4facb940df547c44bb"",""mode"":""native"",""path"":""/home/ubuntu/dope-scratch-x3/tabddpm-capacity-continuation-v14-reciprocal/attempts/f00760de3ae60475cefdefc89adf65c210e83ebdd8fcaa4facb940df547c44bb/attempt-0001/native.request.json"",""sha256"":""807fe9b467bf0fc023f6c3990b5a379f3f1e9f199c7f41ed74c57e0ab77cb476"",""timeout_seconds"":600}",,,,,,TD14_retained_operation_body_has_no_fit_artifact_inventory_or_native_common_scalar_result_body
f00760de3ae60475cefdefc89adf65c210e83ebdd8fcaa4facb940df547c44bb,167578f5deba4977,native_trial_4,"{""batch_size"":4096,""d_layers"":[256,256],""lr"":0.001,""num_timesteps"":1000,""steps"":5000,""weight_decay"":0.0}",11,sample,ok,0,99.53715123515576,"{""bytes"":2539,""local_metadata_path"":""/home/ubuntu/dope/.agent/worktrees/tabsyn-runtime-adapter/target/tabddpm-capacity-continuation-v1/td-local-v15-forest-reciprocal/TD14-closed-custody-v1/0da17977899192f3dc4a52570bec887d8442fed83cf47e9b3c704a07c77ada32--sample.operation.json"",""metadata_bytes_verified"":true,""path"":""/home/ubuntu/dope-scratch-x3/tabddpm-capacity-continuation-v14-reciprocal/attempts/f00760de3ae60475cefdefc89adf65c210e83ebdd8fcaa4facb940df547c44bb/attempt-0001/sample.operation.json"",""sha256"":""0da17977899192f3dc4a52570bec887d8442fed83cf47e9b3c704a07c77ada32""}","{""job_sha256"":""f00760de3ae60475cefdefc89adf65c210e83ebdd8fcaa4facb940df547c44bb"",""mode"":""sample"",""path"":""/home/ubuntu/dope-scratch-x3/tabddpm-capacity-continuation-v14-reciprocal/attempts/f00760de3ae60475cefdefc89adf65c210e83ebdd8fcaa4facb940df547c44bb/attempt-0001/sample.request.json"",""sha256"":""79da94b9e5f121947b7771e24059cfe19c45590b3b7a837d9dcc43f66b0dacd5"",""timeout_seconds"":600}",,,,,,TD14_retained_operation_body_has_no_fit_artifact_inventory_or_native_common_scalar_result_body
fde20a0cdf91172a40a631857a364e7110258ef56225f850b16ad126d68d1b25,07f38946316c039b,native_trial_1,"{""batch_size"":256,""d_layers"":[256,256],""lr"":0.001,""num_timesteps"":100,""steps"":5000,""weight_decay"":0.0}",11,fit,cpu_boundary_changed,-9,61.69894071854651,"{""bytes"":2767,""local_metadata_path"":""/home/ubuntu/dope/.agent/worktrees/tabsyn-runtime-adapter/target/tabddpm-capacity-continuation-v1/td-local-v15-forest-reciprocal/TD14-closed-custody-v1/7fd1f99190195a6988863b0709dc9fe4817034f7ab96eecde7cde4381d8f52c3--fit.operation.json"",""metadata_bytes_verified"":true,""path"":""/home/ubuntu/dope-scratch-x3/tabddpm-capacity-continuation-v14-reciprocal/attempts/fde20a0cdf91172a40a631857a364e7110258ef56225f850b16ad126d68d1b25/attempt-0001/fit.operation.json"",""sha256"":""7fd1f99190195a6988863b0709dc9fe4817034f7ab96eecde7cde4381d8f52c3""}","{""job_sha256"":""fde20a0cdf91172a40a631857a364e7110258ef56225f850b16ad126d68d1b25"",""mode"":""fit"",""path"":""/home/ubuntu/dope-scratch-x3/tabddpm-capacity-continuation-v14-reciprocal/attempts/fde20a0cdf91172a40a631857a364e7110258ef56225f850b16ad126d68d1b25/attempt-0001/fit.request.json"",""sha256"":""ae9b538deaf6648eaeaae3986454f27fb4e4823dd40ce447aa3e5802f3edc180"",""timeout_seconds"":600}",,,,,,TD14_retained_operation_body_has_no_fit_artifact_inventory_or_native_common_scalar_result_body
