dataset,seed11,seed23,seed37,seed53,seed71,accepted_seed_count,all_five_accepted
02a45777900441ce,ok_historical_reuse,ok_new_fit,ok_new_fit,ok_new_fit,ok_new_fit,5,True
047e62b52a3f4ede,ok_historical_reuse,ok_new_fit,ok_new_fit,ok_new_fit,ok_new_fit,5,True
04c80944e971cb3e,ok_historical_reuse,ok_new_fit,ok_new_fit,infrastructure_unresolved,infrastructure_unresolved,3,False
0561d673cb73c27e,ok_historical_reuse,ok_new_fit,ok_new_fit,infrastructure_unresolved,infrastructure_unresolved,3,False
060b9fff8092db17,ok_historical_reuse,infrastructure_unresolved,ok_new_fit,unstarted_at_paid_budget_snapshot,unstarted_at_paid_budget_snapshot,2,False
06b0312a585b436e,ok_historical_reuse,unstarted_at_paid_budget_snapshot,unstarted_at_paid_budget_snapshot,unstarted_at_paid_budget_snapshot,unstarted_at_paid_budget_snapshot,1,False
0779d3fd5b3133a2,ok_historical_reuse,unstarted_at_paid_budget_snapshot,unstarted_at_paid_budget_snapshot,unstarted_at_paid_budget_snapshot,unstarted_at_paid_budget_snapshot,1,False
07f38946316c039b,ok_historical_reuse,unstarted_at_paid_budget_snapshot,unstarted_at_paid_budget_snapshot,unstarted_at_paid_budget_snapshot,unstarted_at_paid_budget_snapshot,1,False
0a8428ef25a69175,ok_historical_reuse,unstarted_at_paid_budget_snapshot,unstarted_at_paid_budget_snapshot,unstarted_at_paid_budget_snapshot,unstarted_at_paid_budget_snapshot,1,False
0d482c1dd7cc6592,ok_historical_reuse,unstarted_at_paid_budget_snapshot,unstarted_at_paid_budget_snapshot,unstarted_at_paid_budget_snapshot,unstarted_at_paid_budget_snapshot,1,False
0db59fd2579600d0,ok_historical_reuse,unstarted_at_paid_budget_snapshot,unstarted_at_paid_budget_snapshot,unstarted_at_paid_budget_snapshot,unstarted_at_paid_budget_snapshot,1,False
0f86a714ec5f3ac6,ok_historical_reuse,unstarted_at_paid_budget_snapshot,unstarted_at_paid_budget_snapshot,unstarted_at_paid_budget_snapshot,unstarted_at_paid_budget_snapshot,1,False
167578f5deba4977,ok_historical_reuse,unstarted_at_paid_budget_snapshot,unstarted_at_paid_budget_snapshot,unstarted_at_paid_budget_snapshot,unstarted_at_paid_budget_snapshot,1,False
19f2c3c2d67defd7,ok_historical_reuse,unstarted_at_paid_budget_snapshot,unstarted_at_paid_budget_snapshot,unstarted_at_paid_budget_snapshot,unstarted_at_paid_budget_snapshot,1,False
19f4780b53b3fa41,ok_historical_reuse,unstarted_at_paid_budget_snapshot,unstarted_at_paid_budget_snapshot,unstarted_at_paid_budget_snapshot,unstarted_at_paid_budget_snapshot,1,False
1a4456d1cc71a26a,ok_historical_reuse,unstarted_at_paid_budget_snapshot,unstarted_at_paid_budget_snapshot,unstarted_at_paid_budget_snapshot,unstarted_at_paid_budget_snapshot,1,False
1a803b27c2400dc4,ok_historical_reuse,unstarted_at_paid_budget_snapshot,unstarted_at_paid_budget_snapshot,unstarted_at_paid_budget_snapshot,unstarted_at_paid_budget_snapshot,1,False
1cb97b1d7314d43d,ok_historical_reuse,unstarted_at_paid_budget_snapshot,unstarted_at_paid_budget_snapshot,unstarted_at_paid_budget_snapshot,unstarted_at_paid_budget_snapshot,1,False
205f4b4982b9ea49,ok_historical_reuse,unstarted_at_paid_budget_snapshot,unstarted_at_paid_budget_snapshot,unstarted_at_paid_budget_snapshot,unstarted_at_paid_budget_snapshot,1,False
26eff843be35d831,ok_historical_reuse,unstarted_at_paid_budget_snapshot,unstarted_at_paid_budget_snapshot,unstarted_at_paid_budget_snapshot,unstarted_at_paid_budget_snapshot,1,False
282f8ddb43b5e677,ok_historical_reuse,unstarted_at_paid_budget_snapshot,unstarted_at_paid_budget_snapshot,unstarted_at_paid_budget_snapshot,unstarted_at_paid_budget_snapshot,1,False
297b7688a045c583,ok_historical_reuse,unstarted_at_paid_budget_snapshot,unstarted_at_paid_budget_snapshot,unstarted_at_paid_budget_snapshot,unstarted_at_paid_budget_snapshot,1,False
2c8d0985f3557d2b,ok_historical_reuse,unstarted_at_paid_budget_snapshot,unstarted_at_paid_budget_snapshot,unstarted_at_paid_budget_snapshot,unstarted_at_paid_budget_snapshot,1,False
30ca2887550f0d8d,ok_historical_reuse,unstarted_at_paid_budget_snapshot,unstarted_at_paid_budget_snapshot,unstarted_at_paid_budget_snapshot,unstarted_at_paid_budget_snapshot,1,False
3408a6a513c627a3,ok_historical_reuse,unstarted_at_paid_budget_snapshot,unstarted_at_paid_budget_snapshot,unstarted_at_paid_budget_snapshot,unstarted_at_paid_budget_snapshot,1,False
35a9aa9b88f0e4d1,ok_historical_reuse,unstarted_at_paid_budget_snapshot,unstarted_at_paid_budget_snapshot,unstarted_at_paid_budget_snapshot,unstarted_at_paid_budget_snapshot,1,False
3d3321e27d14f9aa,ok_historical_reuse,unstarted_at_paid_budget_snapshot,unstarted_at_paid_budget_snapshot,unstarted_at_paid_budget_snapshot,unstarted_at_paid_budget_snapshot,1,False
44eaabe4cb923766,ok_historical_reuse,unstarted_at_paid_budget_snapshot,unstarted_at_paid_budget_snapshot,unstarted_at_paid_budget_snapshot,unstarted_at_paid_budget_snapshot,1,False
46b25db9396c8209,ok_historical_reuse,unstarted_at_paid_budget_snapshot,unstarted_at_paid_budget_snapshot,unstarted_at_paid_budget_snapshot,unstarted_at_paid_budget_snapshot,1,False
46c5a59e5ae42037,ok_historical_reuse,unstarted_at_paid_budget_snapshot,unstarted_at_paid_budget_snapshot,unstarted_at_paid_budget_snapshot,unstarted_at_paid_budget_snapshot,1,False
471f11cc2d38853a,ok_historical_reuse,unstarted_at_paid_budget_snapshot,unstarted_at_paid_budget_snapshot,unstarted_at_paid_budget_snapshot,unstarted_at_paid_budget_snapshot,1,False
47c581af5de1136b,ok_historical_reuse,unstarted_at_paid_budget_snapshot,unstarted_at_paid_budget_snapshot,unstarted_at_paid_budget_snapshot,unstarted_at_paid_budget_snapshot,1,False
48b7a3bf81e5f3e5,ok_historical_reuse,unstarted_at_paid_budget_snapshot,unstarted_at_paid_budget_snapshot,unstarted_at_paid_budget_snapshot,unstarted_at_paid_budget_snapshot,1,False
4a354d98c965b01f,ok_historical_reuse,unstarted_at_paid_budget_snapshot,unstarted_at_paid_budget_snapshot,unstarted_at_paid_budget_snapshot,unstarted_at_paid_budget_snapshot,1,False
4aa84fff8ad0cd26,ok_historical_reuse,unstarted_at_paid_budget_snapshot,unstarted_at_paid_budget_snapshot,unstarted_at_paid_budget_snapshot,unstarted_at_paid_budget_snapshot,1,False
51730b348b1bbd14,ok_historical_reuse,unstarted_at_paid_budget_snapshot,unstarted_at_paid_budget_snapshot,unstarted_at_paid_budget_snapshot,unstarted_at_paid_budget_snapshot,1,False
54b221668673164c,ok_historical_reuse,unstarted_at_paid_budget_snapshot,unstarted_at_paid_budget_snapshot,unstarted_at_paid_budget_snapshot,unstarted_at_paid_budget_snapshot,1,False
552665868f8f72ed,ok_historical_reuse,unstarted_at_paid_budget_snapshot,unstarted_at_paid_budget_snapshot,unstarted_at_paid_budget_snapshot,unstarted_at_paid_budget_snapshot,1,False
585fef2a1cb6b33f,ok_historical_reuse,unstarted_at_paid_budget_snapshot,unstarted_at_paid_budget_snapshot,unstarted_at_paid_budget_snapshot,unstarted_at_paid_budget_snapshot,1,False
642738a361f1c63a,ok_historical_reuse,unstarted_at_paid_budget_snapshot,unstarted_at_paid_budget_snapshot,unstarted_at_paid_budget_snapshot,unstarted_at_paid_budget_snapshot,1,False
64c64f0f9983c48f,ok_historical_reuse,unstarted_at_paid_budget_snapshot,unstarted_at_paid_budget_snapshot,unstarted_at_paid_budget_snapshot,unstarted_at_paid_budget_snapshot,1,False
654566a1f91408aa,historical_artifact_cap,unstarted_at_paid_budget_snapshot,unstarted_at_paid_budget_snapshot,unstarted_at_paid_budget_snapshot,unstarted_at_paid_budget_snapshot,0,False
693890aae9dc860b,ok_historical_reuse,unstarted_at_paid_budget_snapshot,unstarted_at_paid_budget_snapshot,unstarted_at_paid_budget_snapshot,unstarted_at_paid_budget_snapshot,1,False
6cacb11611345a24,ok_historical_reuse,unstarted_at_paid_budget_snapshot,unstarted_at_paid_budget_snapshot,unstarted_at_paid_budget_snapshot,unstarted_at_paid_budget_snapshot,1,False
7291b347fe0238fb,ok_historical_reuse,unstarted_at_paid_budget_snapshot,unstarted_at_paid_budget_snapshot,unstarted_at_paid_budget_snapshot,unstarted_at_paid_budget_snapshot,1,False
7423783f7e38bb9b,ok_historical_reuse,unstarted_at_paid_budget_snapshot,unstarted_at_paid_budget_snapshot,unstarted_at_paid_budget_snapshot,unstarted_at_paid_budget_snapshot,1,False
7a3d123dd555110d,ok_historical_reuse,unstarted_at_paid_budget_snapshot,unstarted_at_paid_budget_snapshot,unstarted_at_paid_budget_snapshot,unstarted_at_paid_budget_snapshot,1,False
7c8943b160464add,ok_historical_reuse,unstarted_at_paid_budget_snapshot,unstarted_at_paid_budget_snapshot,unstarted_at_paid_budget_snapshot,unstarted_at_paid_budget_snapshot,1,False
7e51711baa1b1fb1,ok_historical_reuse,unstarted_at_paid_budget_snapshot,unstarted_at_paid_budget_snapshot,unstarted_at_paid_budget_snapshot,unstarted_at_paid_budget_snapshot,1,False
80589368fa78f21a,ok_historical_reuse,unstarted_at_paid_budget_snapshot,unstarted_at_paid_budget_snapshot,unstarted_at_paid_budget_snapshot,unstarted_at_paid_budget_snapshot,1,False
8164950b155f7f56,ok_historical_reuse,unstarted_at_paid_budget_snapshot,unstarted_at_paid_budget_snapshot,unstarted_at_paid_budget_snapshot,unstarted_at_paid_budget_snapshot,1,False
85a31ae409944a1b,ok_historical_reuse,unstarted_at_paid_budget_snapshot,unstarted_at_paid_budget_snapshot,unstarted_at_paid_budget_snapshot,unstarted_at_paid_budget_snapshot,1,False
8d859cfa7b51a351,ok_historical_reuse,unstarted_at_paid_budget_snapshot,unstarted_at_paid_budget_snapshot,unstarted_at_paid_budget_snapshot,unstarted_at_paid_budget_snapshot,1,False
923483635406b213,ok_historical_reuse,unstarted_at_paid_budget_snapshot,unstarted_at_paid_budget_snapshot,unstarted_at_paid_budget_snapshot,unstarted_at_paid_budget_snapshot,1,False
9312d813229df035,ok_historical_reuse,unstarted_at_paid_budget_snapshot,unstarted_at_paid_budget_snapshot,unstarted_at_paid_budget_snapshot,unstarted_at_paid_budget_snapshot,1,False
94a00ea67f49bf84,ok_historical_reuse,unstarted_at_paid_budget_snapshot,unstarted_at_paid_budget_snapshot,unstarted_at_paid_budget_snapshot,unstarted_at_paid_budget_snapshot,1,False
94bd4520b8ceb3f0,ok_historical_reuse,unstarted_at_paid_budget_snapshot,unstarted_at_paid_budget_snapshot,unstarted_at_paid_budget_snapshot,unstarted_at_paid_budget_snapshot,1,False
956d34f13e7af830,ok_historical_reuse,unstarted_at_paid_budget_snapshot,unstarted_at_paid_budget_snapshot,unstarted_at_paid_budget_snapshot,unstarted_at_paid_budget_snapshot,1,False
9a10c15885022034,ok_historical_reuse,unstarted_at_paid_budget_snapshot,unstarted_at_paid_budget_snapshot,unstarted_at_paid_budget_snapshot,unstarted_at_paid_budget_snapshot,1,False
a04f964bc53281e0,ok_historical_reuse,unstarted_at_paid_budget_snapshot,unstarted_at_paid_budget_snapshot,unstarted_at_paid_budget_snapshot,unstarted_at_paid_budget_snapshot,1,False
a23f4bd626b76590,ok_historical_reuse,unstarted_at_paid_budget_snapshot,unstarted_at_paid_budget_snapshot,unstarted_at_paid_budget_snapshot,unstarted_at_paid_budget_snapshot,1,False
a32a69e7c701eb14,historical_artifact_cap,unstarted_at_paid_budget_snapshot,unstarted_at_paid_budget_snapshot,unstarted_at_paid_budget_snapshot,unstarted_at_paid_budget_snapshot,0,False
a5ba682572f53add,ok_historical_reuse,unstarted_at_paid_budget_snapshot,unstarted_at_paid_budget_snapshot,unstarted_at_paid_budget_snapshot,unstarted_at_paid_budget_snapshot,1,False
a863cd42be4d05d4,ok_historical_reuse,unstarted_at_paid_budget_snapshot,unstarted_at_paid_budget_snapshot,unstarted_at_paid_budget_snapshot,unstarted_at_paid_budget_snapshot,1,False
a97065df07a47eb0,ok_historical_reuse,unstarted_at_paid_budget_snapshot,unstarted_at_paid_budget_snapshot,unstarted_at_paid_budget_snapshot,unstarted_at_paid_budget_snapshot,1,False
ab279eded3b3c52b,ok_historical_reuse,unstarted_at_paid_budget_snapshot,unstarted_at_paid_budget_snapshot,unstarted_at_paid_budget_snapshot,unstarted_at_paid_budget_snapshot,1,False
aebf5d861a8365b4,ok_historical_reuse,unstarted_at_paid_budget_snapshot,unstarted_at_paid_budget_snapshot,unstarted_at_paid_budget_snapshot,unstarted_at_paid_budget_snapshot,1,False
b6adf79118a58cea,ok_historical_reuse,unstarted_at_paid_budget_snapshot,unstarted_at_paid_budget_snapshot,unstarted_at_paid_budget_snapshot,unstarted_at_paid_budget_snapshot,1,False
b78d323566930bd7,ok_historical_reuse,unstarted_at_paid_budget_snapshot,unstarted_at_paid_budget_snapshot,unstarted_at_paid_budget_snapshot,unstarted_at_paid_budget_snapshot,1,False
b7f9774e2142a758,ok_historical_reuse,unstarted_at_paid_budget_snapshot,unstarted_at_paid_budget_snapshot,unstarted_at_paid_budget_snapshot,unstarted_at_paid_budget_snapshot,1,False
bc85856c012bcc1b,ok_historical_reuse,unstarted_at_paid_budget_snapshot,unstarted_at_paid_budget_snapshot,unstarted_at_paid_budget_snapshot,unstarted_at_paid_budget_snapshot,1,False
c107ee39eb333a9d,ok_historical_reuse,unstarted_at_paid_budget_snapshot,unstarted_at_paid_budget_snapshot,unstarted_at_paid_budget_snapshot,unstarted_at_paid_budget_snapshot,1,False
c30ff9405c916718,ok_historical_reuse,unstarted_at_paid_budget_snapshot,unstarted_at_paid_budget_snapshot,unstarted_at_paid_budget_snapshot,unstarted_at_paid_budget_snapshot,1,False
c4f8e81b70d33a13,ok_historical_reuse,unstarted_at_paid_budget_snapshot,unstarted_at_paid_budget_snapshot,unstarted_at_paid_budget_snapshot,unstarted_at_paid_budget_snapshot,1,False
c649a4cee87c4321,ok_historical_reuse,unstarted_at_paid_budget_snapshot,unstarted_at_paid_budget_snapshot,unstarted_at_paid_budget_snapshot,unstarted_at_paid_budget_snapshot,1,False
cb5bf66ef2ee09ed,ok_historical_reuse,unstarted_at_paid_budget_snapshot,unstarted_at_paid_budget_snapshot,unstarted_at_paid_budget_snapshot,unstarted_at_paid_budget_snapshot,1,False
cba8393879afd1dc,ok_historical_reuse,unstarted_at_paid_budget_snapshot,unstarted_at_paid_budget_snapshot,unstarted_at_paid_budget_snapshot,unstarted_at_paid_budget_snapshot,1,False
ce1a79e2d658eb8a,ok_historical_reuse,unstarted_at_paid_budget_snapshot,unstarted_at_paid_budget_snapshot,unstarted_at_paid_budget_snapshot,unstarted_at_paid_budget_snapshot,1,False
ce837ccd24a3a18c,ok_historical_reuse,unstarted_at_paid_budget_snapshot,unstarted_at_paid_budget_snapshot,unstarted_at_paid_budget_snapshot,unstarted_at_paid_budget_snapshot,1,False
cee6f811d0bf199d,ok_historical_reuse,unstarted_at_paid_budget_snapshot,unstarted_at_paid_budget_snapshot,unstarted_at_paid_budget_snapshot,unstarted_at_paid_budget_snapshot,1,False
d255d3a2e1c8dbf4,ok_historical_reuse,unstarted_at_paid_budget_snapshot,unstarted_at_paid_budget_snapshot,unstarted_at_paid_budget_snapshot,unstarted_at_paid_budget_snapshot,1,False
d52bfd2b6ab1c850,ok_historical_reuse,unstarted_at_paid_budget_snapshot,unstarted_at_paid_budget_snapshot,unstarted_at_paid_budget_snapshot,unstarted_at_paid_budget_snapshot,1,False
d9a3408a840c9f48,ok_historical_reuse,unstarted_at_paid_budget_snapshot,unstarted_at_paid_budget_snapshot,unstarted_at_paid_budget_snapshot,unstarted_at_paid_budget_snapshot,1,False
da290fae0d6c072f,ok_historical_reuse,unstarted_at_paid_budget_snapshot,unstarted_at_paid_budget_snapshot,unstarted_at_paid_budget_snapshot,unstarted_at_paid_budget_snapshot,1,False
da78606950f100cd,ok_historical_reuse,unstarted_at_paid_budget_snapshot,unstarted_at_paid_budget_snapshot,unstarted_at_paid_budget_snapshot,unstarted_at_paid_budget_snapshot,1,False
dd16ac872ffb8673,ok_historical_reuse,unstarted_at_paid_budget_snapshot,unstarted_at_paid_budget_snapshot,unstarted_at_paid_budget_snapshot,unstarted_at_paid_budget_snapshot,1,False
de2868ac837699fd,ok_historical_reuse,unstarted_at_paid_budget_snapshot,unstarted_at_paid_budget_snapshot,unstarted_at_paid_budget_snapshot,unstarted_at_paid_budget_snapshot,1,False
e08f0b9931f93686,ok_historical_reuse,unstarted_at_paid_budget_snapshot,unstarted_at_paid_budget_snapshot,unstarted_at_paid_budget_snapshot,unstarted_at_paid_budget_snapshot,1,False
e18350fb51a9d1b0,ok_historical_reuse,unstarted_at_paid_budget_snapshot,unstarted_at_paid_budget_snapshot,unstarted_at_paid_budget_snapshot,unstarted_at_paid_budget_snapshot,1,False
e5a3a7b3668a1cc2,ok_historical_reuse,unstarted_at_paid_budget_snapshot,unstarted_at_paid_budget_snapshot,unstarted_at_paid_budget_snapshot,unstarted_at_paid_budget_snapshot,1,False
e68fdd96cc63271b,ok_historical_reuse,unstarted_at_paid_budget_snapshot,unstarted_at_paid_budget_snapshot,unstarted_at_paid_budget_snapshot,unstarted_at_paid_budget_snapshot,1,False
ed2efb82fce4b098,ok_historical_reuse,unstarted_at_paid_budget_snapshot,unstarted_at_paid_budget_snapshot,unstarted_at_paid_budget_snapshot,unstarted_at_paid_budget_snapshot,1,False
edc9d41a298fdf60,ok_historical_reuse,unstarted_at_paid_budget_snapshot,unstarted_at_paid_budget_snapshot,unstarted_at_paid_budget_snapshot,unstarted_at_paid_budget_snapshot,1,False
efd53e9c0f36d608,ok_historical_reuse,unstarted_at_paid_budget_snapshot,unstarted_at_paid_budget_snapshot,unstarted_at_paid_budget_snapshot,unstarted_at_paid_budget_snapshot,1,False
f0a3d6881458f990,ok_historical_reuse,unstarted_at_paid_budget_snapshot,unstarted_at_paid_budget_snapshot,unstarted_at_paid_budget_snapshot,unstarted_at_paid_budget_snapshot,1,False
f24e9383331c43e2,ok_historical_reuse,unstarted_at_paid_budget_snapshot,unstarted_at_paid_budget_snapshot,unstarted_at_paid_budget_snapshot,unstarted_at_paid_budget_snapshot,1,False
f652ea96eff62654,ok_historical_reuse,unstarted_at_paid_budget_snapshot,unstarted_at_paid_budget_snapshot,unstarted_at_paid_budget_snapshot,unstarted_at_paid_budget_snapshot,1,False
f8cf362e371e8960,ok_historical_reuse,unstarted_at_paid_budget_snapshot,unstarted_at_paid_budget_snapshot,unstarted_at_paid_budget_snapshot,unstarted_at_paid_budget_snapshot,1,False
fc3812567b5fdd64,ok_historical_reuse,unstarted_at_paid_budget_snapshot,unstarted_at_paid_budget_snapshot,unstarted_at_paid_budget_snapshot,unstarted_at_paid_budget_snapshot,1,False
fe6d7ac3fcd3129e,ok_historical_reuse,unstarted_at_paid_budget_snapshot,unstarted_at_paid_budget_snapshot,unstarted_at_paid_budget_snapshot,unstarted_at_paid_budget_snapshot,1,False
