operation_index,job_sha256,dataset_lineage_id,fit_seed,attempt,status,parent_exit_code,whole_native_parent_seconds,charged_model_plus_projection_bytes,GPU_observation_count,co_tenant_observed,shared_GPU_cost_observed,maximum_observed_own_GPU_resident_mib,maximum_observed_own_RSS_bytes
86,2c3f7f38facf2bd30df139d2073da13966b71e4996e656f87db9116da276f32c,30ca2887550f0d8d,71,1,ok,0,65.417646933,8147,5,False,False,430,889409536
87,94af4cd064533b27fe9b3f79f423afae71cee019905d1ef9683658e8079c96c7,3408a6a513c627a3,23,1,ok,0,74.986263229,1005,4,False,False,430,903995392
88,63dc23cfa9d314f76cf03438cf12f0720527b519fd5ef8798d7865f9fc253ebf,3408a6a513c627a3,37,1,ok,0,78.900395085,1000,4,False,False,430,918138880
89,c57411597acf7cbefbd029ac60445dad4c6aed8c1503540c6aed0411036277f4,3408a6a513c627a3,53,1,ok,0,66.522369484,1007,5,False,False,430,903909376
90,de879a8839a60b4bbed5b0a74f40acb1a2ab766b1b896a4eb91c6bbac113226a,3408a6a513c627a3,71,1,ok,0,85.911265542,1010,5,False,False,430,903909376
91,92b90a547080bf1663477a4d11eb33d5c6912ebfe32155cf3ed187780a0c610b,35a9aa9b88f0e4d1,23,1,ok,0,177.793546451,2746,5,False,False,430,884224000
92,41ca565c9459bf6ac34aba6d643476711da9662b1e7ab700e3a88f6beb0ed4ab,35a9aa9b88f0e4d1,37,1,ok,0,139.962714727,2746,5,False,False,430,883470336
93,e97c7dae6e462447bde413dc32ca808158fb99632ba07e25cdd8f77b679d5e58,35a9aa9b88f0e4d1,53,1,ok,0,64.740004262,2747,5,False,False,430,888954880
94,9d2d915236d0759c34d4ed159749eb1b8e40a9d51ac6b6af497dac32dca410f5,35a9aa9b88f0e4d1,71,1,ok,0,64.593375501,2753,5,False,False,430,889327616
