dataset,fit_seed,sampler_sha256,sampler_bytes,charged_model_and_projection_bytes,native_author_mean_ml_r2,catboost_tstr_loss_n,catboost_retention_n,catboost_tstr_loss_4n,catboost_retention_4n,fit_receipt_path,fit_receipt_sha256,native_receipt_sha256
04c80944e971cb3e,11,72a9562ebca971552e050bf9c6ab2d960afcdf48f75e6ba819665f65cb2c8b06,70759678,70760590,0.8996916193056944,0.00017339230857224235,0.9979124570442429,0.0007896360130808616,0.9811439251202736,/home/ubuntu/dope-scratch-x3/forest-fivefit-cpu-v1/missing-fit11-next-six-v1/attempts/22f126f63d8cfcfb0358467e7ffbcb7261ad1e8f400bfe3ddca02ee0e44bf668/fit.json,5ddaf094fd39b0c304e4b2e3d2d12559a9cb296209ad54fab2ab1fd776b12bb1,f33af454ab2c47599252994f23f126b8a3b7cdf6b9e8c4d55e2d7107df3facd9
04c80944e971cb3e,23,b8b3661bb92040751540ad0c2834b83f637c6e1a11e83d1ecfec988d5655deee,70700249,70701161,0.9083586193681714,0.00017232924477178578,0.9979413839430407,0.00015004200736585036,0.9985478392288379,/home/ubuntu/dope-scratch-x3/forest-fivefit-cpu-v1/attempts/27be07f77fe016d45647dd0caf8086c2474b84f16308108b3584ab60733f6f90/fit.json,9cfbe2945459a98108c33a2335653ae68c7cf070ff84b73ee23bc64eed4e5598,67287e39658a0f4a54063027f13014a6417baa7e0c10f9edb051875aab25fe35
04c80944e971cb3e,37,4344176e50286e1b1eac7226a0111f0dd309b3f17d75933fbe2ee9cb65745d11,70622343,70623255,0.9106582555458931,0.0004900534442253419,0.9892958296881657,0.0001905820127430366,0.9974447101106148,/home/ubuntu/dope-scratch-x3/forest-fivefit-cpu-v1/attempts/d99d3eba24b39f6fc2168b41a3772ea728b5d572fa0e5fe7f5d9897484b88c03/fit.json,d72f02c74bc881d5840d31c6581b6ec2ba318e0c0dd25e44888f534a3e41a0d7,a0dd2555c8b68412d9711610b039fceeafadc2940e778c71cb87624a400d56fa
04c80944e971cb3e,53,d5f6c542d2bda9e67094a073dde4e13aecaf735a873904623e44bc30198a392f,70576768,70577680,0.9083372346357856,0.0002826440707652644,0.9949396207317901,0.00010815358409469621,0.9996876599811281,/home/ubuntu/dope-scratch-x3/forest-fivefit-cpu-v1/attempts/d31fdb6df3d0640705894aca68e970878ab679d76476e4f209973171f17434bb/fit.json,a771c1c39b03c3f5ae07ebc775fd553e5bff93fc07129a41bed6f3a67ea996ff,07b0e356340a30c8aad5094dba9fc2c0d36ece61f864ad0fe756fb1baba5c750
04c80944e971cb3e,71,27e7b72055d1e38e47d24c5b5f0885acfc23a2c189e5a7d88292d93ef0775a5e,70568346,70569258,0.9108883055724719,0.0005335871560714702,0.9881112391900886,0.0003266717944326037,0.9937415877385863,/home/ubuntu/dope-scratch-x3/forest-fivefit-cpu-v1/attempts/cc9e128bed7d0e08bcf34b70c6ae36667cc966cb92522036c48f701f4c0b9f6c/fit.json,80ff37ef024b40c5f53a4f9b9b1bf408947484d16507045a4c60a3ce77caee59,05a4183cac86ff9c40ca51feee3180c055f9919c920d010e7a320b333eb5b0bf
0779d3fd5b3133a2,11,deef2bd1c377ea5ed9dae536b0ea3d029316292f956d4785daf740863ace6039,72281967,72282871,0.7257003374319543,0.0012644339977317374,0.9750915020822666,0.0005770098378752187,1.0012009439016571,/home/ubuntu/dope-scratch-x3/forest-fivefit-cpu-v1/missing-fit11-next-six-v1/attempts/639c28e8de72bc71a5b605f35651c9160eb3e25e62f6c597c8e0376c6dfd3c99/fit.json,5d1798402832914e031e717a27bb0a878213791391c9b5fcdb40b0ccdb04ac89,2b9bf90c6e3a8c4b2f494f3b035d8ae522b943a4e24977747d926abf8cffda45
0779d3fd5b3133a2,23,580763affff48fd0c0f478fc3f73f08c885941a2b58630e104e7e37436ce91da,72362620,72363524,0.7201161713383413,0.0014273408028826666,0.9689040475244303,0.0005453050364054025,1.0024051417138844,/home/ubuntu/dope-scratch-x3/forest-fivefit-cpu-v1/attempts/9a58509d5513f0fec6c2d4935083602327d14351c143815a6d1bcdaa87ac8d73/fit.json,82efceb7b6c7be717dd08b6f66d0a5787803fa55da75c262ab97f398c2a4c32d,a2be72ad7e6872b8822222cada49c5321b604c07acdf4fea59a2daf139882baa
0779d3fd5b3133a2,37,b6707db3814174af7563d33433580ffd48ffe73b134a128f336802f99902782b,72224988,72225892,0.7209907694508398,0.001397995663568478,0.9700186216874415,0.0005633582005337181,1.00171945438139,/home/ubuntu/dope-scratch-x3/forest-fivefit-cpu-v1/attempts/75abec0ff0d0ba81472bed1604edaf2a66fa53275cbcc02add601d50442f71bf/fit.json,67bcc2d1c12a89cc60d784d2058e41bb4d07264f870384053b0dba65c2fc3bfe,397dad23ffc9ea326ab5207401da8d2b15ac26e1bd0f6f97722a1767b4b4455d
0779d3fd5b3133a2,53,eee256ad5de0911096d528deba996c4a5f89f867bb2e6b8c72809d61fa8905d6,72371605,72372509,0.7250374782636191,0.001244042444746767,0.9758660050709005,0.0005319745217787827,1.0029114554520266,/home/ubuntu/dope-scratch-x3/forest-fivefit-cpu-v1/attempts/c44a7aef140a15dda14cc8e8731b1d2045518d3c85ac8d0aa45d456976eb8332/fit.json,060873ea477357e99ff9dfa28b821c3d8635fe71259bd5f08b2264cfd7de8a6d,188cbb055e5844c9f52e374a2ca614ce7eba578cbab213a917d6792f30960581
0779d3fd5b3133a2,71,cd08e50c2d6d878d766838e7bfe05a6883048485f59e217c763624222fcdf1e1,72158552,72159456,0.7160568397084244,0.0011167488686300011,0.9807008136413421,0.0005511997044412775,1.0021812530275171,/home/ubuntu/dope-scratch-x3/forest-fivefit-cpu-v1/attempts/939ec709bd9703076898f9e6ca1652e038c86ebea9bb600a844197440f5f8fa5/fit.json,1116361f918a8b68a09b4b092310df4656b8cc986228e538927a7294543f7849,bf70463cb5727064baa5a12503c9d83b852e25158936f5754c267afc6b05a54e
585fef2a1cb6b33f,11,c56ee2601a50556ce9ca0a4cc446695f400f7ac5d100c3ae1a0fba50019ec79b,114422436,114423494,0.40188615750350465,0.027762011548868024,0.37469121024041824,0.015415292170074136,1.1742583591680857,/home/ubuntu/dope-scratch-x3/forest-fivefit-cpu-v1/missing-fit11-next-six-v1/attempts/c13c069197991aac75abdafeecfaf596b2f1768088b126215d3ebab94c14f1d9/fit.json,bffee3bd4a36d336f7e55ee53b3c1669d3274a955d3a5e0e3d6aed30bc523330,0d90be8c304021674074855382aa845cb451670c0a73a6f7e0c49450a7fe3930
585fef2a1cb6b33f,23,fe6329edc7f3a5a732bf3c61f50144a6f6708e62483afb9b58aa86f6951e2bcc,114584407,114585465,0.3187428020491483,0.02712723732381315,0.41579886011635453,0.015933940393804844,1.1406709689616623,/home/ubuntu/dope-scratch-x3/forest-fivefit-cpu-v1/attempts/98313fe27818c030e535846d0a42d21ebe31023835f42dcc8907b20d49fe6cfa/fit.json,b725d9ac4f97ef6e6cdbbfff40160653a9f66544f9313d0064929751342c4021,8ebf7ae00bf94b11b27b92dd2eeae9e91f0b8eb57b0abfe44b72d4ec73523c29
585fef2a1cb6b33f,37,08988a564a150faa9f87937cbd0a87c7013c0634aa50430e1cb4d17d73357eda,114386337,114387395,0.600687920968176,0.024172978175766153,0.6071151516532376,0.016722124679011494,1.0896285630870555,/home/ubuntu/dope-scratch-x3/forest-fivefit-cpu-v1/attempts/a278eab538bbafa8129f3bd6ee297d169394bae2df386232bf24bc092f620b34/fit.json,b4ca0b78179f8f1c0a0a528dd74d51bfb95711cd799e21f7d76cad049444a8d6,8871ee01ead8793c04c9ef4864ef30739d2f108d9449f9430ac0b8367685e9b6
585fef2a1cb6b33f,53,c044f3fb0da476c8dd17ab78841d710cca338a1de3841b36f8065fc663bebb3c,114554434,114555492,0.6323167901981089,0.0250791788060547,0.5484300684269395,0.01490189765222187,1.2075055221042803,/home/ubuntu/dope-scratch-x3/forest-fivefit-cpu-v1/attempts/2afcddb65d9a743d5be6228056d4dbb1cd20a3b53983adf0cb14c16d174a8bb2/fit.json,3b35163b2622efa76f7773375850e857b2670e00055ddfe3e0fc72a36962346e,bb85734c59a6f8c0ec521b49c0e78d5d6f7895759c655aa4b16f1441719e48ad
585fef2a1cb6b33f,71,7b081463b0fcac0dfe045b09a52458c15cce5d075b994f66c0ab5b69f21dd533,114517534,114518592,0.6439736768039255,0.02525809936237527,0.5368432659158608,0.014503096360649297,1.2333316870885616,/home/ubuntu/dope-scratch-x3/forest-fivefit-cpu-v1/attempts/4804bfd3ab1c2f0509cba4daa56312ce8c2fcdfdd9e74cd970d953eaf30870b6/fit.json,693a1da774aa8e21fd0c5f941c0c86d58a5b4fe56110877618ba086acdbe50c8,d004a830d8750f706d32f1cf0440cec144c1176d5687679259b7db87f7975e15
693890aae9dc860b,11,c9cd1a665180ca85219cf5303de9aa33b9cd241da8c6c6efad35b14d186ddab6,71016792,71017704,0.8755009296760523,0.0019223971363248624,0.9954120157016313,0.0009432043449494881,1.0034922548853997,/home/ubuntu/dope-scratch-x3/forest-fivefit-cpu-v1/missing-fit11-next-six-v1/attempts/617ac106885951a060bfd2bf751833c03d1bd6cb8609465eb112229363ad53eb/fit.json,fb19d9df97efcda5f812410dfd8be4395791bdf2491ab71cc3b38fab0af84ed2,56a661fe49e1ed40873775f8bc958168dceed0fbb08bdf40e2e2c119dcb8ba68
693890aae9dc860b,23,cb0b90907abb14459b3ec10fdd31960ac3946cb3435cacfd4203cc3f15c0d63d,70921888,70922800,0.8791579126130784,0.0015194599497166412,0.9987370287863947,0.0007176327757714713,1.0053536577144138,/home/ubuntu/dope-scratch-x3/forest-fivefit-cpu-v1/attempts/ccbb7e8d7e660880fa7e8b432cdc873118cba4b5630fed575246a4d97ea5f889/fit.json,6e616b9676d1a424f326cc1ac817d55c89bcb177c896483bae7f847161ab473d,80e6165fe17f426188e9df77a2e21fc7fa2ad2c8ae635e4b4ca75b5902005090
693890aae9dc860b,37,6819a46c341f49011b8ac2e89230f41f3c6566a7a11c291ae9d11a6b3124799d,70769484,70770396,0.8803854028730439,0.0020495695917821886,0.9943625963567043,0.0010277225162766783,1.0027948160912077,/home/ubuntu/dope-scratch-x3/forest-fivefit-cpu-v1/attempts/3021037900111c1a4d0fdbc365b21c7be2f1b96faeba810a7661403d25d06b4b/fit.json,2d70d8e8501dd25ce18ec2a28cbd767f23d71b77b91a093a2e8d27985101abb4,cc139b8f297775dc7d457ccc085542036d203687efd87ff7bfd39bda17377924
693890aae9dc860b,53,9b29ce915a7518d92fe9ea478e348f1f840a8c9b1a641375b01391ccb3f07212,70749090,70750002,0.8736958996902546,0.0020113522855184644,0.9946779632367407,0.0010465644621142146,1.002639333503513,/home/ubuntu/dope-scratch-x3/forest-fivefit-cpu-v1/attempts/69eb152687a9773be17d559ef42b9bff4f16905e81684c025ea8c12b879f238e/fit.json,95c4b66242224e6737a8fb51b50f704adae19acb17914b9f518a663fe65d48ad,94ac1cbd3d31ef14f78561e9b3cc49300a69a57ce17f6bc253e428e265201c13
693890aae9dc860b,71,cb65e2bb83293377587a36ba1a29a72c68f4788d94ecd0eca059f853ff8233db,70748156,70749068,0.8738977928496636,0.0022940677256183565,0.9923450126706497,0.001231087173956802,1.001116663341255,/home/ubuntu/dope-scratch-x3/forest-fivefit-cpu-v1/attempts/2d24f238d9e02db999a702ac5430f0bf82e62ca6e122cc986554b39b916467f8/fit.json,a9ed744c1716ec5daf73521cf05640d888d7c2b07ba822b6a43a52288633f010,9551b98b0422b0953e89ca8cf64706ad4d08823b135fdf01fdacd233b99b6694
a04f964bc53281e0,11,5dcf8ac4857a32ed5980f8f9b7b844755b1dd071a06115eb84b69f60140f293e,113044814,113045845,0.11784560969510541,6.711825546554626e-05,0.7864462911990435,7.367946761561928e-05,0.702871871794544,/home/ubuntu/dope-scratch-x3/forest-fivefit-cpu-v1/missing-fit11-next-six-v1/attempts/d1d3f867e540a9325f9edf8c7088255fb00397870e7cd3d6345926772633a4cf/fit.json,14c3abda8fa0b42ffdb7cc77907647ac9a8eb5227e8c7aedb100056ae3f2fcae,94c42d388a29e25d7ce119011fe880645b3a5f1dd143be4cc3d60a7c4742f506
a04f964bc53281e0,23,941481d410259eeb524cdb07c3f9313923d0e8cf18e639566fba1bf5c908ed0d,113341095,113342126,-1.3550748373785628,6.707370286325879e-05,0.7870137866227503,4.83895874541446e-05,1.0250054963384625,/home/ubuntu/dope-scratch-x3/forest-fivefit-cpu-v1/attempts/ed055a63a78d9150b92c90c88a60ba0c913f8d236944de08b80dd8d5e7fdda32/fit.json,fe6f0ad973057a7713de350d18769927f46302d0a7a9ab3a4e5a4215b8045897,bcee4eee14e06ab2def07fdb4a38d9f6c9fb7d71c1d650eb06370daefffc51a7
a04f964bc53281e0,37,73b65ee2df7e1dabd4ba34284e9393fe6d525cca0a4a416060ed93a361badef2,113012180,113013211,-1.2872099701896347,5.360470471956864e-05,0.9585771615102182,3.068513169227213e-05,1.2505186450261898,/home/ubuntu/dope-scratch-x3/forest-fivefit-cpu-v1/attempts/276b21e3dcf187d2a779f2bb42302284a3bafb8195aaa8a0ded5e58ddd3b2668/fit.json,a37818e36d677d23f3f86924d792412583ce6b4db9faa7f3193ff95015692f09,91cf60a30da425b5042587bd83a0688887b990bd3e65573a166faacfbc227861
a04f964bc53281e0,53,87fad8e122052844568cbe0bcd743b1381ea149a9211dac3bdf9a02a7072ea6c,113352207,113353238,-0.4393448890857907,5.408785898222461e-05,0.952422911950732,5.0208215766649926e-05,1.0018404466717594,/home/ubuntu/dope-scratch-x3/forest-fivefit-cpu-v1/attempts/55339b8eb85c80bf92f76975ffb8bc8e3851e8047a99b3c28f98b65dd9d4ddd8/fit.json,5c163d85d13c5d2a5a05375aefb89911bf070c68c0e54df6c492dabe176de477,589cc6754484348a42b3de147098a1d3d13fd3adf9e754d5098634526f39ea8a
a04f964bc53281e0,71,24488289140566e8796f973010f3fa11a5bb941ee73a99cf7c401f12921ad0ac,113160444,113161475,0.45085798982699676,5.564029138386891e-05,0.9326485724438603,4.013598400088135e-05,1.1301370026552904,/home/ubuntu/dope-scratch-x3/forest-fivefit-cpu-v1/attempts/cf234d74a856e2d4d8bd71a03279b299bf6c007cf1fe43943d76983499bc8b71/fit.json,d68078c6f006f6707710c81d6dd6502cdddd2bfd242e2a08c61402039ce2508e,8701a9d00f0df320968de78d892014483c15136159be0d70c23d7ae29c8ee6b4
a863cd42be4d05d4,11,02750c6b1a1835639f68846ea6367e3a42c1c877f1fa554a1ee2d6253cf305db,106136166,106137205,0.9513140336200319,0.0019291606782556652,0.9874833846382816,0.000496443299301494,1.0061794549071519,/home/ubuntu/dope-scratch-x3/forest-fivefit-cpu-v1/missing-fit11-next-six-v1/attempts/cfd02af44775f32cabfca47c21bddadfdb014f2c9de49aa631ac7dfe85fe743a/fit.json,8c3ec48d1eaabc282181ea0d93faa6ba3ac1b80bf1af5315a2e41c1d2f3b1078,7791ac1e53d997b6a449531a85887268fc4ac8ed736cf50614aaba1847954711
a863cd42be4d05d4,23,24196268f2ea5645096a83ad7df37b194b82ccfff7202c5c4b971578a159bd0e,106279100,106280139,0.9405002460797607,0.0025963056841104945,0.9787775574512807,0.00041174508984606156,1.0072847138360148,/home/ubuntu/dope-scratch-x3/forest-fivefit-cpu-v1/attempts/9c4d056f1a98128206c606185bd63dc0d3bc80d90c0a621f9c457333764f668d/fit.json,5b7b8626c236b50671c93367f47798002a14eb899f0658afdeba483213c34cbf,43917b7021337cacf12d6d0f40df5831b14c18c0f31115e3e721fa0c24ca95c2
a863cd42be4d05d4,37,8643b6e09ee439dfe09b195f466a1d8352a352ea05e239d1743c1a500074f7a6,106526148,106527187,0.9453567546472176,0.002627765071920223,0.9783670320163651,0.0007040067190598003,1.0034708814382651,/home/ubuntu/dope-scratch-x3/forest-fivefit-cpu-v1/attempts/b88a81f5bb44025246b9455959fcd3519e3b3ddb0638926207e6afc7475ab75e/fit.json,233c850306ef3acdf5091db0248ba0e02ff46f14d23635c5e8d7ca4f7d1c8677,34ceb2083a49e380ffef3aa5f3a3db1b59de5cecf3071a03b2ecbe947d5740be
a863cd42be4d05d4,53,e7d1d0ff014c2ca0ee86588c8dd431be2427f801cb9530bf293b3a648fdcc230,106497517,106498556,0.9518110190826088,0.002713565017728079,0.9772473961136723,0.0005031285189056763,1.0060922169512796,/home/ubuntu/dope-scratch-x3/forest-fivefit-cpu-v1/attempts/e5aaf676208d500a5d86a939cc1036a62c6af470653ccded4865bf9f4b095641/fit.json,67f9fd32682980d6b5fd731af37e2f47bbe7f10ab36d445a75d02ddc7be4818b,11b83080b9ccbd20e83dcb08e54d49df51b2c0c177c882835a231d86ed1a1958
a863cd42be4d05d4,71,550f0b59fbf6539d7b7b4dc613bf626905745e764d2d6126809fcdf01c601545,106280327,106281366,0.9323754182953904,0.0021955061250531604,0.984007742294392,0.000509832639890912,1.0060047323441463,/home/ubuntu/dope-scratch-x3/forest-fivefit-cpu-v1/attempts/c7edfdb39aafa387a2e904858602ac7300ad385930763eeae57c88a99f782360/fit.json,4daaf862b360a0bcf0868c48f8d9f568d414597a413bb4d11535a4b3515e5d58,9c6570f3f8266e6dbab5ab992d3544dc6d6b7c4cb00f809fd5d97d1dd6cf6c94
