method,dataset,fit_seed,status,native_validation_value,artifact_bytes,elapsed_seconds,job_sha256
ARF,047e62b52a3f4ede,23,ok,13.795620029876487,612106,10.93216244224459,57cb489abde62817ac8861470f714ed6489d0850bad7f96b23938ced536393e6
ARF,047e62b52a3f4ede,23,ok,13.720981329159754,364564,9.357461280189455,e41346650068ad95dec32ab752d0eb1db195a7e6368aedbb1d4f8550a11eb9a3
ARF,04c80944e971cb3e,23,ok,3.132375541871804,229752,9.462525459006429,2c951fe6d111aee1560d4dd562165df7a51e5748eb7e60c1806f576181caa1fa
ARF,04c80944e971cb3e,23,ok,3.149404298710032,136419,9.094171664211899,8690c25896171991af40cc45a2f906a32ea8481ff4b12a11bbd9db4bc15b559e
ARF,0d482c1dd7cc6592,23,ok,2.259306137250005,143676,9.888886090833694,06518dad4d74fca4a2ac9880da087c820ec39aeb7e6084a7f99e3aecfede95d8
ARF,0d482c1dd7cc6592,23,ok,2.1361440014456696,72582,8.649574893061072,0e122b9121dce0675b837375acfd9452aff7c44802a767bbdee74e5a93663526
ARF,0db59fd2579600d0,23,ok,-1.7652993748662515,216476,10.411058290861547,b48c95132a3dbfcc63142b21058f39c27bacde77d3cb2f3bff6d2c3941f72ede
ARF,0db59fd2579600d0,23,ok,-1.692454040952956,362394,10.309632048010826,e3181013cee15adff003ecd5daaab4ab132cd164b85654ba1f437e78d70338f8
ARF,19f4780b53b3fa41,23,ok,1.5843169347818806,121497,9.26196160307154,37641f873815aa25b08e7d79da845cd2677c95bbbfa3c752a0c950e2f8d42e00
ARF,19f4780b53b3fa41,23,ok,1.5843169347818806,121497,8.593384189065546,3fba348eff60787e07250b134ca744e26f5d2b1cde489e92385ea1bb00a99470
ARF,1cb97b1d7314d43d,23,ok,-5.578204692407763,21999,8.7836409881711,6054dcc25ed2a153d5d3ebc77368e2c3485e8129df20735066b64aec7eebb628
ARF,1cb97b1d7314d43d,23,ok,-27.701238890831213,456971,9.730126204900444,fad1a8384529ec0363c6a30fab3cb76fbfaea89a34876d2ef1540960e39553f8
ARF,297b7688a045c583,23,ok,-9.60305243045687,2687654,14.366389804985374,3e4a3a1c85f6264d30e3fbda10d6030dd0b6c02953b2bd56fdb7546db1de4157
ARF,297b7688a045c583,23,ok,-8.79274891228195,235025,10.292245413176715,f759cc64ea59f14466132bf77a3a80bbc9f772f01251118ab801cc883698a0f4
ARF,693890aae9dc860b,23,ok,2.8910797127108694,154073,9.578436015173793,561f3f1d294e86e0e68d14f8f3c7ce2b228a8f27a7e72970abdd92f050a3968c
ARF,693890aae9dc860b,23,ok,2.8917610754230823,253710,8.84270368469879,a79f88b2f7c10a3e13d71dc8daf0bad039a5c5808492840b94f01aef24ecfcde
ARF,9a10c15885022034,23,ok,14.018201862981785,743545,10.475942836143076,65df254c42c4694524392d844e6b29fcf27379d5dfe16dac49f14045cc28f1b7
ARF,9a10c15885022034,23,ok,13.752953523601093,447380,9.655312636867166,80ebaadb23e7132b1c044c9a5566cbfde767c08ddd90d686185470e34b316beb
ARF,a863cd42be4d05d4,23,ok,0.3843337983268114,167242,9.037082531955093,01ef8b2d0683613571619e807e1c35a5c2582be35cc2ac974fa592966e4f3b05
ARF,a863cd42be4d05d4,23,ok,0.37525639325702376,102717,9.661725287791342,aa1f860d98d769021d89e1a905e3308e14eceadcac5856b33e85b94461f65907
ARF,cba8393879afd1dc,23,ok,11.547147288986817,308899,9.421885959804058,53be2ef097c303d5d939fba9748d3831c88ac5efcb998e020c49a24fe293bfa8
ARF,cba8393879afd1dc,23,ok,11.471796237074837,498967,10.430547310970724,e1abdaeb768387cfc97f148b1c00733ee61f1d716a10dbb74f7162ed70435994
ARF,efd53e9c0f36d608,23,ok,14.021811081292942,712964,11.861597871873528,bb74d4b0bafbb1047977a95948842e7bd6cc2fa76763d48b5ca01e7225dd0c9a
ARF,efd53e9c0f36d608,23,ok,13.598579680157426,432597,9.846749573014677,dd3a519bc55266b6717ea1bf8baeb2c78e5c1cbc229f668fafbbb61ded4aae61
