dataset,default_native_density,selected_native_density,default_bytes,selected_bytes,successful_trials,operation_seconds
02a45777900441ce,-380.40525635792665,-27.015224017824018,2501835,112737,8,160.43652777094394
047e62b52a3f4ede,13.517451061805799,13.898342469522559,398593,674150,8,134.50937948399223
04c80944e971cb3e,3.133966755086634,3.153601747840078,142899,238870,8,137.637017081026
0561d673cb73c27e,8.63198536458389,8.706756841197713,966821,1646012,8,128.93372790003195
060b9fff8092db17,-2.013296978726597,-1.9832605428265728,5549657,9209418,8,177.3825099163223
06b0312a585b436e,-8.52983070408336,-4.228585877991128,2848689,492799,8,138.48190182307735
0779d3fd5b3133a2,2.210217234637194,2.231307769977553,229167,382013,8,119.08103160373867
07f38946316c039b,0.9244806977490517,0.9413699548870309,2527859,4186407,8,159.35997761739418
0a8428ef25a69175,9.663595493493194,9.719185588426429,2558757,4447624,8,169.27919622673653
0d482c1dd7cc6592,2.2116367694359034,2.2365414333834233,159337,69514,8,124.19858883973211
0db59fd2579600d0,-1.8022087156860342,-1.7284132773524064,215701,353347,8,124.9832807816565
0f86a714ec5f3ac6,1.590077050542156,1.7117292752469695,5074295,8439594,8,177.97915365360677
167578f5deba4977,3.8403288975638663,3.9008015685160533,942177,1598599,8,131.95131995924748
19f2c3c2d67defd7,1.7038754256675457,1.721081725118201,1616917,2719318,8,138.22653292980976
19f4780b53b3fa41,1.5682428136507538,1.5682428136507538,126358,126358,8,122.0761869319249
1a4456d1cc71a26a,2.972673354807323,2.977713085888992,2534266,4166226,8,149.37609231076203
1a803b27c2400dc4,1.1648238157572148,1.1963960763962824,1685603,2744198,8,137.01621846784838
1cb97b1d7314d43d,-27.894541447587898,-5.38197168949397,454453,21658,8,136.2955964554567
205f4b4982b9ea49,3.819419463258533,3.8420041225958714,2193912,3682215,8,162.17951514292508
26eff843be35d831,-1.0963005184968393,-0.8847786688534987,2693924,4521500,8,149.9988236699719
282f8ddb43b5e677,-0.6779508782455758,-0.6563621763694079,2681360,4467444,8,149.5630108639598
297b7688a045c583,-9.553593678730492,-8.629603672007201,2671605,219135,8,145.79523703898303
2c8d0985f3557d2b,2.422148336585548,2.430694120082612,1046159,1738911,8,137.63056192011572
30ca2887550f0d8d,-426.4621477946096,35.01634407169793,6773023,276829,8,221.55782390618697
3408a6a513c627a3,8.77552392268929,8.810536647409707,315237,534172,8,116.41092572500929
35a9aa9b88f0e4d1,1.5852067519356212,1.5852067519356212,3174933,3174933,8,160.60232287016697
3d3321e27d14f9aa,2.591402592240292,2.6097967268108793,1298223,2175369,8,139.85471176938154
44eaabe4cb923766,3.6791837092360336,3.6791837092360336,326561,326561,8,117.42206993326545
46b25db9396c8209,29.275615397822392,29.275615397822392,3697634,3697634,8,180.8079118281603
46c5a59e5ae42037,-3.171980113948732,-2.876676400077032,2606667,438969,8,151.43998507387005
471f11cc2d38853a,1.428349967327092,1.428349967327092,1610845,1610845,8,126.6288016019389
47c581af5de1136b,-3.6640843884582854,-3.5777056562238867,2795151,4699578,8,150.3131302536931
48b7a3bf81e5f3e5,-3.248461204947547,-3.082678033936737,1433914,2368542,8,121.74480936210603
4a354d98c965b01f,1.9470269270822143,1.9470269270822143,703423,703423,8,117.95308023993857
4aa84fff8ad0cd26,2.36439717313291,2.3820024871173344,1635442,2727621,8,139.55635844683275
51730b348b1bbd14,2.715013293713009,3.8251530128999285,466153,38899,8,113.1065409204457
54b221668673164c,1.5304870197919467,1.539540551106437,1941288,3221502,8,132.3919558543712
552665868f8f72ed,5.583165526364281,5.587791255603956,280863,462830,8,134.20385997393169
585fef2a1cb6b33f,12.603682815456736,12.603682815456736,266874,266874,8,122.07810394000262
642738a361f1c63a,2.040783127750614,2.040783127750614,1077709,1077709,8,121.22625833936036
64c64f0f9983c48f,5.652060381952069,5.690451780795903,264902,451872,8,130.5675845700316
654566a1f91408aa,192.25671549505716,194.29664596541252,20633482,34331533,8,490.7927597090602
693890aae9dc860b,2.8776133122913854,2.886155612520727,145771,241655,8,109.86540187010542
6cacb11611345a24,0.3187017771073311,0.35020214672951555,2182194,3663894,8,132.52191542531364
7291b347fe0238fb,1.7853566434821935,1.7906395754193147,1953399,3246579,8,129.1887675500475
7423783f7e38bb9b,7.875739000540191,7.8877205451741235,326967,550986,8,141.12437532143667
7a3d123dd555110d,-3.7122340287614204,-3.4871480237772703,5839082,2929653,8,151.12655652291141
7c8943b160464add,1.1963065420024122,1.1963065420024122,384194,384194,8,119.4162466248963
7e51711baa1b1fb1,1.352868756617877,1.395808094918928,1871598,3128422,8,129.7746431438718
80589368fa78f21a,15.874030512622927,16.18845942322852,2137795,1209908,8,134.43845543125644
8164950b155f7f56,2.6243304882737455,2.646439912295027,1658521,2755565,8,127.1835020580329
85a31ae409944a1b,2.105213847895139,2.119255031637075,1360207,2290226,8,128.0030904423911
8d859cfa7b51a351,0.3217217146038529,0.3272006373977861,1442695,2404157,8,126.26097708381712
923483635406b213,-213.65137649412608,-27.30798172637635,2566112,109945,8,136.50188865605742
9312d813229df035,4.5699735961334875,4.6180869598476955,359905,602536,8,113.69946377538145
94a00ea67f49bf84,1.6245993100162408,1.7067550641562634,383296,626225,8,111.95303509198129
94bd4520b8ceb3f0,1.690040089073745,1.716674178032313,1904294,3186168,8,128.96634658495896
956d34f13e7af830,-0.22310958368595168,-0.14265090526734397,5286271,8953867,8,159.6666727059055
9a10c15885022034,13.764949337247925,14.323957796404388,444403,722088,8,114.7010420577135
a04f964bc53281e0,16.55150710407235,16.556859483440245,254222,416535,8,112.620691817021
a23f4bd626b76590,1.2587165989028555,1.2701409864596505,1924198,3234853,8,154.7550241309218
a32a69e7c701eb14,-16.364345473670557,-14.809541783487186,19793463,3413836,8,257.63088968233205
a5ba682572f53add,2.999591634557781,3.0509561724223806,589798,997683,8,114.70745321805589
a863cd42be4d05d4,0.39717345978638424,0.46494934424873485,99121,164393,8,112.17398281022906
a97065df07a47eb0,0.5647030960898455,0.6626883637504508,5088748,8466318,8,173.9298909541685
ab279eded3b3c52b,25.44964635573492,26.119931345982323,4478198,7627679,8,175.39505079505034
aebf5d861a8365b4,3.809886685102777,3.827549918360609,981071,1644592,8,118.91442698589526
b6adf79118a58cea,29.79282649373779,29.79282649373779,3822117,3822117,8,164.86981106712483
b78d323566930bd7,-8.324232125619401,-7.774776538373286,10486592,5545809,8,181.89290598547086
b7f9774e2142a758,6.68021475951714,6.68021475951714,316827,316827,8,111.82579172542319
bc85856c012bcc1b,-6.466617242145192,-6.003283488713268,10088307,5549121,8,225.17092777439393
c107ee39eb333a9d,-0.4226224162299399,-0.290661361503478,2681101,4542207,8,143.66891265916638
c30ff9405c916718,0.07755571919287656,0.0858495490232445,387823,644087,8,122.31448206212372
c4f8e81b70d33a13,-8.885437726938427,-8.261847148451883,10670396,1822492,8,189.82735005184077
c649a4cee87c4321,3.061307300014203,3.069038453925346,1544330,2577530,8,134.1610502647236
cb5bf66ef2ee09ed,0.18321094154762696,0.7346704776287294,299585,24321,8,121.86919824709184
cba8393879afd1dc,11.423183349357881,11.624068248129609,314193,515811,8,113.4811815021094
ce1a79e2d658eb8a,2.4523113301462267,2.4906538993155927,332155,559407,8,120.1885859593749
ce837ccd24a3a18c,6.26771958458419,6.26771958458419,291229,291229,8,112.73766679223627
cee6f811d0bf199d,1.3644629381461755,1.376888694751089,1898368,3175312,8,143.48383267829195
d255d3a2e1c8dbf4,2.0637495243187964,2.09483461909009,1058364,1775774,8,136.6793879342731
d52bfd2b6ab1c850,1.8529779218041864,1.8889101701970554,1269168,2113248,8,130.02959554828703
d9a3408a840c9f48,11.247805959315713,11.29106945966893,605674,1001591,8,117.12981376145035
da290fae0d6c072f,1.668071259202579,1.668071259202579,1242632,1242632,8,151.4964885970112
da78606950f100cd,0.17875531786866344,0.19079012592709613,2826585,4710126,8,140.38383597019129
dd16ac872ffb8673,1.3954625449537428,1.4605316370304702,364237,611269,8,115.49772684439085
de2868ac837699fd,-1.0876340138689773,-1.0773160695899526,3205888,5392615,8,149.36775942100212
e08f0b9931f93686,-0.9741136266120242,-0.9484634390357709,2710071,4514239,8,140.18094674823806
e18350fb51a9d1b0,8.200527540026432,8.268138773242441,306577,525863,8,120.08082177024335
e5a3a7b3668a1cc2,-32.71060128997926,3.705519262752887,464251,74248,8,112.40836901124567
e68fdd96cc63271b,35.847608840487766,44.15986155122766,5761006,9627096,8,226.61858418444172
ed2efb82fce4b098,7.837531583439429,7.837531583439429,298182,298182,8,125.36940843984485
edc9d41a298fdf60,1.9248527831763744,1.995563994385082,1413169,2387549,8,125.3310496348422
efd53e9c0f36d608,14.433053039301516,15.158304440975602,448346,758152,8,115.1609660051763
f0a3d6881458f990,3.422253002820027,3.4506060964621827,1126578,1887887,8,132.37997992523015
f24e9383331c43e2,11.24046608030991,11.355312460888909,4008339,6884865,8,189.693788431352
f652ea96eff62654,7.933527984521592,7.989122783952815,334504,554538,8,130.16728238761425
f8cf362e371e8960,5.971065654894856,5.976932999062768,311671,529382,8,123.0239776337985
fc3812567b5fdd64,38.39538986837292,39.443825165426595,5892703,841398,8,197.71136022428982
fe6d7ac3fcd3129e,-4.587457914793776,-4.095497249349378,2449981,423002,8,133.23776309820823
