method,configuration,size_multiplier,planned_lineages,measured_lineages,charged_bytes_min,charged_bytes_median,charged_bytes_max,catboost_informative_lineages,catboost_median_retention,linear_informative_lineages,linear_median_retention,mlp_informative_lineages,mlp_median_retention
Chow-Liu,default,1,6,6,3342,8128.5,64200,6,0.614643508291661,6,0.6717929488680282,4,-0.894621880285192
Chow-Liu,default,4,6,6,3342,8128.5,64200,6,0.5446176008401182,6,0.7208598895936573,4,0.40985024682933036
Chow-Liu,native_selected,1,6,6,5161,22400.5,1004240,6,0.42075089781108893,6,0.5587423185182246,4,-0.9323082388146494
Chow-Liu,native_selected,4,6,6,5161,22400.5,1004240,6,0.3476845021578505,6,0.5703823163665946,4,0.542769760435787
DOPE,features12_steps2048,1,6,6,1014,2017.5,10171,6,0.9713144373773913,6,0.9840285435518892,4,0.9247218356303948
DOPE,features12_steps2048,4,6,6,1014,2017.5,10171,6,0.9852329274255602,6,0.9970641185854197,4,1.0379877173611738
DOPE,features12_steps512,1,6,6,1016,2014.0,10167,6,0.8900484517063495,6,0.999585327883551,4,0.9744422408364539
DOPE,features12_steps512,4,6,6,1016,2014.0,10167,6,0.9528127505616877,6,1.0060486409410347,4,1.0168187053760496
DOPE,features12_steps8192,1,6,6,1014,2020.0,10183,6,0.9450339150539854,6,0.9282706119747053,4,0.8839847215535461
DOPE,features12_steps8192,4,6,6,1014,2020.0,10183,6,0.973879683855924,6,0.9874122939052385,4,1.0075346842389998
DOPE,features12_width8_steps8192,1,6,6,911,1834.5,9852,6,0.9051860313805924,6,1.0033502572040252,4,0.9677658124656652
DOPE,features12_width8_steps8192,4,6,6,911,1834.5,9852,6,0.9451988480765776,6,1.020814112472376,4,1.0142176353060488
DOPE,features16_steps8192,1,6,5,1014,2020.0,10381,5,0.9560710036539728,5,0.9701305608550795,3,0.9501158188642604
DOPE,features16_steps8192,4,6,5,1014,2020.0,10381,5,0.9481454799704941,5,0.9729918173673034,3,0.9577938864583971
DOPE,features24_steps2048,1,6,5,1014,2017.5,10787,5,0.9781436201075459,5,0.9927253860526019,3,0.969155883889353
DOPE,features24_steps2048,4,6,5,1014,2017.5,10787,5,0.9771804325084472,5,0.9966692205627399,3,1.0238793842465264
DOPE,features24_steps512,1,6,5,1016,2014.0,10781,5,0.9542466584042067,5,0.9962368682215972,3,0.954733641722576
DOPE,features24_steps512,4,6,5,1016,2014.0,10781,5,0.9389672227794817,5,0.9989737087317397,3,0.9827700363754777
DOPE,features24_width8_steps8192,1,6,6,911,1834.5,10190,6,0.8833178769472552,6,0.9909331222306295,4,0.9677658124656652
DOPE,features24_width8_steps8192,4,6,6,911,1834.5,10190,6,0.9314532001715956,6,0.9925225352048932,4,1.0142176353060488
GaussianCopula,default,1,6,6,3294,16289.5,179086,6,0.6964633683578296,6,0.9181817869143989,4,0.8327827482663106
GaussianCopula,default,4,6,6,3294,16289.5,179086,6,0.9014304233410902,6,0.9705671367771578,4,0.9986601239123372
GaussianCopula,native_selected,1,6,6,1216,10609.5,179086,6,0.7153308470578856,6,0.9326579171160437,4,0.7888148881473653
GaussianCopula,native_selected,4,6,6,1216,10609.5,179086,6,0.9228682567630161,6,0.97468970421004,4,0.9929744176335973
independent_marginals,default,1,6,6,972,2419.0,24795,6,-0.1256206754049253,6,-0.12431372508360408,4,-0.10538648249847064
independent_marginals,default,4,6,6,972,2419.0,24795,6,-0.005668083575103909,6,-0.07590228343931421,4,-0.08113038051252593
independent_marginals,native_selected,1,6,6,1202,2719.0,16518,6,-0.07184890129119255,6,-0.13327306254161858,4,-0.24656234224194648
independent_marginals,native_selected,4,6,6,1202,2719.0,16518,6,-0.02290054504972977,6,-0.09412510875218823,4,-0.08190787450102055
