dataset,profile,fit_seed,status,kind,charged_artifact_bytes,model_bytes,projection_bytes,new_operation_seconds
02a45777900441ce,features12_steps512,11,ok,new_fit,2575,957,1618,16.647153422934934
02a45777900441ce,features12_steps2048,11,ok,new_fit,2583,965,1618,11.43331902101636
02a45777900441ce,features24_steps512,11,ok,new_fit,2575,957,1618,9.829161339905113
02a45777900441ce,features24_steps2048,11,ok,new_fit,2583,965,1618,6.724979293998331
047e62b52a3f4ede,features12_steps512,11,ok,immutable_prior_fit_reuse,3324,1398,1926,0.0
047e62b52a3f4ede,features12_steps2048,11,ok,immutable_prior_fit_reuse,3311,1385,1926,0.0
047e62b52a3f4ede,features24_steps512,11,ok,new_fit,3324,1398,1926,9.733228801051155
047e62b52a3f4ede,features24_steps2048,11,ok,new_fit,3311,1385,1926,6.926853345008567
04c80944e971cb3e,features12_steps512,11,ok,new_fit,765,293,472,8.72996212518774
04c80944e971cb3e,features12_steps2048,11,ok,new_fit,762,290,472,6.776767730014399
04c80944e971cb3e,features24_steps512,11,ok,new_fit,765,293,472,8.830422415863723
04c80944e971cb3e,features24_steps2048,11,ok,new_fit,762,290,472,6.925483984872699
0561d673cb73c27e,features12_steps512,11,ok,new_fit,2902,1187,1715,9.434239275055006
0561d673cb73c27e,features12_steps2048,11,ok,new_fit,2921,1206,1715,8.187916439026594
0561d673cb73c27e,features24_steps512,11,ok,new_fit,2902,1187,1715,9.529425180051476
0561d673cb73c27e,features24_steps2048,11,ok,new_fit,2921,1206,1715,7.578064871951938
060b9fff8092db17,features12_steps512,11,ok,new_fit,5715,1971,3744,9.731350377900526
060b9fff8092db17,features12_steps2048,11,ok,new_fit,5717,1973,3744,11.287154044955969
060b9fff8092db17,features24_steps512,11,ok,new_fit,6335,2591,3744,9.381554489023983
060b9fff8092db17,features24_steps2048,11,ok,new_fit,6348,2604,3744,7.478189626010135
06b0312a585b436e,features12_steps512,11,ok,new_fit,2626,991,1635,9.58113574795425
06b0312a585b436e,features12_steps2048,11,ok,new_fit,2631,996,1635,11.184344426030293
06b0312a585b436e,features24_steps512,11,ok,new_fit,2626,991,1635,9.33737018192187
06b0312a585b436e,features24_steps2048,11,ok,new_fit,2631,996,1635,11.284613616066054
0779d3fd5b3133a2,features12_steps512,11,ok,new_fit,759,295,464,8.77948787692003
0779d3fd5b3133a2,features12_steps2048,11,ok,new_fit,758,294,464,10.636284339008853
0779d3fd5b3133a2,features24_steps512,11,ok,new_fit,759,295,464,8.679402144160122
0779d3fd5b3133a2,features24_steps2048,11,ok,new_fit,758,294,464,15.541764182038605
07f38946316c039b,features12_steps512,11,ok,new_fit,2870,1193,1677,8.982630239799619
07f38946316c039b,features12_steps2048,11,ok,new_fit,2876,1199,1677,7.428461587056518
07f38946316c039b,features24_steps512,11,ok,new_fit,2870,1193,1677,9.385114594129845
07f38946316c039b,features24_steps2048,11,ok,new_fit,2876,1199,1677,8.633167488034815
0a8428ef25a69175,features12_steps512,11,ok,new_fit,2600,1173,1427,8.882914473069832
0a8428ef25a69175,features12_steps2048,11,ok,new_fit,2609,1182,1427,8.743882935028523
0a8428ef25a69175,features24_steps512,11,ok,new_fit,2600,1173,1427,9.785947733093053
0a8428ef25a69175,features24_steps2048,11,ok,new_fit,2609,1182,1427,7.177918816916645
0d482c1dd7cc6592,features12_steps512,11,ok,immutable_prior_fit_reuse,1839,867,972,0.0
0d482c1dd7cc6592,features12_steps2048,11,ok,immutable_prior_fit_reuse,1844,872,972,0.0
0d482c1dd7cc6592,features24_steps512,11,ok,immutable_prior_fit_reuse,1839,867,972,0.0
0d482c1dd7cc6592,features24_steps2048,11,ok,immutable_prior_fit_reuse,1844,872,972,0.0
0db59fd2579600d0,features12_steps512,11,ok,new_fit,1954,855,1099,8.829609940992668
0db59fd2579600d0,features12_steps2048,11,ok,new_fit,1962,863,1099,7.229369837092236
0db59fd2579600d0,features24_steps512,11,ok,new_fit,1954,855,1099,8.681565885897726
0db59fd2579600d0,features24_steps2048,11,ok,new_fit,1962,863,1099,7.180536339990795
0f86a714ec5f3ac6,features12_steps512,11,ok,immutable_prior_fit_reuse,4174,1420,2754,0.0
0f86a714ec5f3ac6,features12_steps2048,11,ok,immutable_prior_fit_reuse,4183,1429,2754,0.0
0f86a714ec5f3ac6,features24_steps512,11,ok,immutable_prior_fit_reuse,4486,1732,2754,0.0
0f86a714ec5f3ac6,features24_steps2048,11,ok,immutable_prior_fit_reuse,4496,1742,2754,0.0
167578f5deba4977,features12_steps512,11,ok,new_fit,2437,1151,1286,9.232587642967701
167578f5deba4977,features12_steps2048,11,ok,new_fit,2443,1157,1286,12.6382777960971
167578f5deba4977,features24_steps512,11,ok,new_fit,2437,1151,1286,8.778381226118654
167578f5deba4977,features24_steps2048,11,ok,new_fit,2443,1157,1286,9.034768102923408
19f2c3c2d67defd7,features12_steps512,11,ok,new_fit,1493,604,889,9.190405011875555
19f2c3c2d67defd7,features12_steps2048,11,ok,new_fit,1494,605,889,9.085620266851038
19f2c3c2d67defd7,features24_steps512,11,ok,new_fit,1493,604,889,9.482823675964028
19f2c3c2d67defd7,features24_steps2048,11,ok,new_fit,1494,605,889,8.330023813992739
19f4780b53b3fa41,features12_steps512,11,ok,new_fit,1513,770,743,8.783980967942625
19f4780b53b3fa41,features12_steps2048,11,ok,new_fit,1515,772,743,7.229255913989618
19f4780b53b3fa41,features24_steps512,11,ok,new_fit,1513,770,743,8.880664122989401
19f4780b53b3fa41,features24_steps2048,11,ok,new_fit,1515,772,743,6.976148577872664
1a4456d1cc71a26a,features12_steps512,11,ok,immutable_prior_fit_reuse,2189,889,1300,0.0
1a4456d1cc71a26a,features12_steps2048,11,ok,immutable_prior_fit_reuse,2191,891,1300,0.0
1a4456d1cc71a26a,features24_steps512,11,ok,immutable_prior_fit_reuse,2189,889,1300,0.0
1a4456d1cc71a26a,features24_steps2048,11,ok,immutable_prior_fit_reuse,2191,891,1300,0.0
1a803b27c2400dc4,features12_steps512,11,ok,new_fit,1521,601,920,9.528578695142642
1a803b27c2400dc4,features12_steps2048,11,ok,new_fit,1520,600,920,6.776137481909245
1a803b27c2400dc4,features24_steps512,11,ok,new_fit,1521,601,920,9.530778517015278
1a803b27c2400dc4,features24_steps2048,11,ok,new_fit,1520,600,920,7.029068274889141
1cb97b1d7314d43d,features12_steps512,11,ok,new_fit,2579,962,1617,9.38218707521446
1cb97b1d7314d43d,features12_steps2048,11,ok,new_fit,2587,970,1617,7.981887944974005
1cb97b1d7314d43d,features24_steps512,11,ok,new_fit,2579,962,1617,9.439953294117004
1cb97b1d7314d43d,features24_steps2048,11,ok,new_fit,2587,970,1617,7.329329843167216
205f4b4982b9ea49,features12_steps512,11,ok,new_fit,2832,1189,1643,9.73266230802983
205f4b4982b9ea49,features12_steps2048,11,ok,new_fit,2845,1202,1643,6.876893991138786
205f4b4982b9ea49,features24_steps512,11,ok,new_fit,2832,1189,1643,9.43026033998467
205f4b4982b9ea49,features24_steps2048,11,ok,new_fit,2845,1202,1643,7.933731330092996
26eff843be35d831,features12_steps512,11,ok,new_fit,5630,1974,3656,9.083971139974892
26eff843be35d831,features12_steps2048,11,ok,new_fit,5647,1991,3656,11.568778902059421
26eff843be35d831,features24_steps512,11,ok,new_fit,6255,2599,3656,9.336252789013088
26eff843be35d831,features24_steps2048,11,ok,new_fit,6285,2629,3656,17.150722529971972
282f8ddb43b5e677,features12_steps512,11,ok,new_fit,2893,1185,1708,9.335801135050133
282f8ddb43b5e677,features12_steps2048,11,ok,new_fit,2904,1196,1708,7.786184987984598
282f8ddb43b5e677,features24_steps512,11,ok,new_fit,2893,1185,1708,9.383534688968211
282f8ddb43b5e677,features24_steps2048,11,ok,new_fit,2904,1196,1708,10.044221891090274
297b7688a045c583,features12_steps512,11,ok,immutable_prior_fit_reuse,10167,3099,7068,0.0
297b7688a045c583,features12_steps2048,11,ok,immutable_prior_fit_reuse,10171,3103,7068,0.0
297b7688a045c583,features24_steps512,11,charged_artifact_cap,new_fit,10781,3713,7068,9.053540718043223
297b7688a045c583,features24_steps2048,11,charged_artifact_cap,new_fit,10787,3719,7068,9.859794180840254
2c8d0985f3557d2b,features12_steps512,11,ok,new_fit,1025,399,626,9.541566395899281
2c8d0985f3557d2b,features12_steps2048,11,ok,new_fit,1026,400,626,8.129275463987142
2c8d0985f3557d2b,features24_steps512,11,ok,new_fit,1025,399,626,9.334920780034736
2c8d0985f3557d2b,features24_steps2048,11,ok,new_fit,1026,400,626,9.897633598884568
30ca2887550f0d8d,features12_steps512,11,ok,new_fit,8131,4369,3762,10.559644069056958
30ca2887550f0d8d,features12_steps2048,11,ok,new_fit,8145,4383,3762,11.674197930842638
30ca2887550f0d8d,features24_steps512,11,ok,new_fit,8748,4986,3762,10.916485167806968
30ca2887550f0d8d,features24_steps2048,11,ok,new_fit,8792,5030,3762,10.15011032181792
3408a6a513c627a3,features12_steps512,11,ok,new_fit,1009,399,610,9.288142852950841
3408a6a513c627a3,features12_steps2048,11,ok,new_fit,1011,401,610,8.485328779788688
3408a6a513c627a3,features24_steps512,11,ok,new_fit,1009,399,610,9.133375825826079
3408a6a513c627a3,features24_steps2048,11,ok,new_fit,1011,401,610,7.930861528031528
35a9aa9b88f0e4d1,features12_steps512,11,ok,new_fit,2746,1101,1645,11.337316928897053
35a9aa9b88f0e4d1,features12_steps2048,11,ok,new_fit,2737,1092,1645,7.378934754058719
35a9aa9b88f0e4d1,features24_steps512,11,ok,new_fit,2746,1101,1645,10.181204278953373
35a9aa9b88f0e4d1,features24_steps2048,11,ok,new_fit,2737,1092,1645,7.930147816892713
3d3321e27d14f9aa,features12_steps512,11,ok,new_fit,1692,695,997,9.233593394979835
3d3321e27d14f9aa,features12_steps2048,11,ok,new_fit,1707,710,997,7.884968521073461
3d3321e27d14f9aa,features24_steps512,11,ok,new_fit,1692,695,997,9.032741462113336
3d3321e27d14f9aa,features24_steps2048,11,ok,new_fit,1707,710,997,8.144081580918282
44eaabe4cb923766,features12_steps512,11,ok,new_fit,1693,702,991,9.630942106014118
44eaabe4cb923766,features12_steps2048,11,ok,new_fit,1712,721,991,7.981335156131536
44eaabe4cb923766,features24_steps512,11,ok,new_fit,1693,702,991,9.73736583814025
44eaabe4cb923766,features24_steps2048,11,ok,new_fit,1712,721,991,8.750038082012907
46b25db9396c8209,features12_steps512,11,ok,new_fit,3327,1390,1937,9.539025034988299
46b25db9396c8209,features12_steps2048,11,ok,new_fit,3327,1390,1937,9.087998129893094
46b25db9396c8209,features24_steps512,11,ok,new_fit,3327,1390,1937,11.54455554089509
46b25db9396c8209,features24_steps2048,11,ok,new_fit,3327,1390,1937,7.628279896918684
46c5a59e5ae42037,features12_steps512,11,ok,immutable_prior_fit_reuse,2426,905,1521,0.0
46c5a59e5ae42037,features12_steps2048,11,ok,immutable_prior_fit_reuse,2436,915,1521,0.0
46c5a59e5ae42037,features24_steps512,11,ok,immutable_prior_fit_reuse,2426,905,1521,0.0
46c5a59e5ae42037,features24_steps2048,11,ok,immutable_prior_fit_reuse,2436,915,1521,0.0
471f11cc2d38853a,features12_steps512,11,ok,immutable_prior_fit_reuse,1479,608,871,0.0
471f11cc2d38853a,features12_steps2048,11,ok,immutable_prior_fit_reuse,1481,610,871,0.0
471f11cc2d38853a,features24_steps512,11,ok,immutable_prior_fit_reuse,1479,608,871,0.0
471f11cc2d38853a,features24_steps2048,11,ok,immutable_prior_fit_reuse,1481,610,871,0.0
47c581af5de1136b,features12_steps512,11,ok,immutable_prior_fit_reuse,5654,1962,3692,0.0
47c581af5de1136b,features12_steps2048,11,ok,immutable_prior_fit_reuse,5670,1978,3692,0.0
47c581af5de1136b,features24_steps512,11,ok,immutable_prior_fit_reuse,6286,2594,3692,0.0
47c581af5de1136b,features24_steps2048,11,ok,immutable_prior_fit_reuse,6307,2615,3692,0.0
48b7a3bf81e5f3e5,features12_steps512,11,ok,new_fit,5669,1976,3693,16.200100969988853
48b7a3bf81e5f3e5,features12_steps2048,11,ok,new_fit,5692,1999,3693,7.7298685980495065
48b7a3bf81e5f3e5,features24_steps512,11,ok,new_fit,6295,2602,3693,9.731224286137149
48b7a3bf81e5f3e5,features24_steps2048,11,ok,new_fit,6305,2612,3693,7.580068736802787
4a354d98c965b01f,features12_steps512,11,ok,new_fit,1697,697,1000,9.334571579936892
4a354d98c965b01f,features12_steps2048,11,ok,new_fit,1713,713,1000,7.631733641959727
4a354d98c965b01f,features24_steps512,11,ok,new_fit,1697,697,1000,10.036873843055218
4a354d98c965b01f,features24_steps2048,11,ok,new_fit,1713,713,1000,12.085253729019314
4aa84fff8ad0cd26,features12_steps512,11,ok,new_fit,1506,607,899,10.231018018908799
4aa84fff8ad0cd26,features12_steps2048,11,ok,new_fit,1501,602,899,14.243776777060702
4aa84fff8ad0cd26,features24_steps512,11,ok,new_fit,1506,607,899,9.532193298917264
4aa84fff8ad0cd26,features24_steps2048,11,ok,new_fit,1501,602,899,7.127352996962145
51730b348b1bbd14,features12_steps512,11,ok,new_fit,1238,520,718,8.882221024949104
51730b348b1bbd14,features12_steps2048,11,ok,new_fit,1237,519,718,7.681056772824377
51730b348b1bbd14,features24_steps512,11,ok,new_fit,1238,520,718,8.783840196207166
51730b348b1bbd14,features24_steps2048,11,ok,new_fit,1237,519,718,7.3272875908296555
54b221668673164c,features12_steps512,11,ok,new_fit,1723,699,1024,9.682480410905555
54b221668673164c,features12_steps2048,11,ok,new_fit,1726,702,1024,7.330539200920612
54b221668673164c,features24_steps512,11,ok,new_fit,1723,699,1024,9.730712219141424
54b221668673164c,features24_steps2048,11,ok,new_fit,1726,702,1024,8.244466120144352
552665868f8f72ed,features12_steps512,11,ok,new_fit,985,394,591,10.089948674896732
552665868f8f72ed,features12_steps2048,11,ok,new_fit,989,398,591,13.143895880086347
552665868f8f72ed,features24_steps512,11,ok,new_fit,985,394,591,9.496149105019867
552665868f8f72ed,features24_steps2048,11,ok,new_fit,989,398,591,12.660693597979844
585fef2a1cb6b33f,features12_steps512,11,ok,new_fit,1019,401,618,9.342705925926566
585fef2a1cb6b33f,features12_steps2048,11,ok,new_fit,1018,400,618,8.336871254025027
585fef2a1cb6b33f,features24_steps512,11,ok,new_fit,1019,401,618,9.601138094905764
585fef2a1cb6b33f,features24_steps2048,11,ok,new_fit,1018,400,618,11.115619780961424
642738a361f1c63a,features12_steps512,11,ok,immutable_prior_fit_reuse,1032,394,638,0.0
642738a361f1c63a,features12_steps2048,11,ok,immutable_prior_fit_reuse,1032,394,638,0.0
642738a361f1c63a,features24_steps512,11,ok,immutable_prior_fit_reuse,1032,394,638,0.0
642738a361f1c63a,features24_steps2048,11,ok,immutable_prior_fit_reuse,1032,394,638,0.0
64c64f0f9983c48f,features12_steps512,11,ok,new_fit,995,396,599,9.598262649029493
64c64f0f9983c48f,features12_steps2048,11,ok,new_fit,998,399,599,10.202994115883484
64c64f0f9983c48f,features24_steps512,11,ok,new_fit,995,396,599,10.250395765062422
64c64f0f9983c48f,features24_steps2048,11,ok,new_fit,998,399,599,10.646526793949306
654566a1f91408aa,features12_steps512,11,charged_artifact_cap,new_fit,22228,6251,15977,9.833061726996675
654566a1f91408aa,features12_steps2048,11,charged_artifact_cap,new_fit,22233,6256,15977,7.9838384909089655
654566a1f91408aa,features24_steps512,11,charged_artifact_cap,new_fit,22856,6879,15977,9.58513116906397
654566a1f91408aa,features24_steps2048,11,charged_artifact_cap,new_fit,22853,6876,15977,7.578912660945207
693890aae9dc860b,features12_steps512,11,ok,new_fit,766,294,472,8.779950525145978
693890aae9dc860b,features12_steps2048,11,ok,new_fit,761,289,472,7.280169891892001
693890aae9dc860b,features24_steps512,11,ok,new_fit,766,294,472,9.130940799834207
693890aae9dc860b,features24_steps2048,11,ok,new_fit,761,289,472,6.8766664389986545
6cacb11611345a24,features12_steps512,11,ok,new_fit,1950,796,1154,9.082404939923435
6cacb11611345a24,features12_steps2048,11,ok,new_fit,1947,793,1154,7.8314587329514325
6cacb11611345a24,features24_steps512,11,ok,new_fit,1950,796,1154,9.636800051899627
6cacb11611345a24,features24_steps2048,11,ok,new_fit,1947,793,1154,7.3272703310940415
7291b347fe0238fb,features12_steps512,11,ok,new_fit,1752,697,1055,9.329999839887023
7291b347fe0238fb,features12_steps2048,11,ok,new_fit,1757,702,1055,6.526127909077331
7291b347fe0238fb,features24_steps512,11,ok,new_fit,1752,697,1055,9.331027505919337
7291b347fe0238fb,features24_steps2048,11,ok,new_fit,1757,702,1055,7.226629132870585
7423783f7e38bb9b,features12_steps512,11,ok,new_fit,1024,397,627,9.233735400950536
7423783f7e38bb9b,features12_steps2048,11,ok,new_fit,1021,394,627,6.875605053966865
7423783f7e38bb9b,features24_steps512,11,ok,new_fit,1024,397,627,8.779749445151538
7423783f7e38bb9b,features24_steps2048,11,ok,new_fit,1021,394,627,6.625375238014385
7a3d123dd555110d,features12_steps512,11,ok,new_fit,5660,1963,3697,9.682792035164312
7a3d123dd555110d,features12_steps2048,11,ok,new_fit,5668,1971,3697,7.579608676023781
7a3d123dd555110d,features24_steps512,11,ok,new_fit,6288,2591,3697,9.531430148985237
7a3d123dd555110d,features24_steps2048,11,ok,new_fit,6285,2588,3697,7.427884642034769
7c8943b160464add,features12_steps512,11,ok,new_fit,1704,698,1006,9.48075640713796
7c8943b160464add,features12_steps2048,11,ok,new_fit,1719,713,1006,7.328596453880891
7c8943b160464add,features24_steps512,11,ok,new_fit,1704,698,1006,9.483477464877069
7c8943b160464add,features24_steps2048,11,ok,new_fit,1719,713,1006,7.87959540495649
7e51711baa1b1fb1,features12_steps512,11,ok,new_fit,1712,695,1017,10.235332201933488
7e51711baa1b1fb1,features12_steps2048,11,ok,new_fit,1718,701,1017,12.026037444127724
7e51711baa1b1fb1,features24_steps512,11,ok,new_fit,1712,695,1017,9.504802037961781
7e51711baa1b1fb1,features24_steps2048,11,ok,new_fit,1718,701,1017,11.349177754018456
80589368fa78f21a,features12_steps512,11,ok,new_fit,2384,997,1387,9.334861753042787
80589368fa78f21a,features12_steps2048,11,ok,new_fit,2392,1005,1387,8.029615951003507
80589368fa78f21a,features24_steps512,11,ok,new_fit,2384,997,1387,9.43517130613327
80589368fa78f21a,features24_steps2048,11,ok,new_fit,2392,1005,1387,7.529825953999534
8164950b155f7f56,features12_steps512,11,ok,new_fit,1509,603,906,9.432586750015616
8164950b155f7f56,features12_steps2048,11,ok,new_fit,1511,605,906,7.278112745145336
8164950b155f7f56,features24_steps512,11,ok,new_fit,1509,603,906,9.735147407045588
8164950b155f7f56,features24_steps2048,11,ok,new_fit,1511,605,906,8.138188845012337
85a31ae409944a1b,features12_steps512,11,ok,new_fit,1272,506,766,8.73100826703012
85a31ae409944a1b,features12_steps2048,11,ok,new_fit,1269,503,766,7.9848288299981505
85a31ae409944a1b,features24_steps512,11,ok,new_fit,1272,506,766,8.879803589079529
85a31ae409944a1b,features24_steps2048,11,ok,new_fit,1269,503,766,7.777910975040868
8d859cfa7b51a351,features12_steps512,11,ok,new_fit,1262,506,756,8.778968991944566
8d859cfa7b51a351,features12_steps2048,11,ok,new_fit,1248,492,756,7.226765001891181
8d859cfa7b51a351,features24_steps512,11,ok,new_fit,1262,506,756,9.137737335870042
8d859cfa7b51a351,features24_steps2048,11,ok,new_fit,1248,492,756,8.437180949142203
923483635406b213,features12_steps512,11,ok,new_fit,2576,958,1618,10.08913472108543
923483635406b213,features12_steps2048,11,ok,new_fit,2581,963,1618,8.586121866013855
923483635406b213,features24_steps512,11,ok,new_fit,2576,958,1618,9.283806159859523
923483635406b213,features24_steps2048,11,ok,new_fit,2581,963,1618,9.141929400153458
9312d813229df035,features12_steps512,11,ok,new_fit,1455,595,860,8.885807351907715
9312d813229df035,features12_steps2048,11,ok,new_fit,1458,598,860,7.53150673606433
9312d813229df035,features24_steps512,11,ok,new_fit,1455,595,860,9.331972901942208
9312d813229df035,features24_steps2048,11,ok,new_fit,1458,598,860,7.428010468138382
94a00ea67f49bf84,features12_steps512,11,ok,immutable_prior_fit_reuse,1693,703,990,0.0
94a00ea67f49bf84,features12_steps2048,11,ok,immutable_prior_fit_reuse,1698,708,990,0.0
94a00ea67f49bf84,features24_steps512,11,ok,immutable_prior_fit_reuse,1693,703,990,0.0
94a00ea67f49bf84,features24_steps2048,11,ok,new_fit,1698,708,990,7.377083647996187
94bd4520b8ceb3f0,features12_steps512,11,ok,new_fit,1744,696,1048,9.588038109010085
94bd4520b8ceb3f0,features12_steps2048,11,ok,new_fit,1747,699,1048,7.379262204980478
94bd4520b8ceb3f0,features24_steps512,11,ok,new_fit,1744,696,1048,8.932127963053063
94bd4520b8ceb3f0,features24_steps2048,11,ok,new_fit,1747,699,1048,7.37745850184001
956d34f13e7af830,features12_steps512,11,ok,new_fit,5703,1974,3729,9.536227319855243
956d34f13e7af830,features12_steps2048,11,ok,new_fit,5701,1972,3729,9.04457496991381
956d34f13e7af830,features24_steps512,11,ok,new_fit,6323,2594,3729,10.185980577021837
956d34f13e7af830,features24_steps2048,11,ok,new_fit,6338,2609,3729,8.383164496859536
9a10c15885022034,features12_steps512,11,ok,new_fit,5016,2693,2323,12.643290575128049
9a10c15885022034,features12_steps2048,11,ok,new_fit,5025,2702,2323,10.044038021937013
9a10c15885022034,features24_steps512,11,ok,new_fit,5167,2844,2323,9.185207089874893
9a10c15885022034,features24_steps2048,11,ok,new_fit,5180,2857,2323,8.483620184939355
a04f964bc53281e0,features12_steps512,11,ok,new_fit,991,400,591,9.584377810824662
a04f964bc53281e0,features12_steps2048,11,ok,new_fit,985,394,591,7.52919323486276
a04f964bc53281e0,features24_steps512,11,ok,new_fit,991,400,591,8.929716274142265
a04f964bc53281e0,features24_steps2048,11,ok,new_fit,985,394,591,7.581314717186615
a23f4bd626b76590,features12_steps512,11,ok,new_fit,1735,696,1039,9.632820679806173
a23f4bd626b76590,features12_steps2048,11,ok,new_fit,1740,701,1039,7.4772994050290436
a23f4bd626b76590,features24_steps512,11,ok,new_fit,1735,696,1039,9.65074819792062
a23f4bd626b76590,features24_steps2048,11,ok,new_fit,1740,701,1039,10.607380146160722
a32a69e7c701eb14,features12_steps512,11,charged_artifact_cap,new_fit,19015,5239,13776,10.147231488022953
a32a69e7c701eb14,features12_steps2048,11,charged_artifact_cap,new_fit,19019,5243,13776,9.392394605092704
a32a69e7c701eb14,features24_steps512,11,charged_artifact_cap,new_fit,19631,5855,13776,9.532942455960438
a32a69e7c701eb14,features24_steps2048,11,charged_artifact_cap,new_fit,19647,5871,13776,11.440964468987659
a5ba682572f53add,features12_steps512,11,ok,new_fit,2884,1194,1690,8.883222433971241
a5ba682572f53add,features12_steps2048,11,ok,new_fit,2900,1210,1690,11.538919338956475
a5ba682572f53add,features24_steps512,11,ok,new_fit,2884,1194,1690,9.381629206938669
a5ba682572f53add,features24_steps2048,11,ok,new_fit,2900,1210,1690,7.68224463914521
a863cd42be4d05d4,features12_steps512,11,ok,immutable_prior_fit_reuse,1016,417,599,0.0
a863cd42be4d05d4,features12_steps2048,11,ok,immutable_prior_fit_reuse,1014,415,599,0.0
a863cd42be4d05d4,features24_steps512,11,ok,immutable_prior_fit_reuse,1016,417,599,0.0
a863cd42be4d05d4,features24_steps2048,11,ok,immutable_prior_fit_reuse,1014,415,599,0.0
a97065df07a47eb0,features12_steps512,11,ok,new_fit,5644,1962,3682,9.483357395976782
a97065df07a47eb0,features12_steps2048,11,ok,new_fit,5655,1973,3682,7.828581935027614
a97065df07a47eb0,features24_steps512,11,ok,new_fit,6270,2588,3682,9.430323385866359
a97065df07a47eb0,features24_steps2048,11,ok,new_fit,6284,2602,3682,7.628282783087343
ab279eded3b3c52b,features12_steps512,11,ok,new_fit,4031,1566,2465,9.58000031299889
ab279eded3b3c52b,features12_steps2048,11,ok,new_fit,4035,1570,2465,7.577966172946617
ab279eded3b3c52b,features24_steps512,11,ok,new_fit,4247,1782,2465,9.584015378030017
ab279eded3b3c52b,features24_steps2048,11,ok,new_fit,4241,1776,2465,15.145321164047346
aebf5d861a8365b4,features12_steps512,11,ok,new_fit,2390,1156,1234,8.731367693981156
aebf5d861a8365b4,features12_steps2048,11,ok,new_fit,2409,1175,1234,7.328067309921607
aebf5d861a8365b4,features24_steps512,11,ok,new_fit,2390,1156,1234,9.530978772090748
aebf5d861a8365b4,features24_steps2048,11,ok,new_fit,2409,1175,1234,7.377658384153619
b6adf79118a58cea,features12_steps512,11,ok,new_fit,3354,1391,1963,9.231067240005359
b6adf79118a58cea,features12_steps2048,11,ok,new_fit,3353,1390,1963,7.477744163013995
b6adf79118a58cea,features24_steps512,11,ok,new_fit,3354,1391,1963,9.230975205078721
b6adf79118a58cea,features24_steps2048,11,ok,new_fit,3353,1390,1963,7.578635636949912
b78d323566930bd7,features12_steps512,11,ok,new_fit,10085,3053,7032,9.682538161985576
b78d323566930bd7,features12_steps2048,11,ok,new_fit,10098,3066,7032,7.22773572197184
b78d323566930bd7,features24_steps512,11,charged_artifact_cap,new_fit,10707,3675,7032,9.428761523915455
b78d323566930bd7,features24_steps2048,11,charged_artifact_cap,new_fit,10717,3685,7032,7.227896859869361
b7f9774e2142a758,features12_steps512,11,ok,new_fit,1016,399,617,9.079263162100688
b7f9774e2142a758,features12_steps2048,11,ok,new_fit,1019,402,617,7.327805544948205
b7f9774e2142a758,features24_steps512,11,ok,new_fit,1016,399,617,9.182888050097972
b7f9774e2142a758,features24_steps2048,11,ok,new_fit,1019,402,617,7.027247346006334
bc85856c012bcc1b,features12_steps512,11,ok,new_fit,10190,3051,7139,9.332059375941753
bc85856c012bcc1b,features12_steps2048,11,ok,new_fit,10209,3070,7139,7.4263958090450615
bc85856c012bcc1b,features24_steps512,11,charged_artifact_cap,new_fit,10821,3682,7139,9.230833482928574
bc85856c012bcc1b,features24_steps2048,11,charged_artifact_cap,new_fit,10843,3704,7139,8.130848113913089
c107ee39eb333a9d,features12_steps512,11,ok,new_fit,5628,1965,3663,9.432035751873627
c107ee39eb333a9d,features12_steps2048,11,ok,new_fit,5638,1975,3663,7.779725881991908
c107ee39eb333a9d,features24_steps512,11,ok,new_fit,6251,2588,3663,9.63075590110384
c107ee39eb333a9d,features24_steps2048,11,ok,new_fit,6269,2606,3663,8.130949734942988
c30ff9405c916718,features12_steps512,11,ok,new_fit,1677,690,987,8.88101747003384
c30ff9405c916718,features12_steps2048,11,ok,new_fit,1692,705,987,7.579652141779661
c30ff9405c916718,features24_steps512,11,ok,new_fit,1677,690,987,9.33441120479256
c30ff9405c916718,features24_steps2048,11,ok,new_fit,1692,705,987,7.58266672398895
c4f8e81b70d33a13,features12_steps512,11,ok,new_fit,10183,3065,7118,9.632767391158268
c4f8e81b70d33a13,features12_steps2048,11,ok,new_fit,10180,3062,7118,7.027243874967098
c4f8e81b70d33a13,features24_steps512,11,charged_artifact_cap,new_fit,10807,3689,7118,9.529748547123745
c4f8e81b70d33a13,features24_steps2048,11,charged_artifact_cap,new_fit,10807,3689,7118,7.426661666948348
c649a4cee87c4321,features12_steps512,11,ok,new_fit,1503,601,902,9.43045058613643
c649a4cee87c4321,features12_steps2048,11,ok,new_fit,1506,604,902,6.575365306809545
c649a4cee87c4321,features24_steps512,11,ok,new_fit,1503,601,902,8.677082747919485
c649a4cee87c4321,features24_steps2048,11,ok,new_fit,1506,604,902,7.125385893043131
cb5bf66ef2ee09ed,features12_steps512,11,ok,new_fit,989,388,601,8.827993369894102
cb5bf66ef2ee09ed,features12_steps2048,11,ok,new_fit,992,391,601,7.126152150100097
cb5bf66ef2ee09ed,features24_steps512,11,ok,new_fit,989,388,601,8.828607759904116
cb5bf66ef2ee09ed,features24_steps2048,11,ok,new_fit,992,391,601,7.077157272025943
cba8393879afd1dc,features12_steps512,11,ok,new_fit,2336,1217,1119,8.828017528867349
cba8393879afd1dc,features12_steps2048,11,ok,new_fit,2338,1219,1119,6.976632642094046
cba8393879afd1dc,features24_steps512,11,ok,new_fit,2336,1217,1119,9.027940418105572
cba8393879afd1dc,features24_steps2048,11,ok,new_fit,2338,1219,1119,6.775118286022916
ce1a79e2d658eb8a,features12_steps512,11,ok,new_fit,1005,396,609,8.827710860874504
ce1a79e2d658eb8a,features12_steps2048,11,ok,new_fit,1003,394,609,6.974500512005761
ce1a79e2d658eb8a,features24_steps512,11,ok,new_fit,1005,396,609,8.776935854926705
ce1a79e2d658eb8a,features24_steps2048,11,ok,new_fit,1003,394,609,7.0748623688705266
ce837ccd24a3a18c,features12_steps512,11,ok,new_fit,1004,396,608,8.677338579902425
ce837ccd24a3a18c,features12_steps2048,11,ok,new_fit,1004,396,608,7.025327038951218
ce837ccd24a3a18c,features24_steps512,11,ok,new_fit,1004,396,608,8.727095264010131
ce837ccd24a3a18c,features24_steps2048,11,ok,new_fit,1004,396,608,7.0254171781707555
cee6f811d0bf199d,features12_steps512,11,ok,new_fit,1728,701,1027,8.877839432097971
cee6f811d0bf199d,features12_steps2048,11,ok,new_fit,1728,701,1027,6.974947680020705
cee6f811d0bf199d,features24_steps512,11,ok,new_fit,1728,701,1027,8.776919453870505
cee6f811d0bf199d,features24_steps2048,11,ok,new_fit,1728,701,1027,6.9749430301599205
d255d3a2e1c8dbf4,features12_steps512,11,ok,new_fit,1025,396,629,8.827253742143512
d255d3a2e1c8dbf4,features12_steps2048,11,ok,new_fit,1028,399,629,6.975764614064246
d255d3a2e1c8dbf4,features24_steps512,11,ok,new_fit,1025,396,629,8.828163602156565
d255d3a2e1c8dbf4,features24_steps2048,11,ok,new_fit,1028,399,629,7.030287380097434
d52bfd2b6ab1c850,features12_steps512,11,ok,new_fit,1251,501,750,8.927693323930725
d52bfd2b6ab1c850,features12_steps2048,11,ok,new_fit,1250,500,750,6.624671222176403
d52bfd2b6ab1c850,features24_steps512,11,ok,new_fit,1251,501,750,8.778263490879908
d52bfd2b6ab1c850,features24_steps2048,11,ok,new_fit,1250,500,750,6.924765451112762
d9a3408a840c9f48,features12_steps512,11,ok,new_fit,4367,2111,2256,8.827405674150214
d9a3408a840c9f48,features12_steps2048,11,ok,new_fit,4364,2108,2256,6.678899369901046
d9a3408a840c9f48,features24_steps512,11,ok,new_fit,4469,2213,2256,9.198547919979319
d9a3408a840c9f48,features24_steps2048,11,ok,new_fit,4467,2211,2256,7.430378323188052
da290fae0d6c072f,features12_steps512,11,ok,new_fit,1266,498,768,9.183219785103574
da290fae0d6c072f,features12_steps2048,11,ok,new_fit,1267,499,768,11.848406709032133
da290fae0d6c072f,features24_steps512,11,ok,new_fit,1266,498,768,9.143449389142916
da290fae0d6c072f,features24_steps2048,11,ok,new_fit,1267,499,768,11.49089899007231
da78606950f100cd,features12_steps512,11,ok,new_fit,2528,988,1540,9.585534408921376
da78606950f100cd,features12_steps2048,11,ok,new_fit,2544,1004,1540,9.042533168103546
da78606950f100cd,features24_steps512,11,ok,new_fit,2528,988,1540,9.484475509030744
da78606950f100cd,features24_steps2048,11,ok,new_fit,2544,1004,1540,8.643865796038881
dd16ac872ffb8673,features12_steps512,11,ok,new_fit,996,398,598,9.59181151795201
dd16ac872ffb8673,features12_steps2048,11,ok,new_fit,991,393,598,8.744077882030979
dd16ac872ffb8673,features24_steps512,11,ok,new_fit,996,398,598,9.235054506920278
dd16ac872ffb8673,features24_steps2048,11,ok,new_fit,991,393,598,7.080523903016001
de2868ac837699fd,features12_steps512,11,ok,new_fit,2864,1193,1671,9.281811574008316
de2868ac837699fd,features12_steps2048,11,ok,new_fit,2861,1190,1671,7.126918675145134
de2868ac837699fd,features24_steps512,11,ok,new_fit,2864,1193,1671,9.128259447868913
de2868ac837699fd,features24_steps2048,11,ok,new_fit,2861,1190,1671,7.125458248890936
e08f0b9931f93686,features12_steps512,11,ok,new_fit,2416,991,1425,9.12755496497266
e08f0b9931f93686,features12_steps2048,11,ok,new_fit,2439,1014,1425,7.025481798918918
e08f0b9931f93686,features24_steps512,11,ok,new_fit,2416,991,1425,9.027836812892929
e08f0b9931f93686,features24_steps2048,11,ok,new_fit,2439,1014,1425,7.1263148188591
e18350fb51a9d1b0,features12_steps512,11,ok,new_fit,1028,402,626,8.728900484973565
e18350fb51a9d1b0,features12_steps2048,11,ok,new_fit,1027,401,626,6.975494496058673
e18350fb51a9d1b0,features24_steps512,11,ok,new_fit,1028,402,626,8.928450470091775
e18350fb51a9d1b0,features24_steps2048,11,ok,new_fit,1027,401,626,6.8265933948569
e5a3a7b3668a1cc2,features12_steps512,11,ok,new_fit,1239,521,718,8.779445223044604
e5a3a7b3668a1cc2,features12_steps2048,11,ok,new_fit,1238,520,718,6.925338720902801
e5a3a7b3668a1cc2,features24_steps512,11,ok,new_fit,1239,521,718,8.72697549010627
e5a3a7b3668a1cc2,features24_steps2048,11,ok,new_fit,1238,520,718,7.12517475290224
e68fdd96cc63271b,features12_steps512,11,ok,new_fit,4943,1755,3188,9.077574159018695
e68fdd96cc63271b,features12_steps2048,11,ok,new_fit,4954,1766,3188,8.67727108602412
e68fdd96cc63271b,features24_steps512,11,ok,new_fit,5411,2223,3188,9.478369099088013
e68fdd96cc63271b,features24_steps2048,11,ok,new_fit,5423,2235,3188,7.125602817861363
ed2efb82fce4b098,features12_steps512,11,ok,immutable_prior_fit_reuse,991,400,591,0.0
ed2efb82fce4b098,features12_steps2048,11,ok,immutable_prior_fit_reuse,984,393,591,0.0
ed2efb82fce4b098,features24_steps512,11,ok,immutable_prior_fit_reuse,991,400,591,0.0
ed2efb82fce4b098,features24_steps2048,11,ok,new_fit,984,393,591,7.07543380279094
edc9d41a298fdf60,features12_steps512,11,ok,new_fit,1698,702,996,9.128281472017989
edc9d41a298fdf60,features12_steps2048,11,ok,new_fit,1705,709,996,7.125253685051575
edc9d41a298fdf60,features24_steps512,11,ok,new_fit,1698,702,996,9.180428766878322
edc9d41a298fdf60,features24_steps2048,11,ok,new_fit,1705,709,996,6.975291545968503
efd53e9c0f36d608,features12_steps512,11,ok,new_fit,5010,2722,2288,8.67788932309486
efd53e9c0f36d608,features12_steps2048,11,ok,new_fit,5017,2729,2288,7.077814457938075
efd53e9c0f36d608,features24_steps512,11,ok,new_fit,5171,2883,2288,8.77746913395822
efd53e9c0f36d608,features24_steps2048,11,ok,new_fit,5167,2879,2288,6.924540891079232
f0a3d6881458f990,features12_steps512,11,ok,new_fit,2897,1190,1707,9.328066358109936
f0a3d6881458f990,features12_steps2048,11,ok,new_fit,2913,1206,1707,7.075136814033613
f0a3d6881458f990,features24_steps512,11,ok,new_fit,2897,1190,1707,8.828008831012994
f0a3d6881458f990,features24_steps2048,11,ok,new_fit,2913,1206,1707,7.0251879300922155
f24e9383331c43e2,features12_steps512,11,ok,immutable_prior_fit_reuse,3842,1625,2217,0.0
f24e9383331c43e2,features12_steps2048,11,ok,immutable_prior_fit_reuse,3846,1629,2217,0.0
f24e9383331c43e2,features24_steps512,11,ok,immutable_prior_fit_reuse,3948,1731,2217,0.0
f24e9383331c43e2,features24_steps2048,11,ok,immutable_prior_fit_reuse,3947,1730,2217,0.0
f652ea96eff62654,features12_steps512,11,ok,new_fit,985,394,591,8.576940837083384
f652ea96eff62654,features12_steps2048,11,ok,new_fit,989,398,591,7.025297682033852
f652ea96eff62654,features24_steps512,11,ok,new_fit,985,394,591,8.677579036913812
f652ea96eff62654,features24_steps2048,11,ok,new_fit,989,398,591,6.824534061830491
f8cf362e371e8960,features12_steps512,11,ok,new_fit,1025,398,627,8.727916695876047
f8cf362e371e8960,features12_steps2048,11,ok,new_fit,1030,403,627,7.025244359858334
f8cf362e371e8960,features24_steps512,11,ok,new_fit,1025,398,627,8.727276510093361
f8cf362e371e8960,features24_steps2048,11,ok,new_fit,1030,403,627,6.473704608157277
fc3812567b5fdd64,features12_steps512,11,ok,new_fit,5004,1776,3228,9.127899552928284
fc3812567b5fdd64,features12_steps2048,11,ok,new_fit,5011,1783,3228,6.924395784037188
fc3812567b5fdd64,features24_steps512,11,ok,new_fit,5475,2247,3228,9.127877712948248
fc3812567b5fdd64,features24_steps2048,11,ok,new_fit,5478,2250,3228,7.026072479085997
fe6d7ac3fcd3129e,features12_steps512,11,ok,new_fit,2427,939,1488,9.178312971023843
fe6d7ac3fcd3129e,features12_steps2048,11,ok,new_fit,2427,939,1488,6.975852299015969
fe6d7ac3fcd3129e,features24_steps512,11,ok,new_fit,2427,939,1488,8.678103378042579
fe6d7ac3fcd3129e,features24_steps2048,11,ok,new_fit,2427,939,1488,7.576335714897141
