method,configuration,size_multiplier,sample_cells,charged_artifact_bytes,catboost_median_retention,linear_median_retention,mlp_median_retention
Chow-Liu,default,1,3,3342,0.7410659426297189,0.8594127772796178,0.624807744618406
Chow-Liu,default,4,3,3342,0.7320358108459727,0.811390189546502,0.7057343770270962
Chow-Liu,native_selected,1,3,34152,0.17929630632509566,0.33267725129250403,0.06682498491669417
Chow-Liu,native_selected,4,3,34152,0.06110825227755068,0.31458187585106107,0.41801868903825934
DOPE,features12_steps2048,1,3,1014,0.9781436201075459,0.9927253860526019,0.969155883889353
DOPE,features12_steps2048,4,3,1014,0.9932854223426731,0.9966692205627399,1.052096050475821
DOPE,features12_steps512,1,3,1016,0.983858455547557,0.9962368682215972,0.9941508399503318
DOPE,features12_steps512,4,3,1016,0.9966988886228438,0.9989737087317397,1.0508673743766215
DOPE,features12_steps8192,1,3,1014,0.9849212138968412,0.9968723674450464,0.9854218571124009
DOPE,features12_steps8192,4,3,1014,0.9996138877413538,1.0018327704431738,1.0572754820196024
DOPE,features12_width8_steps8192,1,3,911,0.961543632376188,0.975394126210464,0.9542641561157056
DOPE,features12_width8_steps8192,4,3,911,0.9761517355612075,0.9797863650112688,1.035434561122663
DOPE,features16_steps8192,1,3,1014,0.9849212138968412,0.9968723674450464,0.9854218571124009
DOPE,features16_steps8192,4,3,1014,0.9996138877413538,1.0018327704431738,1.0572754820196024
DOPE,features24_steps2048,1,3,1014,0.9781436201075459,0.9927253860526019,0.969155883889353
DOPE,features24_steps2048,4,3,1014,0.9932854223426731,0.9966692205627399,1.052096050475821
DOPE,features24_steps512,1,3,1016,0.983858455547557,0.9962368682215972,0.9941508399503318
DOPE,features24_steps512,4,3,1016,0.9966988886228438,0.9989737087317397,1.0508673743766215
GaussianCopula,default,1,3,3294,0.9255306217453326,0.9826123383779601,0.9504900420358747
GaussianCopula,default,4,3,3294,0.9414503223782896,0.9822986598458898,0.979764305044021
GaussianCopula,native_selected,1,3,1216,0.9528997106571957,0.996619949948498,1.0055379995382747
GaussianCopula,native_selected,4,3,1216,0.9843259892221413,1.001402491508381,1.0431682061209957
independent_marginals,default,1,3,972,-0.14402883628281707,0.31463409712091156,0.1257584999079936
independent_marginals,default,4,3,972,0.020516811171195217,0.029341386004333444,0.1619244640754348
independent_marginals,native_selected,1,3,1202,-0.06537555969164142,0.28804776969900864,0.1039437136582008
independent_marginals,native_selected,4,3,1202,-0.017005771766594756,0.023078284976764462,0.15270592894196153
