dataset,profile,compression_level,original_charged_bytes,container_bytes,byte_cap_satisfied
297b7688a045c583,features24_steps2048,1,10787,4038,True
297b7688a045c583,features24_steps2048,9,10787,3869,True
297b7688a045c583,features24_steps512,1,10781,4006,True
297b7688a045c583,features24_steps512,9,10781,3836,True
654566a1f91408aa,features12_steps2048,1,22233,7952,True
654566a1f91408aa,features12_steps2048,9,22233,7644,True
654566a1f91408aa,features12_steps512,1,22228,7925,True
654566a1f91408aa,features12_steps512,9,22228,7618,True
654566a1f91408aa,features24_steps2048,1,22853,8280,True
654566a1f91408aa,features24_steps2048,9,22853,7973,True
654566a1f91408aa,features24_steps512,1,22856,8279,True
654566a1f91408aa,features24_steps512,9,22856,7966,True
a32a69e7c701eb14,features12_steps2048,1,19019,5660,True
a32a69e7c701eb14,features12_steps2048,9,19019,5275,True
a32a69e7c701eb14,features12_steps512,1,19015,5640,True
a32a69e7c701eb14,features12_steps512,9,19015,5256,True
a32a69e7c701eb14,features24_steps2048,1,19647,5999,True
a32a69e7c701eb14,features24_steps2048,9,19647,5618,True
a32a69e7c701eb14,features24_steps512,1,19631,5969,True
a32a69e7c701eb14,features24_steps512,9,19631,5589,True
b78d323566930bd7,features24_steps2048,1,10717,3862,True
b78d323566930bd7,features24_steps2048,9,10717,3685,True
b78d323566930bd7,features24_steps512,1,10707,3804,True
b78d323566930bd7,features24_steps512,9,10707,3626,True
bc85856c012bcc1b,features24_steps2048,1,10843,4025,True
bc85856c012bcc1b,features24_steps2048,9,10843,3822,True
bc85856c012bcc1b,features24_steps512,1,10821,3938,True
bc85856c012bcc1b,features24_steps512,9,10821,3734,True
c4f8e81b70d33a13,features24_steps2048,1,10807,3874,True
c4f8e81b70d33a13,features24_steps2048,9,10807,3686,True
c4f8e81b70d33a13,features24_steps512,1,10807,3859,True
c4f8e81b70d33a13,features24_steps512,9,10807,3673,True
