dataset,profile,fit_seed,kind,status,outcome_class,charged_artifact_bytes,model_bytes,projection_bytes,new_operation_seconds
02a45777900441ce,features12_steps8192,11,new_gpu_refinement_fit,transport_or_prelaunch_failure,infrastructure,,,,10.38632700406015
02a45777900441ce,features12_width8_steps8192,11,new_gpu_refinement_fit,ok,ok,2291,673,1618,14.591207609977573
047e62b52a3f4ede,features12_steps8192,11,new_gpu_refinement_fit,ok,ok,3353,1427,1926,26.063838182017207
047e62b52a3f4ede,features12_width8_steps8192,11,new_gpu_refinement_fit,transport_or_prelaunch_failure,infrastructure,,,,6.926526014925912
04c80944e971cb3e,features12_steps8192,11,new_gpu_refinement_fit,ok,ok,750,278,472,26.226333365077153
04c80944e971cb3e,features12_width8_steps8192,11,new_gpu_refinement_fit,ok,ok,685,213,472,26.715280221076682
0561d673cb73c27e,features12_steps8192,11,new_gpu_refinement_fit,transport_or_prelaunch_failure,infrastructure,,,,7.3754364140331745
0561d673cb73c27e,features12_width8_steps8192,11,new_gpu_refinement_fit,ok,ok,2636,921,1715,24.52135447715409
060b9fff8092db17,features12_steps8192,11,new_gpu_refinement_fit,ok,ok,5734,1990,3744,25.36691606300883
060b9fff8092db17,features12_width8_steps8192,11,new_gpu_refinement_fit,transport_or_prelaunch_failure,infrastructure,,,,8.379721469944343
06b0312a585b436e,features12_steps8192,11,new_gpu_refinement_fit,ok,ok,2681,1046,1635,17.015852394979447
06b0312a585b436e,features12_width8_steps8192,11,new_gpu_refinement_fit,ok,ok,2363,728,1635,26.209600395988673
0779d3fd5b3133a2,features12_steps8192,11,new_gpu_refinement_fit,transport_or_prelaunch_failure,infrastructure,,,,6.579463626025245
0779d3fd5b3133a2,features12_width8_steps8192,11,new_gpu_refinement_fit,ok,ok,673,209,464,20.415841898182407
07f38946316c039b,features12_steps8192,11,new_gpu_refinement_fit,ok,ok,2869,1192,1677,24.758009537821636
07f38946316c039b,features12_width8_steps8192,11,new_gpu_refinement_fit,transport_or_prelaunch_failure,infrastructure,,,,8.531641626963392
0a8428ef25a69175,features12_steps8192,11,new_gpu_refinement_fit,ok,ok,2636,1209,1427,28.765381477074698
0a8428ef25a69175,features12_width8_steps8192,11,new_gpu_refinement_fit,ok,ok,2383,956,1427,27.916610080050305
0db59fd2579600d0,features12_steps8192,11,new_gpu_refinement_fit,transport_or_prelaunch_failure,infrastructure,,,,6.525246460922062
0db59fd2579600d0,features12_width8_steps8192,11,new_gpu_refinement_fit,ok,ok,1787,688,1099,22.205399885075167
167578f5deba4977,features12_steps8192,11,new_gpu_refinement_fit,ok,ok,2474,1188,1286,25.271539285080507
167578f5deba4977,features12_width8_steps8192,11,new_gpu_refinement_fit,transport_or_prelaunch_failure,infrastructure,,,,6.775158755946904
19f2c3c2d67defd7,features12_steps8192,11,new_gpu_refinement_fit,transport_or_prelaunch_failure,infrastructure,,,,6.624650282785296
19f2c3c2d67defd7,features12_width8_steps8192,11,new_gpu_refinement_fit,ok,ok,1343,454,889,25.20639297598973
19f4780b53b3fa41,features12_steps8192,11,new_gpu_refinement_fit,transport_or_prelaunch_failure,infrastructure,,,,6.625967849045992
19f4780b53b3fa41,features12_width8_steps8192,11,new_gpu_refinement_fit,ok,ok,1395,652,743,23.817632211139426
1a803b27c2400dc4,features12_steps8192,11,new_gpu_refinement_fit,ok,ok,1522,602,920,25.35660798684694
1a803b27c2400dc4,features12_width8_steps8192,11,new_gpu_refinement_fit,transport_or_prelaunch_failure,infrastructure,,,,7.028943885117769
1cb97b1d7314d43d,features12_steps8192,11,new_gpu_refinement_fit,ok,ok,2598,981,1617,21.350809198105708
1cb97b1d7314d43d,features12_width8_steps8192,11,new_gpu_refinement_fit,ok,ok,2306,689,1617,26.34879326284863
205f4b4982b9ea49,features12_steps8192,11,new_gpu_refinement_fit,transport_or_prelaunch_failure,infrastructure,,,,6.5747703509405255
205f4b4982b9ea49,features12_width8_steps8192,11,new_gpu_refinement_fit,ok,ok,2561,918,1643,22.11620925483294
26eff843be35d831,features12_steps8192,11,new_gpu_refinement_fit,ok,ok,5655,1999,3656,25.219267984852195
26eff843be35d831,features12_width8_steps8192,11,new_gpu_refinement_fit,transport_or_prelaunch_failure,infrastructure,,,,6.727748702978715
282f8ddb43b5e677,features12_steps8192,11,new_gpu_refinement_fit,ok,ok,2913,1205,1708,22.20673393108882
282f8ddb43b5e677,features12_width8_steps8192,11,new_gpu_refinement_fit,ok,ok,2610,902,1708,25.21234007901512
2c8d0985f3557d2b,features12_steps8192,11,new_gpu_refinement_fit,transport_or_prelaunch_failure,infrastructure,,,,7.578234720043838
2c8d0985f3557d2b,features12_width8_steps8192,11,new_gpu_refinement_fit,ok,ok,922,296,626,23.95684802206233
30ca2887550f0d8d,features12_steps8192,11,new_gpu_refinement_fit,ok,ok,8215,4453,3762,26.56754962494597
30ca2887550f0d8d,features12_width8_steps8192,11,new_gpu_refinement_fit,transport_or_prelaunch_failure,infrastructure,,,,6.683306138031185
3408a6a513c627a3,features12_steps8192,11,new_gpu_refinement_fit,foreign_gpu_owner_appeared,infrastructure,,,,26.48787415912375
3408a6a513c627a3,features12_width8_steps8192,11,new_gpu_refinement_fit,ok,ok,906,296,610,27.030691551975906
35a9aa9b88f0e4d1,features12_steps8192,11,new_gpu_refinement_fit,transport_or_prelaunch_failure,infrastructure,,,,6.476001298055053
35a9aa9b88f0e4d1,features12_width8_steps8192,11,new_gpu_refinement_fit,ok,ok,2451,806,1645,16.244355886010453
3d3321e27d14f9aa,features12_steps8192,11,new_gpu_refinement_fit,ok,ok,1713,716,997,24.660508231027052
3d3321e27d14f9aa,features12_width8_steps8192,11,new_gpu_refinement_fit,transport_or_prelaunch_failure,infrastructure,,,,7.727578242076561
44eaabe4cb923766,features12_steps8192,11,new_gpu_refinement_fit,ok,ok,1708,717,991,16.696361765032634
44eaabe4cb923766,features12_width8_steps8192,11,new_gpu_refinement_fit,ok,ok,1535,544,991,26.29208857100457
46b25db9396c8209,features12_steps8192,11,new_gpu_refinement_fit,ok,ok,3338,1401,1937,19.076064454158768
46b25db9396c8209,features12_width8_steps8192,11,new_gpu_refinement_fit,ok,ok,3001,1064,1937,17.944122149143368
48b7a3bf81e5f3e5,features12_steps8192,11,new_gpu_refinement_fit,ok,ok,5696,2003,3693,24.70897896005772
48b7a3bf81e5f3e5,features12_width8_steps8192,11,new_gpu_refinement_fit,transport_or_prelaunch_failure,infrastructure,,,,7.533616955159232
4a354d98c965b01f,features12_steps8192,11,new_gpu_refinement_fit,ok,ok,1715,715,1000,24.227533645927906
4a354d98c965b01f,features12_width8_steps8192,11,new_gpu_refinement_fit,ok,ok,1538,538,1000,30.023821878014132
4aa84fff8ad0cd26,features12_steps8192,11,new_gpu_refinement_fit,transport_or_prelaunch_failure,infrastructure,,,,7.551520820008591
4aa84fff8ad0cd26,features12_width8_steps8192,11,new_gpu_refinement_fit,transport_or_prelaunch_failure,infrastructure,,,,10.647910717176273
51730b348b1bbd14,features12_steps8192,11,new_gpu_refinement_fit,ok,ok,1246,528,718,27.29877636092715
51730b348b1bbd14,features12_width8_steps8192,11,new_gpu_refinement_fit,transport_or_prelaunch_failure,infrastructure,,,,8.298014296917245
54b221668673164c,features12_steps8192,11,new_gpu_refinement_fit,ok,ok,1724,700,1024,26.94262142898515
54b221668673164c,features12_width8_steps8192,11,new_gpu_refinement_fit,ok,ok,1557,533,1024,27.21526430710219
552665868f8f72ed,features12_steps8192,11,new_gpu_refinement_fit,transport_or_prelaunch_failure,infrastructure,,,,7.077636312926188
552665868f8f72ed,features12_width8_steps8192,11,new_gpu_refinement_fit,ok,ok,887,296,591,17.601157919038087
585fef2a1cb6b33f,features12_steps8192,11,new_gpu_refinement_fit,ok,ok,1021,403,618,25.41910892003216
585fef2a1cb6b33f,features12_width8_steps8192,11,new_gpu_refinement_fit,transport_or_prelaunch_failure,infrastructure,,,,10.783371752128005
64c64f0f9983c48f,features12_steps8192,11,new_gpu_refinement_fit,ok,ok,996,397,599,21.40801110304892
64c64f0f9983c48f,features12_width8_steps8192,11,new_gpu_refinement_fit,ok,ok,892,293,599,28.47151061706245
654566a1f91408aa,features12_steps8192,11,new_gpu_refinement_fit,transport_or_prelaunch_failure,infrastructure,,,,8.881178025854751
654566a1f91408aa,features12_width8_steps8192,11,new_gpu_refinement_fit,charged_artifact_cap,artifact_gate_failure,21907,5930,15977,15.841580050066113
693890aae9dc860b,features12_steps8192,11,new_gpu_refinement_fit,ok,ok,766,294,472,28.312727057142183
693890aae9dc860b,features12_width8_steps8192,11,new_gpu_refinement_fit,transport_or_prelaunch_failure,infrastructure,,,,9.53526291390881
6cacb11611345a24,features12_steps8192,11,new_gpu_refinement_fit,ok,ok,1952,798,1154,16.29530303995125
6cacb11611345a24,features12_width8_steps8192,11,new_gpu_refinement_fit,ok,ok,1755,601,1154,25.107628309866413
7291b347fe0238fb,features12_steps8192,11,new_gpu_refinement_fit,transport_or_prelaunch_failure,infrastructure,,,,6.626566912978888
7291b347fe0238fb,features12_width8_steps8192,11,new_gpu_refinement_fit,ok,ok,1586,531,1055,16.44526704889722
7423783f7e38bb9b,features12_steps8192,11,new_gpu_refinement_fit,ok,ok,1023,396,627,25.119340572040528
7423783f7e38bb9b,features12_width8_steps8192,11,new_gpu_refinement_fit,transport_or_prelaunch_failure,infrastructure,,,,6.977062372025102
7a3d123dd555110d,features12_steps8192,11,new_gpu_refinement_fit,ok,ok,5672,1975,3697,15.840750959003344
7a3d123dd555110d,features12_width8_steps8192,11,new_gpu_refinement_fit,ok,ok,5334,1637,3697,29.810713989892974
7c8943b160464add,features12_steps8192,11,new_gpu_refinement_fit,transport_or_prelaunch_failure,infrastructure,,,,7.879148375010118
7c8943b160464add,features12_width8_steps8192,11,new_gpu_refinement_fit,ok,ok,1544,538,1006,17.345054259058088
7e51711baa1b1fb1,features12_steps8192,11,new_gpu_refinement_fit,ok,ok,1720,703,1017,25.807583068031818
7e51711baa1b1fb1,features12_width8_steps8192,11,new_gpu_refinement_fit,transport_or_prelaunch_failure,infrastructure,,,,6.424703501863405
80589368fa78f21a,features12_steps8192,11,new_gpu_refinement_fit,ok,ok,2410,1023,1387,16.3933524179738
80589368fa78f21a,features12_width8_steps8192,11,new_gpu_refinement_fit,ok,ok,2164,777,1387,25.41602444788441
8164950b155f7f56,features12_steps8192,11,new_gpu_refinement_fit,transport_or_prelaunch_failure,infrastructure,,,,6.527001105016097
8164950b155f7f56,features12_width8_steps8192,11,new_gpu_refinement_fit,ok,ok,1367,461,906,38.68303786381148
85a31ae409944a1b,features12_steps8192,11,new_gpu_refinement_fit,ok,ok,1264,498,766,25.660488921916112
85a31ae409944a1b,features12_width8_steps8192,11,new_gpu_refinement_fit,transport_or_prelaunch_failure,infrastructure,,,,6.427229105029255
8d859cfa7b51a351,features12_steps8192,11,new_gpu_refinement_fit,ok,ok,1280,524,756,29.69424516079016
8d859cfa7b51a351,features12_width8_steps8192,11,new_gpu_refinement_fit,ok,ok,1147,391,756,25.96685241884552
923483635406b213,features12_steps8192,11,new_gpu_refinement_fit,transport_or_prelaunch_failure,infrastructure,,,,6.528011523885652
923483635406b213,features12_width8_steps8192,11,new_gpu_refinement_fit,ok,ok,2317,699,1618,26.222422576043755
9312d813229df035,features12_steps8192,11,new_gpu_refinement_fit,ok,ok,1470,610,860,26.62429096410051
9312d813229df035,features12_width8_steps8192,11,new_gpu_refinement_fit,transport_or_prelaunch_failure,infrastructure,,,,6.880216218996793
94bd4520b8ceb3f0,features12_steps8192,11,new_gpu_refinement_fit,ok,ok,1745,697,1048,33.29437769204378
94bd4520b8ceb3f0,features12_width8_steps8192,11,new_gpu_refinement_fit,ok,ok,1576,528,1048,26.537752743111923
956d34f13e7af830,features12_steps8192,11,new_gpu_refinement_fit,transport_or_prelaunch_failure,infrastructure,,,,7.0909421681426466
956d34f13e7af830,features12_width8_steps8192,11,new_gpu_refinement_fit,transport_or_prelaunch_failure,infrastructure,,,,7.326173654058948
9a10c15885022034,features12_steps8192,11,new_gpu_refinement_fit,ok,ok,5038,2715,2323,27.32757880492136
9a10c15885022034,features12_width8_steps8192,11,new_gpu_refinement_fit,transport_or_prelaunch_failure,infrastructure,,,,6.9811635001096874
a04f964bc53281e0,features12_steps8192,11,new_gpu_refinement_fit,ok,ok,986,395,591,37.14317181985825
a04f964bc53281e0,features12_width8_steps8192,11,new_gpu_refinement_fit,ok,ok,885,294,591,31.319851716049016
a23f4bd626b76590,features12_steps8192,11,new_gpu_refinement_fit,transport_or_prelaunch_failure,infrastructure,,,,6.524114051833749
a23f4bd626b76590,features12_width8_steps8192,11,new_gpu_refinement_fit,ok,ok,1579,540,1039,38.69746224000119
a32a69e7c701eb14,features12_steps8192,11,new_gpu_refinement_fit,charged_artifact_cap,artifact_gate_failure,19041,5265,13776,27.021765780169517
a32a69e7c701eb14,features12_width8_steps8192,11,new_gpu_refinement_fit,transport_or_prelaunch_failure,infrastructure,,,,6.829002465121448
a5ba682572f53add,features12_steps8192,11,new_gpu_refinement_fit,ok,ok,2902,1212,1690,24.319212232949212
a5ba682572f53add,features12_width8_steps8192,11,new_gpu_refinement_fit,ok,ok,2614,924,1690,24.940705478191376
a97065df07a47eb0,features12_steps8192,11,new_gpu_refinement_fit,transport_or_prelaunch_failure,infrastructure,,,,6.778175741899759
a97065df07a47eb0,features12_width8_steps8192,11,new_gpu_refinement_fit,ok,ok,5317,1635,3682,39.745416334830225
ab279eded3b3c52b,features12_steps8192,11,new_gpu_refinement_fit,ok,ok,4076,1611,2465,26.074882015120238
ab279eded3b3c52b,features12_width8_steps8192,11,new_gpu_refinement_fit,transport_or_prelaunch_failure,infrastructure,,,,6.678277459926903
aebf5d861a8365b4,features12_steps8192,11,new_gpu_refinement_fit,ok,ok,2450,1216,1234,60.456209040945396
aebf5d861a8365b4,features12_width8_steps8192,11,new_gpu_refinement_fit,ok,ok,2206,972,1234,25.974740645848215
b6adf79118a58cea,features12_steps8192,11,new_gpu_refinement_fit,transport_or_prelaunch_failure,infrastructure,,,,8.180514845997095
b6adf79118a58cea,features12_width8_steps8192,11,new_gpu_refinement_fit,ok,ok,3035,1072,1963,32.18715691799298
b78d323566930bd7,features12_steps8192,11,new_gpu_refinement_fit,ok,ok,10098,3066,7032,25.990298948949203
b78d323566930bd7,features12_width8_steps8192,11,new_gpu_refinement_fit,transport_or_prelaunch_failure,infrastructure,,,,6.574915803037584
b7f9774e2142a758,features12_steps8192,11,new_gpu_refinement_fit,ok,ok,1022,405,617,27.021494970889762
b7f9774e2142a758,features12_width8_steps8192,11,new_gpu_refinement_fit,ok,ok,922,305,617,27.866552873980254
bc85856c012bcc1b,features12_steps8192,11,new_gpu_refinement_fit,transport_or_prelaunch_failure,infrastructure,,,,8.68819731194526
bc85856c012bcc1b,features12_width8_steps8192,11,new_gpu_refinement_fit,ok,ok,9879,2740,7139,21.98453700891696
c107ee39eb333a9d,features12_steps8192,11,new_gpu_refinement_fit,ok,ok,5641,1978,3663,26.056318010902032
c107ee39eb333a9d,features12_width8_steps8192,11,new_gpu_refinement_fit,transport_or_prelaunch_failure,infrastructure,,,,6.997605351032689
c30ff9405c916718,features12_steps8192,11,new_gpu_refinement_fit,ok,ok,1700,713,987,28.068050428992137
c30ff9405c916718,features12_width8_steps8192,11,new_gpu_refinement_fit,ok,ok,1527,540,987,25.76422010618262
c4f8e81b70d33a13,features12_steps8192,11,new_gpu_refinement_fit,transport_or_prelaunch_failure,infrastructure,,,,6.578757727984339
c4f8e81b70d33a13,features12_width8_steps8192,11,new_gpu_refinement_fit,ok,ok,9851,2733,7118,28.689522011904046
c649a4cee87c4321,features12_steps8192,11,new_gpu_refinement_fit,ok,ok,1506,604,902,27.040545132942498
c649a4cee87c4321,features12_width8_steps8192,11,new_gpu_refinement_fit,transport_or_prelaunch_failure,infrastructure,,,,6.530935533810407
cb5bf66ef2ee09ed,features12_steps8192,11,new_gpu_refinement_fit,ok,ok,990,389,601,27.029015831882134
cb5bf66ef2ee09ed,features12_width8_steps8192,11,new_gpu_refinement_fit,ok,ok,889,288,601,27.017023416003212
cba8393879afd1dc,features12_steps8192,11,new_gpu_refinement_fit,transport_or_prelaunch_failure,infrastructure,,,,6.481531664961949
cba8393879afd1dc,features12_width8_steps8192,11,new_gpu_refinement_fit,ok,ok,2153,1034,1119,16.996892380993813
ce1a79e2d658eb8a,features12_steps8192,11,new_gpu_refinement_fit,ok,ok,1004,395,609,31.942531434819102
ce1a79e2d658eb8a,features12_width8_steps8192,11,new_gpu_refinement_fit,transport_or_prelaunch_failure,infrastructure,,,,9.839176311856136
ce837ccd24a3a18c,features12_steps8192,11,new_gpu_refinement_fit,ok,ok,1004,396,608,40.851236385060474
ce837ccd24a3a18c,features12_width8_steps8192,11,new_gpu_refinement_fit,ok,ok,900,292,608,26.396007523173466
cee6f811d0bf199d,features12_steps8192,11,new_gpu_refinement_fit,transport_or_prelaunch_failure,infrastructure,,,,7.443706593010575
cee6f811d0bf199d,features12_width8_steps8192,11,new_gpu_refinement_fit,ok,ok,1555,528,1027,32.238631079904735
d255d3a2e1c8dbf4,features12_steps8192,11,new_gpu_refinement_fit,ok,ok,1023,394,629,25.777190789114684
d255d3a2e1c8dbf4,features12_width8_steps8192,11,new_gpu_refinement_fit,transport_or_prelaunch_failure,infrastructure,,,,7.529344974085689
d52bfd2b6ab1c850,features12_steps8192,11,new_gpu_refinement_fit,ok,ok,1248,498,750,30.69415685511194
d52bfd2b6ab1c850,features12_width8_steps8192,11,new_gpu_refinement_fit,ok,ok,1122,372,750,25.609332408057526
d9a3408a840c9f48,features12_steps8192,11,new_gpu_refinement_fit,transport_or_prelaunch_failure,infrastructure,,,,6.577340123942122
d9a3408a840c9f48,features12_width8_steps8192,11,new_gpu_refinement_fit,ok,ok,4036,1780,2256,17.2472834601067
da290fae0d6c072f,features12_steps8192,11,new_gpu_refinement_fit,ok,ok,1257,489,768,26.664251337060705
da290fae0d6c072f,features12_width8_steps8192,11,new_gpu_refinement_fit,transport_or_prelaunch_failure,infrastructure,,,,6.730033907806501
da78606950f100cd,features12_steps8192,11,new_gpu_refinement_fit,ok,ok,2578,1038,1540,23.860632593976334
da78606950f100cd,features12_width8_steps8192,11,new_gpu_refinement_fit,ok,ok,2310,770,1540,26.6648115250282
dd16ac872ffb8673,features12_steps8192,11,new_gpu_refinement_fit,transport_or_prelaunch_failure,infrastructure,,,,7.079585429048166
dd16ac872ffb8673,features12_width8_steps8192,11,new_gpu_refinement_fit,ok,ok,893,295,598,18.25519432197325
de2868ac837699fd,features12_steps8192,11,new_gpu_refinement_fit,ok,ok,2864,1193,1671,26.868597995955497
de2868ac837699fd,features12_width8_steps8192,11,new_gpu_refinement_fit,transport_or_prelaunch_failure,infrastructure,,,,6.929133956786245
e08f0b9931f93686,features12_steps8192,11,new_gpu_refinement_fit,ok,ok,2440,1015,1425,26.932923769112676
e08f0b9931f93686,features12_width8_steps8192,11,new_gpu_refinement_fit,ok,ok,2184,759,1425,25.33527207514271
e18350fb51a9d1b0,features12_steps8192,11,new_gpu_refinement_fit,transport_or_prelaunch_failure,infrastructure,,,,7.501170317875221
e18350fb51a9d1b0,features12_width8_steps8192,11,new_gpu_refinement_fit,ok,ok,926,300,626,45.709373235935345
e5a3a7b3668a1cc2,features12_steps8192,11,new_gpu_refinement_fit,ok,ok,1241,523,718,26.516189832007512
e5a3a7b3668a1cc2,features12_width8_steps8192,11,new_gpu_refinement_fit,transport_or_prelaunch_failure,infrastructure,,,,6.5282567569520324
e68fdd96cc63271b,features12_steps8192,11,new_gpu_refinement_fit,ok,ok,4958,1770,3188,34.17952792998403
e68fdd96cc63271b,features12_width8_steps8192,11,new_gpu_refinement_fit,ok,ok,4618,1430,3188,30.478035900974646
edc9d41a298fdf60,features12_steps8192,11,new_gpu_refinement_fit,transport_or_prelaunch_failure,infrastructure,,,,8.580916432198137
edc9d41a298fdf60,features12_width8_steps8192,11,new_gpu_refinement_fit,ok,ok,1537,541,996,15.947309047915041
efd53e9c0f36d608,features12_steps8192,11,new_gpu_refinement_fit,ok,ok,5024,2736,2288,24.96913214493543
efd53e9c0f36d608,features12_width8_steps8192,11,new_gpu_refinement_fit,transport_or_prelaunch_failure,infrastructure,,,,6.323399982880801
f0a3d6881458f990,features12_steps8192,11,new_gpu_refinement_fit,ok,ok,2918,1211,1707,16.64408750203438
f0a3d6881458f990,features12_width8_steps8192,11,new_gpu_refinement_fit,ok,ok,2621,914,1707,28.879610200878233
f652ea96eff62654,features12_steps8192,11,new_gpu_refinement_fit,transport_or_prelaunch_failure,infrastructure,,,,6.478750076843426
f652ea96eff62654,features12_width8_steps8192,11,new_gpu_refinement_fit,ok,ok,888,297,591,29.515148871112615
f8cf362e371e8960,features12_steps8192,11,new_gpu_refinement_fit,ok,ok,1030,403,627,26.809780590003356
f8cf362e371e8960,features12_width8_steps8192,11,new_gpu_refinement_fit,transport_or_prelaunch_failure,infrastructure,,,,6.525989402085543
fc3812567b5fdd64,features12_steps8192,11,new_gpu_refinement_fit,ok,ok,5006,1778,3228,16.34197901096195
fc3812567b5fdd64,features12_width8_steps8192,11,new_gpu_refinement_fit,ok,ok,4673,1445,3228,27.411710866959766
fe6d7ac3fcd3129e,features12_steps8192,11,new_gpu_refinement_fit,transport_or_prelaunch_failure,infrastructure,,,,6.576332192169502
fe6d7ac3fcd3129e,features12_width8_steps8192,11,new_gpu_refinement_fit,ok,ok,2181,693,1488,25.66917650285177
a863cd42be4d05d4,features12_steps8192,11,immutable_prior_reuse,ok,ok,1014,415,599,0
a863cd42be4d05d4,features12_width8_steps8192,11,immutable_prior_reuse,ok,ok,911,312,599,0
0d482c1dd7cc6592,features12_steps8192,11,immutable_prior_reuse,ok,ok,1855,883,972,0
0d482c1dd7cc6592,features12_width8_steps8192,11,immutable_prior_reuse,ok,ok,1686,714,972,0
297b7688a045c583,features12_steps8192,11,immutable_prior_reuse,ok,ok,10183,3115,7068,0
297b7688a045c583,features12_width8_steps8192,11,immutable_prior_reuse,ok,ok,9852,2784,7068,0
471f11cc2d38853a,features12_steps8192,11,immutable_prior_reuse,ok,ok,1472,601,871,0
471f11cc2d38853a,features12_width8_steps8192,11,immutable_prior_reuse,ok,ok,1327,456,871,0
1a4456d1cc71a26a,features12_steps8192,11,immutable_prior_reuse,ok,ok,2185,885,1300,0
1a4456d1cc71a26a,features12_width8_steps8192,11,immutable_prior_reuse,ok,ok,1983,683,1300,0
0f86a714ec5f3ac6,features12_steps8192,11,immutable_prior_reuse,ok,ok,4218,1464,2754,0
0f86a714ec5f3ac6,features12_width8_steps8192,11,immutable_prior_reuse,ok,ok,3873,1119,2754,0
ed2efb82fce4b098,features12_steps8192,11,immutable_prior_reuse,ok,ok,991,400,591,0
ed2efb82fce4b098,features12_width8_steps8192,11,immutable_prior_reuse,ok,ok,889,298,591,0
94a00ea67f49bf84,features12_steps8192,11,immutable_prior_reuse,ok,ok,1718,728,990,0
94a00ea67f49bf84,features12_width8_steps8192,11,immutable_prior_reuse,ok,ok,1532,542,990,0
47c581af5de1136b,features12_steps8192,11,immutable_prior_reuse,ok,ok,5676,1984,3692,0
47c581af5de1136b,features12_width8_steps8192,11,immutable_prior_reuse,ok,ok,5344,1652,3692,0
642738a361f1c63a,features12_steps8192,11,immutable_prior_reuse,ok,ok,1034,396,638,0
642738a361f1c63a,features12_width8_steps8192,11,immutable_prior_reuse,ok,ok,930,292,638,0
46c5a59e5ae42037,features12_steps8192,11,immutable_prior_reuse,ok,ok,2468,947,1521,0
46c5a59e5ae42037,features12_width8_steps8192,11,immutable_prior_reuse,ok,ok,2190,669,1521,0
f24e9383331c43e2,features12_steps8192,11,immutable_prior_reuse,ok,ok,3877,1660,2217,0
f24e9383331c43e2,features12_width8_steps8192,11,immutable_prior_reuse,ok,ok,3532,1315,2217,0
