fit_seed,sample_seed,size_multiplier,catboost_retention,q8_same_seed_retention,difference_q10_minus_q8,exact_row_copies,near_row_copies,artifact_bytes,sample_receipt_sha256,metric_receipt_sha256
11,101,1,0.7135117957458913,,,0,0,2525,81b9f448f8a02e6df0a65b0a9d87cf3048206fe9f28bb4995763c81f630be29f,a153deb59485c0b57e7ccd5b42c4f52f65ad7613a298d0d8a208460dfe607953
11,211,1,0.7071018242977619,,,0,0,2525,477527984d27d3084f612287c1247ea347efea4d427268a1fb8c4bbe76ce9156,9eb46d0be5211108cd57ebfedcc52b78e4efbfd3822bcbc2172e9c0864938dbc
11,307,1,0.7037176710938599,,,0,0,2525,7c60e0bf6232994789579a8632229a3659e3656120d3714ba68581d7e945eabb,5e8a3d538124b7f54d16aaba98148c4add267c3baca8ea340aec0e6ccb242f22
11,101,4,0.6994045085206902,,,0,0,2525,5ce806cde68942e430385cff168dcec4f25862fefee4532f5247fab3c6fe2252,4f6bc2ed5c58c2e1ae17f46a5de9c21b9f47c4f6c0c6837e10711c97b006d42b
11,211,4,0.7019889849888508,,,0,0,2525,9c03884980645d153af25ebe23f080255c281640e355b3388538138d420ac971,612107628a51c464bd1f526579df03f9d3447c7dcf4ff13f09a717c0f028ab94
11,307,4,0.7010407348618152,,,0,0,2525,65236d2f451005ad251fb2d38605de52933099af381db5eed2a6cb8318809785,413ddba793f6e02542204b0a60e34f8f3eff2bd5451d51719214232d7c244eff
23,101,1,0.7018677477128793,0.7008301580402535,0.0010375896726257938,0,0,2525,44d5aee27b9fc916703fef02e8573f1bdf0e9acb9673353094079b9b6b27a95a,4eb24f0f9b17238e828154634f740277127758930fabca8fdaa9e54d628553db
23,211,1,0.6933959660128882,0.7025117336039461,-0.009115767591057922,0,0,2525,ff7f87e1a62f99fee9b41c863ff9e430f1127daa512be3fcb5899ea4a6654688,42e0f2e6231229757eac26a86fcde22a7c50ca7ae38bdb4f48cd3caa9d36065e
23,307,1,0.6880590572669845,0.696788613012218,-0.008729555745233486,0,0,2525,3521970504a29300ad89ba27cec707ec3ee5919653dcd455f50298e3d559303b,78d6a1a845cb71cbe9e2bda94e0c9d1a0d1949e4effe35d5f12c09a93b6d430c
23,101,4,0.6909789994628736,0.6947729626993968,-0.0037939632365232567,0,0,2525,bedfbeca8ea8c691a113f20005e95bc4c5eb5c96cb717255ac13c318da075fae,8d6909e03f0dd95129e3bd85e12fa8c73a2e18674497532fdc1d5d60829593e1
23,211,4,0.690328112760081,0.6960706753130024,-0.005742562552921382,0,0,2525,1476ca51f1471c463d761074ce8ac1d6024a4507e451038926ca9fd333b30a61,e9db896ad7a07782d23154238cfbf3ae1bd544bb9b5d24c2653128200f128ef0
23,307,4,0.6945346992763605,0.6927411487623533,0.0017935505140072028,0,0,2525,2caba11f16ff0013ea864de196eb59f6d73ec48b65f09b84c8d7ac325b31f1b5,4777459066bc4b2303fad3ebe4cb631110da785062513348479b147052268d0a
