dataset,fit_seed,sample_seed,size_multiplier,status,artifact_bytes,catboost_retention,linear_retention,mlp_retention,exact_row_copies,near_row_copies,real_vs_real_exact,real_vs_real_near,synthetic_near_rate,real_control_near_rate,sample_receipt_sha256,metric_receipt_sha256
Adult,11,101,1,ok,6341,0.8347951803929868,0.9017889357491665,0.9135595628806609,0,4,0,174,0.00015367474739713398,0.026740433379437527,50b276ea73430630b8ab70d60e4db8f64d307b2140b30460a0f98c74aa08b133,4df582c9fde132479bd6cccff348be75f4f88cd49b9c4352719a51d8e397c18d
Adult,11,101,2,ok,6341,,,,,,,,,,15f7aacfa637506e4573e398184df89ff7da134e80bf30c1fba33306eaedd15a,
Adult,11,101,4,ok,6341,0.8309395634322297,0.9154472422390192,0.9127904212080513,0,10,0,174,9.604671712320872e-05,0.026740433379437527,4992efe3dc42ce481561454be27b634b90a7b6bbac6e935d27b69e6403cdb68f,0519c1b1f540cdd09f834794a9c6072761d14461e221b22402cda758cb6afb0e
Adult,11,101,8,ok,6341,,,,,,,,,,976cb9736a17c8e4356c95535f636c23ad5a8665acab9acd8784ec6795cc6bcd,
Adult,11,211,1,ok,6341,0.8232009143675629,0.8974136692321619,0.8953760853275046,0,0,0,174,0.0,0.026740433379437527,160e5e64bdb74f5a542e2318887fe0d16a42aa1f1943d68473a845eaebaf868e,44a5afe033e9facc6705d801d50fec020c51227b19c9594bdf51d43aabce14af
Adult,11,211,2,ok,6341,,,,,,,,,,6293dbaf832a8c1a9a61d8c16aecea520146e1ab3ede03c91b2fe79244d4f255,
Adult,11,211,4,ok,6341,0.8303065891377505,0.9193098294349425,0.9219452130452582,0,4,0,174,3.8418686849283494e-05,0.026740433379437527,5e68d323f0141460bc54ed6792168b22cecaf6e4729900380617e7ae7577222f,43131e8c8f2e26c582d253f57b359193e10f440eda93384957fc45a3e4d4a32e
Adult,11,211,8,ok,6341,,,,,,,,,,7c05f13adf17fec544ffab3bfff38d8dfd36d36698249e1524513b17e9ad5bdc,
Adult,11,307,1,ok,6341,0.8106105975525421,0.8887874435095576,0.8966482557598078,0,1,0,174,3.8418686849283494e-05,0.026740433379437527,968d8fa2d47682b80d9a383c0dbb18f51b580d07f737ac4a753b1a2c258f1d97,c945c885c43ec39174f3e3e628a8badadf84e9fc5df890eedb5374a166b92219
Adult,11,307,2,ok,6341,,,,,,,,,,38ec8292b700f9b9cd6d6df2a1387af1c609dcb3060b51506aab8429f7a4cc71,
Adult,11,307,4,ok,6341,0.8291073349550538,0.9149083647275427,0.9132182596814599,0,7,0,174,6.72327019862461e-05,0.026740433379437527,9b6cd25a29b3e1cb32094dc46815053d3b5f5eb4e726d7b9a590cbbbc95a673b,f5054f07be9fb3d871b8614335ffd64ce07d7358a92603192af049d0a0f81dfc
Adult,11,307,8,ok,6341,,,,,,,,,,a000ae2fc017923e226b87c05caeb6f24ce3a32a0b2fcacfadd7a9e0e00d2021,
Adult,23,101,1,ok,6337,0.8336282557477998,0.9143440991850386,0.9188051724885866,0,4,0,174,0.00015367474739713398,0.026740433379437527,07620f93f1078fe6af015eaccda311998422bc12286f56a6d20b6d458d6fb46f,23a25c07b3e0af5da02211ac78904c2d0b1e58c768e1dc512699435dd3c6e031
Adult,23,101,2,ok,6337,,,,,,,,,,cdd9841100359194f0efbe44f4e33f4a88d225e8b6738a221de9d3947e194c53,
Adult,23,101,4,ok,6337,0.8292631840397952,0.923055835359612,0.9068092968127686,0,10,0,174,9.604671712320872e-05,0.026740433379437527,b154501797fd250f87e27437bec2f0f4438e2e55e980d6079ecb6dc186e069c5,08f8bb6ef1c7bdd323572b14102c1e8b47123766eb7f910fba89e7fa26e3c3d0
Adult,23,101,8,ok,6337,,,,,,,,,,dde6e2ba93c34b35f074d2fb6f8d3b0296afe6d1eaedd925f229c772c424853c,
Adult,23,211,1,ok,6337,0.8274901590089087,0.9105545794991158,0.8843316020571658,0,0,0,174,0.0,0.026740433379437527,4a29c57df7f9606f30f2338ac33b774faa73e8f2db84508b3f53cf74591436e9,fc702e14c10abacf6f74a33fb00693ae6caadc14e48227401ad6c4f2dc59db25
Adult,23,211,2,ok,6337,,,,,,,,,,280a2bf36ffb1c71a772ca467571099f4ce95460a1875cb9ce77c8d2c239a25f,
Adult,23,211,4,ok,6337,0.8284579092167852,0.9252150460131006,0.9104269560112166,0,4,0,174,3.8418686849283494e-05,0.026740433379437527,72a03f46bd66b7648a177833b98ac610b596b8437a4c1fe1520b4aaa72d2a894,4f941d2255e2efde92d2400422a335bcac7273e6b10a9f1af69a09f2f9698219
Adult,23,211,8,ok,6337,,,,,,,,,,03dd012e7ca1d0efdadee37533984dd4c54a29b02dbddd229809064f9ba179dd,
Adult,23,307,1,ok,6337,0.8156864099033972,0.9008459023883832,0.9043980089077767,0,1,0,174,3.8418686849283494e-05,0.026740433379437527,e8c499a68a978637e451171d2d28bd2885fbd07f8f0596102e9f1711eb21163d,2618c75f7cd4c36adbb266caef135dd034cc96a70cad2c97561ca5fbd9e70136
Adult,23,307,2,ok,6337,,,,,,,,,,69afa20ccbf3b69a6d5272d693f9844114309c8e0440616b2273c0fc7d614a58,
Adult,23,307,4,ok,6337,0.8302626293241202,0.9192666348320994,0.9247707987330569,0,7,0,174,6.72327019862461e-05,0.026740433379437527,487e3eac1749718942fbaad1b720d05bbcd0ec7d2b56858578e9939fa8fe2d4e,f52ae46b33696a2287b328c12164cbc241f1212f80fb32ab04f8a6d727d39646
Adult,23,307,8,ok,6337,,,,,,,,,,673c5963acbd05e26c1dea3ffe0845d682d307dec6e2b550666161b277857790,
Adult,37,101,1,ok,6338,0.8322412801736511,0.8988271625638238,0.90142513398466,0,4,0,174,0.00015367474739713398,0.026740433379437527,11c17037779a5cf59e9a2bd5131bbbadb318999d3f4e942e1a2535dd2db98a75,159f138d23a7f4dd7c8b3fc38af60eb621ef7fcbeabf4b4b135ed8957e52bb82
Adult,37,101,2,ok,6338,,,,,,,,,,ec3b442113028c02a324c9436cb73387472b39d1c3add6ffa237365c5675ee4f,
Adult,37,101,4,ok,6338,0.8279763242438155,0.9123396040919509,0.9128545243908451,0,10,0,174,9.604671712320872e-05,0.026740433379437527,bebd5972363292ac62de5e64d08d2db7f69d2694daa5ba7a21e77392ec6e3f41,528f88fe10fdc24fb2e48bd69dae283bdfe89a4779e1657e2ff3035efebd3e6b
Adult,37,101,8,ok,6338,,,,,,,,,,e6d3c29880aa8c84647233cf3d6ac53a6bc4ece68bb254045a37be05da56d107,
Adult,37,211,1,ok,6338,0.8184474577936158,0.8985393795328485,0.8353705025073918,0,0,0,174,0.0,0.026740433379437527,9159bee24770bec300bdd4e8e219d82e012f4d0df5451c59bdc830eae47e93bf,5418fdf950d84518e1bc7b93dce9c1ef9dec7e0bd1b9f1fb5c0f60b734e6e66b
Adult,37,211,2,ok,6338,,,,,,,,,,6f0b9178e57a4854d2d8ea25c58a6e9d49368a11b4e778dd541ff0e32208b146,
Adult,37,211,4,ok,6338,0.8274087329303064,0.9203792930185093,0.9186814941685035,0,4,0,174,3.8418686849283494e-05,0.026740433379437527,09e5234fe0d9169e2d3a0cbb3a7b0866143b1d95fabc2f124d272a1f028e216d,a2a6b3642cfaf0912d74587eeb8930a125dde7d4ed01f30fbeb0aaaa1f1c7627
Adult,37,211,8,ok,6338,,,,,,,,,,f6b0b774e748cf17c1d85d607e871168ee6cf0923477ece6ebc70f71b010d9e9,
Adult,37,307,1,ok,6338,0.8085188481435662,0.894812978956063,0.8925718578134391,0,1,0,174,3.8418686849283494e-05,0.026740433379437527,e2461383e4660f4023939c5c49e0613c6b61b8223a4b48d91d087ab2092d6c88,f26b7d7bd4f9f1be6d93f024ea9f95f06bef6240996108ef5bc2f19b9cd311b6
Adult,37,307,2,ok,6338,,,,,,,,,,a0a37196f3e42a2dc1555deddc0781e18d1de918defa6f5d9f2fe4643b528f2d,
Adult,37,307,4,ok,6338,0.829723101584227,0.9166619519928617,0.931343518459514,0,7,0,174,6.72327019862461e-05,0.026740433379437527,e90d14108f6d4dba523b1f8d483be1eb573c2e2f92f7423f83113ad59113033c,0daec6bd898bec3bbd96bfec6a9ef92ca51d2858ba75a6dc49f68af98d53c03b
Adult,37,307,8,ok,6338,,,,,,,,,,7fde3da65bec7d75bf1fae46250e78601d69cca3a305814b3c97ee1bd1a0c15a,
Adult,53,101,1,ok,6335,0.8378687500477384,0.9179797411879327,0.8898595620158654,0,4,0,174,0.00015367474739713398,0.026740433379437527,39702d5e0cfda0edcd3b9e22ea56a5c4e5975e4e3325dd096b6e547aa4275ee6,e44c0f1a768f611d12fc5c6e7c8e724825a15b0a725d9d1c498d5b37c2d619e4
Adult,53,101,2,ok,6335,,,,,,,,,,cf4046d16d6ae873b027d4a7c766fe5e0ad00291fb224f638d7e4fd2ce8f412e,
Adult,53,101,4,ok,6335,0.8311478151862096,0.9265466465737702,0.8949246554259246,0,10,0,174,9.604671712320872e-05,0.026740433379437527,7fa00715c2d738d25821df5de29a323a3c94ae915b812c166b25ef12fdee81ab,38cdd4a5330a857b80c4c6d81155ab98b615fb9fa7a8c42d184094e6eb8ecc6a
Adult,53,101,8,ok,6335,,,,,,,,,,7e0a3afa928fad431e12d4ce2fc46eb0629433a3627ef0f31bc1be0ecbde1398,
Adult,53,211,1,ok,6335,0.8176462674149934,0.9099438101667866,0.8731345113090817,0,0,0,174,0.0,0.026740433379437527,702b3b5bacbd2b8876ddb069945766c2d98707559a098792cde90cba282e93b4,be33feea5ff2a82c7c11d973ae823d52b3f26ca4f16bbf286170cd4e5d46ec64
Adult,53,211,2,ok,6335,,,,,,,,,,05b30d62d653ab243b29f91687e2ebfffc10dfc9f3ff09c2b97190bdef7633ab,
Adult,53,211,4,ok,6335,0.8286632162653733,0.9304353344008833,0.9154566422969453,0,4,0,174,3.8418686849283494e-05,0.026740433379437527,872f3148bdfbaa61b6883337050ffe9c140f8ff2f20a0dcf3707701624934e62,66677fd99cbb4948251d13799e023f46a6fd1de2021878e09ec4889626345c39
Adult,53,211,8,ok,6335,,,,,,,,,,120273649492546e05573ada06d3289a7a1816224f0a0ef7736d4bb8adab11c8,
Adult,53,307,1,ok,6335,0.8101831334540642,0.9054682494799736,0.8970481847323586,0,1,0,174,3.8418686849283494e-05,0.026740433379437527,dec2b3fec8c5da52c115a3c40ebea3453a7bf75cb3a911503883b5b589e25e89,476199b6c1c5d8616fc9619c11610232174a7c559da796a76f93d34457e941f9
Adult,53,307,2,ok,6335,,,,,,,,,,4e88c3b7c43fe9af08f2bf7e45238f8dda02ed72bab8a0ad7faa350d594aac1c,
Adult,53,307,4,ok,6335,0.8272835020122311,0.9265993094208329,0.9190700781650615,0,7,0,174,6.72327019862461e-05,0.026740433379437527,c7a4948f364b2ba45b21eab878dc04ecf55adffe8358c35ee17d6ff3ca346ca5,63cb304f81fe05e328d0e4f5f2f5520561c628fb763bc12031da6afa3f51e374
Adult,53,307,8,ok,6335,,,,,,,,,,46281f76d196ac052af3a290b4c49fbbd729dc14c508d67a2decf067b99f9f69,
Adult,71,101,1,ok,6342,0.8411022669128073,0.9084527396690807,0.8897882071618319,0,4,0,174,0.00015367474739713398,0.026740433379437527,4698a126ca01624115a6bae8cdcabfe349c76b2cfdb5ff71fbf39edf5ff229c3,fd4c010a6603220c24dd127819db0bf40e9b11f2f10b8e059662da31dee772c7
Adult,71,101,2,ok,6342,,,,,,,,,,e1f7fac890a64685c7687c59e8a09f7ad8ffa986c7d9f38b673dd818fefc3464,
Adult,71,101,4,ok,6342,0.8281538797623447,0.9171481535126996,0.922765682796856,0,10,0,174,9.604671712320872e-05,0.026740433379437527,098ae2798098e8aab5b5be256128688b378b95a5ad34e3680d7b09a8b68ebe96,8fad7f1d74878b3b02ac2762220754e042eef5df07f35dfdc77586200f8609e2
Adult,71,101,8,ok,6342,,,,,,,,,,cc284e1cff30a0c35b61eec490fc5d029f81486497791316f1be69c89a0cc1bd,
Adult,71,211,1,ok,6342,0.8234853006858575,0.9007828045363409,0.888777551567784,0,0,0,174,0.0,0.026740433379437527,1c8b83c3df0f961e36c045e46a1715057bf5732bc00c1e9530034e28dae1d8fe,a561a3c5278c02a21f97dde42549858b6b16a4cdebe2c9e451964fcf4a656af2
Adult,71,211,2,ok,6342,,,,,,,,,,b2b967f34a72629b5f0e1acb07ca2457f262f1e6f1148681347ee444fa1e3419,
Adult,71,211,4,ok,6342,0.8289012405656382,0.9201968885868678,0.9039294098120255,0,4,0,174,3.8418686849283494e-05,0.026740433379437527,101956d440b37d678d1a7a9d221423e04e1f45d93b095c0502e50f8f13e23693,f4242454fdcb106c8555df4292c11008ef009d1f2750d558a632c305813bd1d4
Adult,71,211,8,ok,6342,,,,,,,,,,69dd6dd836e16f81b27f08b33b20a0cf4e747349e684a18fd099d7f7eaeb385c,
Adult,71,307,1,ok,6342,0.818380091828926,0.896996103687246,0.896907888576368,0,1,0,174,3.8418686849283494e-05,0.026740433379437527,cf14906ac5f4366680df25247a98b5f447293bdaef43f725538d42193dcad129,55c4c05dc8999f2bfb56b3c2e00b50ae1a93d7a106c36aa2cd11525668f1db1d
Adult,71,307,2,ok,6342,,,,,,,,,,f54a9c3fe9e81d930803093670d804193c2abeed635d52154d1e1d1a345279e0,
Adult,71,307,4,ok,6342,0.8352549784594948,0.9185635056509087,0.9285096601878482,0,7,0,174,6.72327019862461e-05,0.026740433379437527,f295ba33fc2370dbc31753bc1d87c772db956093293556b767deb94746b110ee,6116caf29924adf01cb8079a67f6a4588cd1d4f3a4282d9d7a5e07cfbd5d7c26
Adult,71,307,8,ok,6342,,,,,,,,,,b487998b587607e3e502bb961035c240494eb8f9ca7bed14d546e7145fadccaf,
California,11,101,1,ok,2524,0.7095960883235748,0.9693277371195215,0.8680918310817668,0,0,0,1,0.0,0.00024224806201550387,b42177dac78e1c95609faee5ed97095695b41dd3fe3d375fa1e34ff36fdae538,a1628b5549c48e2a98a8715f32e664972d99651e2cbc14aafd07bb5b0a359889
California,11,101,2,ok,2524,,,,,,,,,,2239c8718b5543479fdb8371dd58baaa1f192f2a8b6042e35e1e3275df9cd8a4,
California,11,101,4,ok,2524,0.7043856931994947,0.965263815435327,0.8618940739702377,0,0,0,1,0.0,0.00024224806201550387,95427686d427c6d7586e0a61e79108d95d7e93e4a68cfa036d987236ea047701,58d09a00c09a02750ef5c511b935237e63842b031aeeb6c5894cd025b18f9f2b
California,11,101,8,ok,2524,,,,,,,,,,5469d9cba9342c2708a6b7aab6c60d831b5f6a32208f6af37a777298b530761a,
California,11,211,1,ok,2524,0.7088321339852114,0.9666439471251431,0.9024749973941804,0,0,0,1,0.0,0.00024224806201550387,c52354a2cd431c2f2e3ccef9f5e0363a20b831a2624b0934271a568432d3aefb,73caf044a28282e328287d47b4356f058c4ebeadf285ea2d5d926dcca82936c7
California,11,211,2,ok,2524,,,,,,,,,,34a67a3d61ef52cc6d97b841b102702abf513716a6bf322e6319c6658f5b74a5,
California,11,211,4,ok,2524,0.7046963938418592,0.9664996969585145,0.9028910511736905,0,0,0,1,0.0,0.00024224806201550387,95bbcc58f5668ede1f30f91f7e7294dc0754bd4517c3cf7a329ee41f30652027,b30cb975810d68854acd33502f66fb032fd6e7f10ef94630ac7cc2f204ba7127
California,11,211,8,ok,2524,,,,,,,,,,5519cdd724c1910b9fcd00e87fd313813b7071b3023c24c2b0f55ab69abb7775,
California,11,307,1,ok,2524,0.7018138095400466,0.9674097215430194,0.8642072668199332,0,0,0,1,0.0,0.00024224806201550387,953c6949a98e2fd323a26a5309f09bb5a5ea991b74b86842944dd745ea2e7d76,8197f0eb38a3165aea86549c8aaac1431a40abe0132b66e2b719edceff9cda6c
California,11,307,2,ok,2524,,,,,,,,,,a2d03903190840d043fc9339a04a12f30244b8736c6854fedf26a1939ad8e9e0,
California,11,307,4,ok,2524,0.7031225672701544,0.9671524761696864,0.8709251474824677,0,0,0,1,0.0,0.00024224806201550387,fa6588aeb8589c178e80ddf4002de330da91733ff30810528408cea32396a93a,47cbc80ae4066590a883819960ccb9e59030e71b410e88354a5d6deca9210c5e
California,11,307,8,ok,2524,,,,,,,,,,89f22c215ea1f7855f7dc7935a3ff63115252460bcbc57aa43e4f74e9335299f,
California,23,101,1,ok,2525,0.7008301580402535,0.9563621177024871,0.8571438676738066,0,0,0,1,0.0,0.00024224806201550387,737f585cb2f3dce9c4b0d70abb2851dc355af6d1006f76969d92f273b418ee80,204a26a9464f31de2590788d872e9c793b649941ad08d893fb76f919334edfce
California,23,101,2,ok,2525,,,,,,,,,,d7b44ef3e8a566ccb8d9cc49e8a63335e34499fbbf682b438c810f539135e961,
California,23,101,4,ok,2525,0.6947729626993968,0.9523099745235538,0.8598769577629681,0,0,0,1,0.0,0.00024224806201550387,de434a11dd7b022c706bf8646bf1979ffaf73f105ceeeb79ce9d44837cdcefc9,16d56b7415933f61cb2244381e9571f3ccbb777956fef529c1c5bc9a53511ea9
California,23,101,8,ok,2525,,,,,,,,,,57f176eade4b51c5c3c179cedd4b38795dbb3c01b1278066ae61d513a1d827d1,
California,23,211,1,ok,2525,0.7025117336039461,0.9540131027906263,0.8988047787820227,0,0,0,1,0.0,0.00024224806201550387,4e5bc537442c93bd7472659f21a5d1465bf339269a35ae52ca680088f3d4c71d,e03d585e35d30299c4e6346c2e645f8641672996d5701da67940bda57f5ca85d
California,23,211,2,ok,2525,,,,,,,,,,4c6b845cab400ce6c5205d24d357f7b70544446ae8cf0d5da98e9a6cc47153f9,
California,23,211,4,ok,2525,0.6960706753130024,0.9538052239124046,0.8958452808684424,0,0,0,1,0.0,0.00024224806201550387,a314c3f60851afb34a0b90138b5b0c27f0f8ce70843c2e75bc10f5311dab092e,029657405d3089fc0b85a3e92ebe790341b8baf750d6559f6ec97b0be82c44b9
California,23,211,8,ok,2525,,,,,,,,,,7671ac3582a15354cf661ae73996e35209300b2f58ee6dc3e269813f81f0c953,
California,23,307,1,ok,2525,0.696788613012218,0.9547879600598029,0.8638260363895348,0,0,0,1,0.0,0.00024224806201550387,26d8ca6c5470956a73947ecd977fa3dac8af8aba729ed1aed6fe2f6bf9c72dbb,998637c038c03637de063a6dee39d936454507055379dc71e1ff943085418596
California,23,307,2,ok,2525,,,,,,,,,,d5cb510721138be52044459d2d0cb0d616651e640d0206010d942d7c5182187f,
California,23,307,4,ok,2525,0.6927411487623533,0.9538994966415127,0.867703951309173,0,0,0,1,0.0,0.00024224806201550387,8e7cce65927f22c29dd9a5e2fa57dc9c67b08b69546409734aa05fca0c58e396,e4d77fd19706727da174ac20579e5ad7d6a494c4d69c8ae3ccd0dd3064dfa06a
California,23,307,8,ok,2525,,,,,,,,,,04eb4bf85dc12165e387efd4fbb6219c5704ae4ddb1414a8b1fb89be26c540b6,
California,37,101,1,ok,2525,0.6982163546093455,0.9625026426831518,0.8522864934581973,0,0,0,1,0.0,0.00024224806201550387,c8050d2704e5523fdcab4d1eb4003490b148588eec4d5f23483fd332d97ebebf,c68c522aca4cd86aaf3174ce83f4d720d4200631cdc165b343bc12649e682784
California,37,101,2,ok,2525,,,,,,,,,,d301e9dc81a7d9c76013492c7b14c08b79701efe2de73d4a0646c6089edf24b0,
California,37,101,4,ok,2525,0.688711399239871,0.9573082274397229,0.8523795308163229,0,0,0,1,0.0,0.00024224806201550387,f2a77f656b35359551f3b532977fd0774a5f9d90596b2c9a8883cae69790bbd1,fb56fbe0ea18c31ded20a246106929bc5482cf6b6ba50788976885faa0c4eb4d
California,37,101,8,ok,2525,,,,,,,,,,fc9eaf77034e4f17655aa309f257abece1515829bb0712d4165d809d6ffdfe51,
California,37,211,1,ok,2525,0.699444779989186,0.9608431472522398,0.8877432882372488,0,0,0,1,0.0,0.00024224806201550387,f51ce5d7da5652ce58d3c2c3a8949164c88c8223c3766de312f8ca1c352d0623,9d67c82bc68bb49f5a0e6d52cee1d0d5c978c1aa201f2a4f2c7381337cdfd6be
California,37,211,2,ok,2525,,,,,,,,,,b209443ce15ed6bdc301a3c28aaf57f8e0f3b2ea45c6067ac57a48499dc3b58f,
California,37,211,4,ok,2525,0.6902856944211037,0.9600484977716648,0.8862285835587618,0,0,0,1,0.0,0.00024224806201550387,1a5755af28b4d45c73652f6eed09ef862d7f300622749e26ce6be88262659ef5,b9c18ddd41be2f368b32d0716dd07fc123b28447c9367fb58ea49c0a78c3fb12
California,37,211,8,ok,2525,,,,,,,,,,9da34537a8e5911f95f0e62675c1024089d45eeccd387db9fabd17e24a07f547,
California,37,307,1,ok,2525,0.6913389130808939,0.9596550482564157,0.8600489599351958,0,0,0,1,0.0,0.00024224806201550387,e02b37c5a09bb937195927636efb4880d28352c6ec06a2e1c965487dd2132af7,0b600ed0d97167fd4a0115837ec865da4aa34145fff0d02226b89eb40197d7a8
California,37,307,2,ok,2525,,,,,,,,,,e7e3cd3f5cec15e78c05dbe4980d00b416036abba8b8d81a2a08934ecadb62aa,
California,37,307,4,ok,2525,0.6944460007288139,0.9597457513490023,0.8631068938880563,0,0,0,1,0.0,0.00024224806201550387,9a11348e50979cf043cb7617a5981cbf754ba2150335cbd60ea74288d2778af4,3f17164f036f662f7306483cb98167da0988eea935d6263aae7c448f39c98367
California,37,307,8,ok,2525,,,,,,,,,,569765ca5ecac49d0f4109b57f905b86f6a9bfaf5aca5da0babb452c95e03968,
California,53,101,1,ok,2524,0.7034918378799153,0.9708974015782933,0.8516569271646801,0,0,0,1,0.0,0.00024224806201550387,53f085f5fbbfa36ecbaa713d50c506dd2db16b12c2ff41f645c4ccb8fe379d64,be2546cabac128a7e98a0d3b4713a6b9b95bd774e0d9e9e2fbcc20e7301cfbdf
California,53,101,2,ok,2524,,,,,,,,,,fcb87025f73890ba8242867710d084d4e40270a39444b6c7e88910ee279d8064,
California,53,101,4,ok,2524,0.6991379436695517,0.967068872918361,0.8521487539282631,0,0,0,1,0.0,0.00024224806201550387,7af762a2fa0754056398e0042450e01f69b1a4bfc822047ff772cfe52c4f7fe3,3f4ac4e7ea99b504075bc20f7566e6a1b5f16426e35414a02bf29d801e63feaf
California,53,101,8,ok,2524,,,,,,,,,,6b8cb688ba7c9a858fd50539e07b3aa4fb925f355440743021731f89c9cf7432,
California,53,211,1,ok,2524,0.7032208528697547,0.9688203947425156,0.8884370709946909,0,0,0,1,0.0,0.00024224806201550387,1c6eb20ed7410e6a9ccb6aef3e230657889cee684db7d8cf23b32b8c108e607d,1e830c5d6fd9ffd2e358a644a03c2a456c657fa75aa5338b63d361b3c2f14353
California,53,211,2,ok,2524,,,,,,,,,,5c3ad331d6e475125e566e5b5d845f0f2a4427d2c7e6a4e69d4729ec0583e5ff,
California,53,211,4,ok,2524,0.7008773393886394,0.9686541067915135,0.8913190303195755,0,0,0,1,0.0,0.00024224806201550387,44afd1e0c88ce144b3fee2cce3bf7e3ac8b0e068e4115498b1480e24382905e9,dd1abf6f10baeffb91427e14c584c5f56658307475a10eafe23002fa5523ca33
California,53,211,8,ok,2524,,,,,,,,,,742bd68d662f4e4df2cc013aa7be6b538052935df7d57d31da1c3fa1a193c1ec,
California,53,307,1,ok,2524,0.6969878640134821,0.9689696743903925,0.8618516163365657,0,0,0,1,0.0,0.00024224806201550387,dda8d29e820b22ad00b1f9f93d01472c0e330170314c38c6e5ddcd1627f4d828,ce2ec6d3aee2376a4f657b57f3d831bf298860406f76a595114baeee42ba65f5
California,53,307,2,ok,2524,,,,,,,,,,776aea085431c6dccddfbf29fefcb6be5f83082b923bb589881a035c613162e2,
California,53,307,4,ok,2524,0.6963149099310397,0.9685655949149031,0.8628014602925932,0,0,0,1,0.0,0.00024224806201550387,7a689920932a082e0931c11effc019dd2171fe5f9631f2f8a7633251945297d3,32cde086a68c5a5231bbb1bcd7c307c1bbace9bac785961dba0628b3c9983fd9
California,53,307,8,ok,2524,,,,,,,,,,2dcfe7f3fcc7aa4b374570e43b4157e5ddb860586d48a7e2199e2f51198ec0a3,
California,71,101,1,ok,2524,0.7148419367121197,0.9746796746937452,0.856530496025762,0,0,0,1,0.0,0.00024224806201550387,dfb19ee0064dff105282ee8ad0d04efb4a4619b1f3d330fcd45e488de981ae78,326e1276dcc3af691e8f61837b3ecb2d43230ec9359132114b371e2eecc24510
California,71,101,2,ok,2524,,,,,,,,,,7d1786622d5eb507c1319ae0aea5b880eb6928ac17162ff669b0479053a0df8c,
California,71,101,4,ok,2524,0.7030035185497118,0.9710788013319857,0.8541447891667099,0,0,0,1,0.0,0.00024224806201550387,675e85df24c4273cce0feadef97282bcb64c4938ae69afedeb6d90721d3400c8,0a75c954ee3a49af521deec07d52d8202972b71587e828b5300273547bb42c01
California,71,101,8,ok,2524,,,,,,,,,,f8bd24a8aa587bcbd338521fbede3d629c0df1e10249ce985de97e54bea86959,
California,71,211,1,ok,2524,0.7095136936721712,0.9714449943371611,0.8920870502124308,0,0,0,1,0.0,0.00024224806201550387,8c35eb489ac2dee030c4462720b5defa8a2c1a8490221786cb6fdb451cc58fb7,3b063f8a28d20503b87d09e391bf16f33cffad1438af4ebff06e1e7500cdfbe9
California,71,211,2,ok,2524,,,,,,,,,,7ec3506569a590dc7e1069c75dd44b5ea5d9bb0878883f75ea6a5475b9355d79,
California,71,211,4,ok,2524,0.7022053535776591,0.9718390706766511,0.895373203022593,0,0,0,1,0.0,0.00024224806201550387,80f2b9d48af0e0ad43b9c97abad1aea52dcff28f2be27024abd2e9dc33f45425,73f920b81cb2f59a416ade256ca69675dc42162f9c059681644430e9e2cfce0f
California,71,211,8,ok,2524,,,,,,,,,,df014d7b20575158395f8d1eab94e488cccb55d598d0b8356a4943a14d24761b,
California,71,307,1,ok,2524,0.7055082304365271,0.9728553705415895,0.8594367133439872,0,0,0,1,0.0,0.00024224806201550387,5e3baaf6939a870eb2fca01ab0673e5d01923b0544ad950f11a83c83ffea2802,b1ede6efc51531bef19d7c3d55f27eda62eef483a9ff573898e201d280439b01
California,71,307,2,ok,2524,,,,,,,,,,abc7da880f963e6a9161da1659696ac3153e8f6a8419645970df0b55d32e8988,
California,71,307,4,ok,2524,0.7039977353078304,0.9724271381560232,0.8599392418083421,0,0,0,1,0.0,0.00024224806201550387,438e61902e5a1bd0a9a608e723e2ed3044d52fb0f2667d8a7db94877566f0ab5,5857b40073ce2b0b2bf92089329a22dbcd5d284ccd0613a5e567c8942e55388d
California,71,307,8,ok,2524,,,,,,,,,,caae9539e4ad814621ecfd812c55b82c55a33123e06466e0f802f25fa14045b8,
