dataset,method,configuration,fit_seed,size_multiplier,median_catboost_retention,min_catboost_retention,max_catboost_retention,artifact_bytes,within_l3_bytes,exact_row_copies
Adult,CTGAN,tuned,23,1,0.013923686754912595,0.011754623783527427,0.04588821806442856,3032190,False,0
Adult,CTGAN,tuned,23,4,0.01714942253960577,0.009932394502333576,0.025424773340582504,3032190,False,0
Adult,DOPE,q8_symbolic,23,1,0.8274901590089087,0.8156864099033972,0.8336282557477998,6337,True,0
Adult,DOPE,q8_symbolic,23,4,0.8292631840397952,0.8284579092167852,0.8302626293241202,6337,True,0
Adult,TVAE,default_and_tuned,23,1,0.7951042510893438,0.7871567507486342,0.8197590468293665,1665556,False,0
Adult,TVAE,default_and_tuned,23,4,0.7787800344042705,0.7710456128590613,0.778813820944166,1665556,False,0
California,CTGAN,default_and_tuned,23,1,0.6651941669804274,0.6635019426168475,0.7061409050907568,941787,False,0
California,CTGAN,default_and_tuned,23,4,0.6747687471415538,0.6716018239688908,0.6970624437348792,941787,False,0
California,DOPE,q8_symbolic,23,1,0.7008301580402535,0.696788613012218,0.7025117336039461,2525,True,0
California,DOPE,q8_symbolic,23,4,0.6947729626993968,0.6927411487623533,0.6960706753130024,2525,True,0
California,TVAE,default,23,1,0.875006699840388,0.8716140168651653,0.8752408864344441,373361,False,0
California,TVAE,default,23,4,0.8755975055082786,0.8738107787167857,0.879495924634317,373361,False,0
California,TVAE,tuned,23,1,0.9154104531126452,0.9136217408301711,0.9193823260164893,340593,False,0
California,TVAE,tuned,23,4,0.9162604686855382,0.9150988532535034,0.9195209967855663,340593,False,0
News,CTGAN,tuned,23,1,-0.8817797409865338,-0.8923711358536548,-0.8497062716975206,2922575,False,0
News,CTGAN,tuned,23,4,-0.843978810856476,-0.883358081293812,-0.7305762682398876,2922575,False,0
News,DOPE,q10_overcap_quality,23,1,0.32865023751158734,0.3204463613296855,0.33605449287923594,13713,False,0
News,DOPE,q10_overcap_quality,23,4,0.3108724768441581,0.28291599460992894,0.3360894313254468,13713,False,0
News,DOPE,q8_symbolic,23,1,-3.9535609546841175,-4.12996172684843,-3.4946381930520074,13603,False,0
News,DOPE,q8_symbolic,23,4,-4.024164797257542,-4.29923198576112,-3.5911531106784116,13603,False,0
News,TVAE,default_and_tuned,23,1,-1.0013496634879795,-1.0902109534937876,-0.861709990363192,1485221,False,0
News,TVAE,default_and_tuned,23,4,-0.9955839892050855,-1.0558287009664495,-0.8873184121153553,1485221,False,0
