dataset,method,configuration,fit_seed,size_multiplier,auditor,informative_samples,median_retention,min_retention,max_retention,artifact_bytes,within_l3_bytes
Adult,ForestDiffusion,cpu_author_default,23,1,linear,0,,,,,
Adult,ForestDiffusion,cpu_author_default,23,1,catboost,0,,,,,
Adult,ForestDiffusion,cpu_author_default,23,1,mlp,0,,,,,
Adult,ForestDiffusion,cpu_author_default,23,4,linear,0,,,,,
Adult,ForestDiffusion,cpu_author_default,23,4,catboost,0,,,,,
Adult,ForestDiffusion,cpu_author_default,23,4,mlp,0,,,,,
Adult,ForestDiffusion,gpu_author_default,23,1,linear,0,,,,,
Adult,ForestDiffusion,gpu_author_default,23,1,catboost,0,,,,,
Adult,ForestDiffusion,gpu_author_default,23,1,mlp,0,,,,,
Adult,ForestDiffusion,gpu_author_default,23,4,linear,0,,,,,
Adult,ForestDiffusion,gpu_author_default,23,4,catboost,0,,,,,
Adult,ForestDiffusion,gpu_author_default,23,4,mlp,0,,,,,
Adult,ForestDiffusion,native_selected,23,1,linear,0,,,,,
Adult,ForestDiffusion,native_selected,23,1,catboost,0,,,,,
Adult,ForestDiffusion,native_selected,23,1,mlp,0,,,,,
Adult,ForestDiffusion,native_selected,23,4,linear,0,,,,,
Adult,ForestDiffusion,native_selected,23,4,catboost,0,,,,,
Adult,ForestDiffusion,native_selected,23,4,mlp,0,,,,,
California,ForestDiffusion,cpu_author_default,23,1,linear,0,,,,,
California,ForestDiffusion,cpu_author_default,23,1,catboost,0,,,,,
California,ForestDiffusion,cpu_author_default,23,1,mlp,0,,,,,
California,ForestDiffusion,cpu_author_default,23,4,linear,0,,,,,
California,ForestDiffusion,cpu_author_default,23,4,catboost,0,,,,,
California,ForestDiffusion,cpu_author_default,23,4,mlp,0,,,,,
California,ForestDiffusion,gpu_author_default,23,1,linear,3,0.9890808803574361,0.9885119842477335,0.9925985381143466,396599816,False
California,ForestDiffusion,gpu_author_default,23,1,catboost,3,0.9549107381191885,0.9450754919449517,0.9584191917879127,396599816,False
California,ForestDiffusion,gpu_author_default,23,1,mlp,3,0.9864031261868569,0.9765211953686994,1.014123793531444,396599816,False
California,ForestDiffusion,gpu_author_default,23,4,linear,3,0.9910706024332656,0.9901292493819677,0.9922530923088342,396599816,False
California,ForestDiffusion,gpu_author_default,23,4,catboost,3,0.9588608529478008,0.9585398186549625,0.9594854294930251,396599816,False
California,ForestDiffusion,gpu_author_default,23,4,mlp,3,1.0528588651360813,1.0498407239843313,1.0996275728144123,396599816,False
California,ForestDiffusion,native_selected,23,1,linear,3,0.9890808803574361,0.9885119842477335,0.9925985381143466,396599816,False
California,ForestDiffusion,native_selected,23,1,catboost,3,0.9549107381191885,0.9450754919449517,0.9584191917879127,396599816,False
California,ForestDiffusion,native_selected,23,1,mlp,3,0.9864031261868569,0.9765211953686994,1.014123793531444,396599816,False
California,ForestDiffusion,native_selected,23,4,linear,3,0.9910706024332656,0.9901292493819677,0.9922530923088342,396599816,False
California,ForestDiffusion,native_selected,23,4,catboost,3,0.9588608529478008,0.9585398186549625,0.9594854294930251,396599816,False
California,ForestDiffusion,native_selected,23,4,mlp,3,1.0528588651360813,1.0498407239843313,1.0996275728144123,396599816,False
News,ForestDiffusion,cpu_author_default,23,1,linear,0,,,,,
News,ForestDiffusion,cpu_author_default,23,1,catboost,0,,,,,
News,ForestDiffusion,cpu_author_default,23,1,mlp,0,,,,,
News,ForestDiffusion,cpu_author_default,23,4,linear,0,,,,,
News,ForestDiffusion,cpu_author_default,23,4,catboost,0,,,,,
News,ForestDiffusion,cpu_author_default,23,4,mlp,0,,,,,
News,ForestDiffusion,gpu_author_default,23,1,linear,0,,,,,
News,ForestDiffusion,gpu_author_default,23,1,catboost,0,,,,,
News,ForestDiffusion,gpu_author_default,23,1,mlp,0,,,,,
News,ForestDiffusion,gpu_author_default,23,4,linear,0,,,,,
News,ForestDiffusion,gpu_author_default,23,4,catboost,0,,,,,
News,ForestDiffusion,gpu_author_default,23,4,mlp,0,,,,,
News,ForestDiffusion,native_selected,23,1,linear,0,,,,,
News,ForestDiffusion,native_selected,23,1,catboost,0,,,,,
News,ForestDiffusion,native_selected,23,1,mlp,0,,,,,
News,ForestDiffusion,native_selected,23,4,linear,0,,,,,
News,ForestDiffusion,native_selected,23,4,catboost,0,,,,,
News,ForestDiffusion,native_selected,23,4,mlp,0,,,,,
Adult,CTGAN,default,23,1,linear,0,,,,,
Adult,CTGAN,default,23,1,catboost,0,,,,,
Adult,CTGAN,default,23,1,mlp,0,,,,,
Adult,CTGAN,default,23,4,linear,0,,,,,
Adult,CTGAN,default,23,4,catboost,0,,,,,
Adult,CTGAN,default,23,4,mlp,0,,,,,
Adult,CTGAN,tuned,23,1,linear,3,-0.027703169123594936,-0.037991764574434754,0.01553537877277398,3032190,False
Adult,CTGAN,tuned,23,1,catboost,3,0.013923686754912595,0.011754623783527427,0.04588821806442856,3032190,False
Adult,CTGAN,tuned,23,1,mlp,3,-0.07195733754702108,-0.10150952546484805,-0.025931224474655908,3032190,False
Adult,CTGAN,tuned,23,4,linear,3,-0.031310908175479164,-0.03223212530660178,-0.012576596162225697,3032190,False
Adult,CTGAN,tuned,23,4,catboost,3,0.01714942253960577,0.009932394502333576,0.025424773340582504,3032190,False
Adult,CTGAN,tuned,23,4,mlp,3,-0.04172790361273629,-0.0436482590529144,-0.038284667887374564,3032190,False
Adult,DOPE,features12_steps2048,23,1,linear,3,0.8780314737118092,0.869424634007667,0.8791093193887767,6527,True
Adult,DOPE,features12_steps2048,23,1,catboost,3,0.8451753975989268,0.8358055227456507,0.8551311540522664,6527,True
Adult,DOPE,features12_steps2048,23,1,mlp,3,0.8881123031825534,0.8845998063291176,0.9017794210014717,6527,True
Adult,DOPE,features12_steps2048,23,4,linear,3,0.8973192236007462,0.8897272919474608,0.9035401465322951,6527,True
Adult,DOPE,features12_steps2048,23,4,catboost,3,0.8602851060873281,0.8571550018609627,0.8634421465312087,6527,True
Adult,DOPE,features12_steps2048,23,4,mlp,3,0.9429466610471584,0.9373532259856276,0.9773000761876303,6527,True
Adult,DOPE,features12_steps512,23,1,linear,3,0.8962486951924377,0.8941718492807101,0.9047534967352092,6517,True
Adult,DOPE,features12_steps512,23,1,catboost,3,0.8241466626817929,0.8076156347564766,0.832175883205204,6517,True
Adult,DOPE,features12_steps512,23,1,mlp,3,0.8922132500458365,0.8865824318144847,0.9210028223053448,6517,True
Adult,DOPE,features12_steps512,23,4,linear,3,0.9151734496591691,0.9119939620535925,0.9175228893402121,6517,True
Adult,DOPE,features12_steps512,23,4,catboost,3,0.831855754964869,0.8313872386773832,0.8400954388211925,6517,True
Adult,DOPE,features12_steps512,23,4,mlp,3,0.9292097890505226,0.8902497475252961,0.9305657662559398,6517,True
Adult,DOPE,features24_steps2048,23,1,linear,3,0.9177270477221579,0.9095997779894327,0.9233778805893371,7182,True
Adult,DOPE,features24_steps2048,23,1,catboost,3,0.831357252351683,0.8288983644141589,0.8458228708818505,7182,True
Adult,DOPE,features24_steps2048,23,1,mlp,3,0.9143399393323229,0.8704401068483247,0.9542161848724694,7182,True
Adult,DOPE,features24_steps2048,23,4,linear,3,0.938311185783688,0.9366760325958943,0.9430028131604492,7182,True
Adult,DOPE,features24_steps2048,23,4,catboost,3,0.8479363049034111,0.841453372743085,0.8550242121778255,7182,True
Adult,DOPE,features24_steps2048,23,4,mlp,3,0.9652111396090761,0.9649908065089046,0.9915460744255624,7182,True
Adult,DOPE,features24_steps512,23,1,linear,3,0.9293941499602736,0.9173301893108832,0.9326719775827307,7143,True
Adult,DOPE,features24_steps512,23,1,catboost,3,0.7951972962718873,0.7905250467575431,0.8028424691606006,7143,True
Adult,DOPE,features24_steps512,23,1,mlp,3,0.8970435577062782,0.8912849804089275,0.897425733440079,7143,True
Adult,DOPE,features24_steps512,23,4,linear,3,0.9448827764135173,0.9416704997406796,0.9465887242742757,7143,True
Adult,DOPE,features24_steps512,23,4,catboost,3,0.8149214470898883,0.8129670792535827,0.8171892839788673,7143,True
Adult,DOPE,features24_steps512,23,4,mlp,3,0.932236757496643,0.9287217217717085,0.9377575965173787,7143,True
Adult,DOPE,q8_selected,23,1,linear,3,0.9105545794991158,0.9008459023883832,0.9143440991850386,6337,True
Adult,DOPE,q8_selected,23,1,catboost,3,0.8274901590089087,0.8156864099033972,0.8336282557477998,6337,True
Adult,DOPE,q8_selected,23,1,mlp,3,0.9043980089077767,0.8843316020571658,0.9188051724885866,6337,True
Adult,DOPE,q8_selected,23,4,linear,3,0.923055835359612,0.9192666348320994,0.9252150460131006,6337,True
Adult,DOPE,q8_selected,23,4,catboost,3,0.8292631840397952,0.8284579092167852,0.8302626293241202,6337,True
Adult,DOPE,q8_selected,23,4,mlp,3,0.9104269560112166,0.9068092968127686,0.9247707987330569,6337,True
Adult,TVAE,default_and_tuned,23,1,linear,3,0.7818191496956912,0.7802498947632586,0.7951511029338265,1665556,False
Adult,TVAE,default_and_tuned,23,1,catboost,3,0.7951042510893438,0.7871567507486342,0.8197590468293665,1665556,False
Adult,TVAE,default_and_tuned,23,1,mlp,3,0.6559948243923216,0.45288404156034273,0.6923633613181172,1665556,False
Adult,TVAE,default_and_tuned,23,4,linear,3,0.7566301456219866,0.7447297259344565,0.7701387697186025,1665556,False
Adult,TVAE,default_and_tuned,23,4,catboost,3,0.7787800344042705,0.7710456128590613,0.778813820944166,1665556,False
Adult,TVAE,default_and_tuned,23,4,mlp,3,0.41210633004652597,0.30928231395939876,0.4743041109942945,1665556,False
California,CTGAN,default_and_tuned,23,1,linear,3,0.6309673286128817,0.6203666947059795,0.6320561357900255,941787,False
California,CTGAN,default_and_tuned,23,1,catboost,3,0.6651941669804274,0.6635019426168475,0.7061409050907568,941787,False
California,CTGAN,default_and_tuned,23,1,mlp,3,0.7182029869993787,0.7025048388739691,0.749925398291271,941787,False
California,CTGAN,default_and_tuned,23,4,linear,3,0.6146424944955035,0.6050007729990613,0.6173207734546147,941787,False
California,CTGAN,default_and_tuned,23,4,catboost,3,0.6747687471415538,0.6716018239688908,0.6970624437348792,941787,False
California,CTGAN,default_and_tuned,23,4,mlp,3,0.7578481579963502,0.7244919977904027,0.7724106336853099,941787,False
California,DOPE,features12_steps2048,23,1,linear,3,0.9263205625839946,0.9206369321160647,0.9264641982500725,2772,True
California,DOPE,features12_steps2048,23,1,catboost,3,0.6827556257119533,0.6813983862346741,0.7021103172344433,2772,True
California,DOPE,features12_steps2048,23,1,mlp,3,0.8840840612266269,0.8751023599844033,0.9075421752023712,2772,True
California,DOPE,features12_steps2048,23,4,linear,3,0.9202107686898572,0.9189719784347112,0.9210175514183101,2772,True
California,DOPE,features12_steps2048,23,4,catboost,3,0.6848700970439651,0.682101634741707,0.693190055702702,2772,True
California,DOPE,features12_steps2048,23,4,mlp,3,0.8950018869928665,0.8830359396949109,0.9301997018433465,2772,True
California,DOPE,features12_steps512,23,1,linear,3,0.9323336979463543,0.9266588792422416,0.9324428583736233,2758,True
California,DOPE,features12_steps512,23,1,catboost,3,0.6943490196736222,0.6916107925814806,0.7077991109165369,2758,True
California,DOPE,features12_steps512,23,1,mlp,3,0.8721983524877455,0.864688389908331,0.9078602674010512,2758,True
California,DOPE,features12_steps512,23,4,linear,3,0.9278788879510034,0.9269764476512286,0.928743973299021,2758,True
California,DOPE,features12_steps512,23,4,catboost,3,0.6928400511223713,0.6867950272241429,0.6958148563049841,2758,True
California,DOPE,features12_steps512,23,4,mlp,3,0.87687890210226,0.8737684323906998,0.9131290875891112,2758,True
California,DOPE,features24_steps2048,23,1,linear,3,0.9263205625839946,0.9206369321160647,0.9264641982500725,2772,True
California,DOPE,features24_steps2048,23,1,catboost,3,0.6827556257119533,0.6813983862346741,0.7021103172344433,2772,True
California,DOPE,features24_steps2048,23,1,mlp,3,0.8840840612266269,0.8751023599844033,0.9075421752023712,2772,True
California,DOPE,features24_steps2048,23,4,linear,3,0.9202107686898572,0.9189719784347112,0.9210175514183101,2772,True
California,DOPE,features24_steps2048,23,4,catboost,3,0.6848700970439651,0.682101634741707,0.693190055702702,2772,True
California,DOPE,features24_steps2048,23,4,mlp,3,0.8950018869928665,0.8830359396949109,0.9301997018433465,2772,True
California,DOPE,features24_steps512,23,1,linear,3,0.9323336979463543,0.9266588792422416,0.9324428583736233,2758,True
California,DOPE,features24_steps512,23,1,catboost,3,0.6943490196736222,0.6916107925814806,0.7077991109165369,2758,True
California,DOPE,features24_steps512,23,1,mlp,3,0.8721983524877455,0.864688389908331,0.9078602674010512,2758,True
California,DOPE,features24_steps512,23,4,linear,3,0.9278788879510034,0.9269764476512286,0.928743973299021,2758,True
California,DOPE,features24_steps512,23,4,catboost,3,0.6928400511223713,0.6867950272241429,0.6958148563049841,2758,True
California,DOPE,features24_steps512,23,4,mlp,3,0.87687890210226,0.8737684323906998,0.9131290875891112,2758,True
California,DOPE,q8_selected,23,1,linear,3,0.9547879600598029,0.9540131027906263,0.9563621177024871,2525,True
California,DOPE,q8_selected,23,1,catboost,3,0.7008301580402535,0.696788613012218,0.7025117336039461,2525,True
California,DOPE,q8_selected,23,1,mlp,3,0.8638260363895348,0.8571438676738066,0.8988047787820227,2525,True
California,DOPE,q8_selected,23,4,linear,3,0.9538052239124046,0.9523099745235538,0.9538994966415127,2525,True
California,DOPE,q8_selected,23,4,catboost,3,0.6947729626993968,0.6927411487623533,0.6960706753130024,2525,True
California,DOPE,q8_selected,23,4,mlp,3,0.867703951309173,0.8598769577629681,0.8958452808684424,2525,True
California,TVAE,default,23,1,linear,3,0.8147930951360204,0.8079223440718561,0.816122996824717,373361,False
California,TVAE,default,23,1,catboost,3,0.875006699840388,0.8716140168651653,0.8752408864344441,373361,False
California,TVAE,default,23,1,mlp,3,0.8681522288868395,0.8293123430520196,0.8909018272687224,373361,False
California,TVAE,default,23,4,linear,3,0.8088094909934941,0.806886897508583,0.8149527173559956,373361,False
California,TVAE,default,23,4,catboost,3,0.8755975055082786,0.8738107787167857,0.879495924634317,373361,False
California,TVAE,default,23,4,mlp,3,0.934556847178609,0.9143908529846143,0.9380122708017038,373361,False
California,TVAE,tuned,23,1,linear,3,0.8808154257006672,0.8786343793139758,0.8839130864023375,340593,False
California,TVAE,tuned,23,1,catboost,3,0.9154104531126452,0.9136217408301711,0.9193823260164893,340593,False
California,TVAE,tuned,23,1,mlp,3,0.8841254996979913,0.8714718869800453,0.9136295793944731,340593,False
California,TVAE,tuned,23,4,linear,3,0.8778560406780054,0.8772631401718026,0.8839304299320383,340593,False
California,TVAE,tuned,23,4,catboost,3,0.9162604686855382,0.9150988532535034,0.9195209967855663,340593,False
California,TVAE,tuned,23,4,mlp,3,0.9895500663026046,0.9824160726139416,1.0046428472314328,340593,False
News,DOPE,features12_steps2048,23,1,linear,3,-1.6330691364922323,-1.6460005660661803,-1.6167574847127832,9250,True
News,DOPE,features12_steps2048,23,1,catboost,3,-0.8177600904303182,-0.9637975404883028,-0.7665136520688471,9250,True
News,DOPE,features12_steps2048,23,1,mlp,0,,,,9250,True
News,DOPE,features12_steps2048,23,4,linear,3,-1.6371174895719998,-1.6449947947340124,-1.6188815266014396,9250,True
News,DOPE,features12_steps2048,23,4,catboost,3,-0.9080171540884021,-0.9673190812640774,-0.7871443524723424,9250,True
News,DOPE,features12_steps2048,23,4,mlp,0,,,,9250,True
News,DOPE,features12_steps512,23,1,linear,3,-15.515382584250274,-15.633366845002438,-15.361234519931322,9249,True
News,DOPE,features12_steps512,23,1,catboost,3,-13.489946296201463,-14.571727630179373,-12.048295139305136,9249,True
News,DOPE,features12_steps512,23,1,mlp,0,,,,9249,True
News,DOPE,features12_steps512,23,4,linear,3,-15.591323269785143,-15.598280627864744,-15.542175498170202,9249,True
News,DOPE,features12_steps512,23,4,catboost,3,-13.526725568370997,-14.513737028741593,-12.033557759415263,9249,True
News,DOPE,features12_steps512,23,4,mlp,0,,,,9249,True
News,DOPE,features24_steps2048,23,1,linear,3,-5.329788005770119,-5.426796889138421,-5.262897206026873,9844,True
News,DOPE,features24_steps2048,23,1,catboost,3,-3.4060722081615133,-3.6537181284122098,-2.974257939479752,9844,True
News,DOPE,features24_steps2048,23,1,mlp,0,,,,9844,True
News,DOPE,features24_steps2048,23,4,linear,3,-5.343919141556467,-5.41595593638573,-5.31725884641975,9844,True
News,DOPE,features24_steps2048,23,4,catboost,3,-3.3149723154388036,-3.5980222131850503,-2.8998044570984316,9844,True
News,DOPE,features24_steps2048,23,4,mlp,0,,,,9844,True
News,DOPE,features24_steps512,23,1,linear,3,-5.711456308726434,-5.725230185444629,-5.633150259934419,9848,True
News,DOPE,features24_steps512,23,1,catboost,3,-3.8655371935169267,-4.072564413774078,-3.3314023958901915,9848,True
News,DOPE,features24_steps512,23,1,mlp,0,,,,9848,True
News,DOPE,features24_steps512,23,4,linear,3,-5.661862547394365,-5.688490141564305,-5.653317579060017,9848,True
News,DOPE,features24_steps512,23,4,catboost,3,-3.796691345654116,-4.138763066455957,-3.4546675815394443,9848,True
News,DOPE,features24_steps512,23,4,mlp,0,,,,9848,True
