dataset,method,configuration,auditor,size_multiplier,complete_fit_seeds,median_of_fit_medians
Adult,DOPE,features12_steps512,catboost,1,2,0.8113
Adult,DOPE,features12_steps512,linear,1,2,0.8866
Adult,DOPE,features12_steps512,mlp,1,2,0.8871
Adult,DOPE,features12_steps512,catboost,4,2,0.8204
Adult,DOPE,features12_steps512,linear,4,2,0.9069
Adult,DOPE,features12_steps512,mlp,4,2,0.9043
Adult,DOPE,features12_steps2048,catboost,1,2,0.8443
Adult,DOPE,features12_steps2048,linear,1,2,0.8793
Adult,DOPE,features12_steps2048,mlp,1,2,0.8967
Adult,DOPE,features12_steps2048,catboost,4,2,0.8617
Adult,DOPE,features12_steps2048,linear,4,2,0.9010
Adult,DOPE,features12_steps2048,mlp,4,2,0.9469
Adult,DOPE,features24_steps512,catboost,1,2,0.8004
Adult,DOPE,features24_steps512,linear,1,2,0.9327
Adult,DOPE,features24_steps512,mlp,1,2,0.9157
Adult,DOPE,features24_steps512,catboost,4,2,0.8166
Adult,DOPE,features24_steps512,linear,4,2,0.9490
Adult,DOPE,features24_steps512,mlp,4,2,0.9431
Adult,DOPE,features24_steps2048,catboost,1,2,0.8263
Adult,DOPE,features24_steps2048,linear,1,2,0.9126
Adult,DOPE,features24_steps2048,mlp,1,2,0.9194
Adult,DOPE,features24_steps2048,catboost,4,2,0.8436
Adult,DOPE,features24_steps2048,linear,4,2,0.9322
Adult,DOPE,features24_steps2048,mlp,4,2,0.9789
California,DOPE,features12_steps512,catboost,1,2,0.6952
California,DOPE,features12_steps512,linear,1,2,0.9350
California,DOPE,features12_steps512,mlp,1,2,0.8793
California,DOPE,features12_steps512,catboost,4,2,0.6905
California,DOPE,features12_steps512,linear,4,2,0.9307
California,DOPE,features12_steps512,mlp,4,2,0.8818
California,DOPE,features12_steps2048,catboost,1,2,0.6815
California,DOPE,features12_steps2048,linear,1,2,0.9202
California,DOPE,features12_steps2048,mlp,1,2,0.8937
California,DOPE,features12_steps2048,catboost,4,2,0.6879
California,DOPE,features12_steps2048,linear,4,2,0.9150
California,DOPE,features12_steps2048,mlp,4,2,0.9031
California,DOPE,features24_steps512,catboost,1,2,0.6952
California,DOPE,features24_steps512,linear,1,2,0.9350
California,DOPE,features24_steps512,mlp,1,2,0.8793
California,DOPE,features24_steps512,catboost,4,2,0.6905
California,DOPE,features24_steps512,linear,4,2,0.9307
California,DOPE,features24_steps512,mlp,4,2,0.8818
California,DOPE,features24_steps2048,catboost,1,2,0.6815
California,DOPE,features24_steps2048,linear,1,2,0.9202
California,DOPE,features24_steps2048,mlp,1,2,0.8937
California,DOPE,features24_steps2048,catboost,4,2,0.6879
California,DOPE,features24_steps2048,linear,4,2,0.9150
California,DOPE,features24_steps2048,mlp,4,2,0.9031
News,DOPE,features12_steps512,catboost,1,2,-14.3533
News,DOPE,features12_steps512,linear,1,2,-16.8239
News,DOPE,features12_steps512,mlp,1,0,null
News,DOPE,features12_steps512,catboost,4,2,-14.4945
News,DOPE,features12_steps512,linear,4,2,-16.8459
News,DOPE,features12_steps512,mlp,4,0,null
News,DOPE,features12_steps2048,catboost,1,2,-0.0037
News,DOPE,features12_steps2048,linear,1,2,-0.5129
News,DOPE,features12_steps2048,mlp,1,0,null
News,DOPE,features12_steps2048,catboost,4,2,-0.0938
News,DOPE,features12_steps2048,linear,4,2,-0.5148
News,DOPE,features12_steps2048,mlp,4,0,null
News,DOPE,features24_steps512,catboost,1,2,-2.3804
News,DOPE,features24_steps512,linear,1,2,-3.2622
News,DOPE,features24_steps512,mlp,1,0,null
News,DOPE,features24_steps512,catboost,4,2,-2.3807
News,DOPE,features24_steps512,linear,4,2,-3.2307
News,DOPE,features24_steps512,mlp,4,0,null
News,DOPE,features24_steps2048,catboost,1,2,-20.7561
News,DOPE,features24_steps2048,linear,1,2,-24.2144
News,DOPE,features24_steps2048,mlp,1,0,null
News,DOPE,features24_steps2048,catboost,4,2,-20.6427
News,DOPE,features24_steps2048,linear,4,2,-24.2450
News,DOPE,features24_steps2048,mlp,4,0,null
Adult,CTGAN,default,catboost,1,0,null
Adult,CTGAN,default,linear,1,0,null
Adult,CTGAN,default,mlp,1,0,null
Adult,CTGAN,default,catboost,4,0,null
Adult,CTGAN,default,linear,4,0,null
Adult,CTGAN,default,mlp,4,0,null
Adult,CTGAN,tuned,catboost,1,2,-0.0573
Adult,CTGAN,tuned,linear,1,2,-0.0541
Adult,CTGAN,tuned,mlp,1,2,-0.0948
Adult,CTGAN,tuned,catboost,4,2,-0.0569
Adult,CTGAN,tuned,linear,4,2,-0.0592
Adult,CTGAN,tuned,mlp,4,2,-0.0992
Adult,TVAE,default_and_tuned,catboost,1,2,0.8031
Adult,TVAE,default_and_tuned,linear,1,2,0.7971
Adult,TVAE,default_and_tuned,mlp,1,2,0.6001
Adult,TVAE,default_and_tuned,catboost,4,2,0.7972
Adult,TVAE,default_and_tuned,linear,4,2,0.7857
Adult,TVAE,default_and_tuned,mlp,4,2,0.5142
Adult,DOPE,q8_selected,catboost,1,2,0.8253
Adult,DOPE,q8_selected,linear,1,2,0.9040
Adult,DOPE,q8_selected,mlp,1,2,0.9005
Adult,DOPE,q8_selected,catboost,4,2,0.8298
Adult,DOPE,q8_selected,linear,4,2,0.9193
Adult,DOPE,q8_selected,mlp,4,2,0.9118
California,CTGAN,default_and_tuned,catboost,1,2,0.6204
California,CTGAN,default_and_tuned,linear,1,2,0.6687
California,CTGAN,default_and_tuned,mlp,1,2,0.6707
California,CTGAN,default_and_tuned,catboost,4,2,0.6279
California,CTGAN,default_and_tuned,linear,4,2,0.6657
California,CTGAN,default_and_tuned,mlp,4,2,0.7246
California,TVAE,default,catboost,1,2,0.8735
California,TVAE,default,linear,1,2,0.8281
California,TVAE,default,mlp,1,2,0.8709
California,TVAE,default,catboost,4,2,0.8782
California,TVAE,default,linear,4,2,0.8193
California,TVAE,default,mlp,4,2,0.9147
California,TVAE,tuned,catboost,1,2,0.9080
California,TVAE,tuned,linear,1,2,0.9040
California,TVAE,tuned,mlp,1,2,0.8901
California,TVAE,tuned,catboost,4,2,0.9091
California,TVAE,tuned,linear,4,2,0.9046
California,TVAE,tuned,mlp,4,2,0.9474
California,DOPE,q8_selected,catboost,1,2,0.7048
California,DOPE,q8_selected,linear,1,2,0.9611
California,DOPE,q8_selected,mlp,1,2,0.8660
California,DOPE,q8_selected,catboost,4,2,0.6996
California,DOPE,q8_selected,linear,4,2,0.9602
California,DOPE,q8_selected,mlp,4,2,0.8693
