dataset,configuration,fit_seed,sample_seed,size_multiplier,status,artifact_bytes,wall_seconds,sample_receipt_sha256
Adult,default,23,101,1,ok,58346388,43.43611461413093,a4caaa0dc0d0bb1b6cf2feb9db701c2f23755d7ad31ffdf51b47ba56393a8feb
Adult,default,23,211,1,ok,58346388,49.93686973396689,adc576f4db98e73e2f932dd46fce2b55403f7f4bddebc05b9c74335f1e72c767
Adult,default,23,307,1,ok,58346388,46.40206398186274,1b55e93332868fdab127a83c7d1ff548178adf46744429a38f2bbb2c6aab3c41
Adult,default,23,101,2,ok,58346388,66.82967580202967,d47b94257644f22c65e63c499813ffb56bdfb399a5c696fda9f831c8ccf37bb4
Adult,default,23,211,2,ok,58346388,63.810313157970086,6aa316637bceb583a0a84244ccd3cf167d93b8f2f678cc5bc55230fa4e80a8e5
Adult,default,23,307,2,ok,58346388,61.82103972299956,cdcb8166c21a5335638de45ce805fab5bcb591f6f973864bec2ac363a7983b0d
Adult,default,23,101,4,ok,58346388,117.10039736190811,8712148e76c6587057903acfcb0bb9b349f654e9b06328fdbae16abbc31eff77
Adult,default,23,211,4,ok,58346388,119.62935538915917,73f9dd40f58738b136cc8b38b5303ce063bd594705b147d797c2595b61176e5e
Adult,default,23,307,4,ok,58346388,131.92866112687625,24576c2b2cda62b9583793bb91345f8fe5baceeabe5241e5367cf4d02ea0ebbc
Adult,default,23,101,8,ok,58346388,176.72506562201306,c73fab65d2d97c702f9edffa5980d5027d185df55a942a01c82b91ff2d49383a
Adult,default,23,211,8,ok,58346388,182.66387808299623,0703b50699185b6fb78c1113679f72c330f971ae914ab7c3ba1f1336d9c4b065
Adult,default,23,307,8,ok,58346388,181.24522475595586,c77c4f597d1fd32771374d1c4b8fb74817bb3128490b71e9424b59530b39f70a
Adult,tuned,23,101,1,ok,56353264,40.3887012610212,ec3769fa675276b8a5942a78fa6d37782f2d1cde5aadcf6348cb9b96a3218985
Adult,tuned,23,211,1,ok,56353264,40.949400760931894,6880fa06ebabdeaf54eaecc982755d22fa630e31ed1b7de70d96abde9e4ca5bf
Adult,tuned,23,307,1,ok,56353264,58.46759163890965,bd4154ca7def87f071c86b177ae16e6b598af630d6dbc65d0df49fc04d0a6575
Adult,tuned,23,101,2,ok,56353264,50.90446490398608,5838560bf9c13069b9a03b783b2e231d2d80be37dbdcd1f5e251c8e991a69518
Adult,tuned,23,211,2,ok,56353264,53.36022516991943,3709d5f1a9dacc67ec97fc92dc160c3fdd7efb991a7412df2e400c67088963e3
Adult,tuned,23,307,2,ok,56353264,52.789830768015236,6df48417c27083aaced44a4b00bddbe3449f57a687eafdf1036ef2b49428b2c7
Adult,tuned,23,101,4,ok,56353264,85.1131469339598,db533e6cccd9a3b577e9ea2eef4d4b76a9cf2822342ad23df95c446f9123ceb5
Adult,tuned,23,211,4,ok,56353264,95.23027555295266,d60b88b3af1cfc38fdaf2985cb1c01f9029f7ee1bdbff1f5db465abeddf7c152
Adult,tuned,23,307,4,ok,56353264,85.64733490580693,898e4afd7da1c6280b0819c8e348f759c2119fad4477e64c1bb53bcc4b996ae3
Adult,tuned,23,101,8,ok,56353264,136.6494737348985,b3ed9d41db750bed248896ab51c0dee46e67887fd2618136495852976c2c3b8e
Adult,tuned,23,211,8,ok,56353264,148.2528516689781,5069125ada66b82c36382fde03e86a4c106f46a6e6bd5ad17b0da1c686c9dad9
Adult,tuned,23,307,8,ok,56353264,140.70764060504735,90e88903d6e7c8e2bab07f91732271e322ac7ea7e6a527aa712c3bc05ce0baa2
California,default,23,101,1,ok,2126519,11.54753982485272,c65f5742b9694242f7ff236c7e2ca5ad77a6f604998fb620e1ea8d7ddc8a8948
California,default,23,211,1,ok,2126519,10.045716424938291,48bd909fbc7b78b66b0eedf11bd7461395bde68aa9cc8444bc1a3c8b74c6c3be
California,default,23,307,1,ok,2126519,9.532941800076514,fad56632bc2458c5bb72569db81221eabb57d067a6906cc4d621de0bd5c32021
California,default,23,101,2,ok,2126519,8.073369627119973,803d263445a65b27187243fe94dc84eaa7f4d98fdbe36659b0cf989f1bd1354e
California,default,23,211,2,ok,2126519,8.057493810076267,bfd49cb7982a090e01283847ded8f4b73dcd245aa61df9ab5724c63e62a2926c
California,default,23,307,2,ok,2126519,8.072150848107412,e0647b1f94af722940df1236cb1d91694a51ddd2c417a51720495cf6f74c6b95
California,default,23,101,4,ok,2126519,14.10118342610076,d46bcc77859dec6d96ca17bed7df48a2d2221f9cffe51731befa74e2c84c9b57
California,default,23,211,4,ok,2126519,14.602390991989523,a0a3b8829eb16917eed803f221003d082e2f35c294163eeb544ce9cdf994a883
California,default,23,307,4,ok,2126519,13.121620744932443,233b145b9fadd37ca90aab862e98cb5755b5bc918d8c3e8571b4f0a509d1d598
California,default,23,101,8,ok,2126519,21.188564750133082,29df814c6333f975118d8d41bb4da1c6733f0d95e4980f631e372a3fa8655196
California,default,23,211,8,ok,2126519,20.71380651788786,97cbe7275b4a9927aafa4ce8b2853b82c621c56ac2aa05c551d490beda926195
California,default,23,307,8,ok,2126519,21.219608168117702,f5275e9fc0c71ed4287c0149486a2a65adf573bf0a22b793384e048c3bea0d1a
California,tuned,23,101,1,ok,2126519,10.058622837997973,4bdc0abb8ea5475da32fec411dee1847291641bf05a8e2bef4c3054f30d57a6b
California,tuned,23,211,1,ok,2126519,10.552675689104944,bbf3303b7d60aa68262a5310e7b74f3e47e18d7dda929c89094465992dcf5843
California,tuned,23,307,1,ok,2126519,10.030179472174495,bfd43c6ae5dd3e0f736b8e0a8352f31d285e47aefa6ba04321843cea7b54ebf7
California,tuned,23,101,2,ok,2126519,9.07660073111765,094a6634e7cf551fa5126ad6553b87abc6daec6ca1304f645db8bd05e7255b57
California,tuned,23,211,2,ok,2126519,8.07233537407592,8a4078101f5e8949b1acb334161930be3e6fd2b0f6e2a2917f3afdd4248541e5
California,tuned,23,307,2,ok,2126519,8.071967690018937,d60f7a2d217bce997f03199faea6823cc80d4286dfe77f097579ef57a108c7a9
California,tuned,23,101,4,ok,2126519,13.119247556198388,629869e5b4c50aa03ae2c45ec6bc223ca62e011beb3ea4462de451f796c3bae2
California,tuned,23,211,4,ok,2126519,13.11893532704562,5c8079efe3a8e76ec88b9e93ca4b0dd86c48e152b868ba6e982d98f2b2e9fad3
California,tuned,23,307,4,ok,2126519,13.101862499024719,cd49f0607ae6e5e1ed6183ccf6da3e41fa286bf3986e58e48de311d01b0d2861
California,tuned,23,101,8,ok,2126519,21.211971967015415,f458ea3cfb3a184148261024c64f62195bb9c8e93d04252a5c09f460f000d4f6
California,tuned,23,211,8,ok,2126519,21.73039002297446,cfbff3803d9fec3ed7e8495ac667a13b94c6c96a9bb2320729c3d3e09d8142d7
California,tuned,23,307,8,ok,2126519,22.714799233945087,2262d4acf96441601446bb79b634d2a210173d0f18f06b294b7aaed1e5b98ec6
News,default,23,101,1,ok,139417230,74.31330281402916,59e509083479bbe02716b2dd8ebfacdbcb20abd2fd40beb148d4417eb0a9a213
News,default,23,211,1,ok,139417230,65.28460735711269,be0b324ba2a194ad4d7dc31bfc0871c01d15735cbac54563eefd3f9867272030
News,default,23,307,1,ok,139417230,60.28025616100058,4ec5ed286a98110e64a8d35c64b52676dbecf1d876dfa370364dca19d153311f
News,default,23,101,2,ok,139417230,94.14205339411274,939e10313bea4ce2bddd60631c5c45f10d605150ffe6c6c8949d3e091991900d
News,default,23,211,2,ok,139417230,97.06812077597715,f005128c8a489a90fa44e2ea78aa40b1a5f8aebcd5c5d8af77a4bf9a8ac4ff33
News,default,23,307,2,ok,139417230,96.56271137902513,8e7f1444df56f245ca98afeb18f66723481c08283cb3176e17c76112a26527f4
News,default,23,101,4,ok,139417230,159.14511577691883,1dca8b24eae9d45f88605d4e3845534990fa6231ed57c5407bc7ffab84deaedf
News,default,23,211,4,ok,139417230,152.1290858190041,1f90d7ecc6163a9bfb9fc6236c09fa18b80b8c8f8af64242d988f06ff0df2d89
News,default,23,307,4,ok,139417230,163.59864853299223,e30c10273025bb7e448b31f872d66bf21c7950d63e2aef98d018b77658843f20
News,default,23,101,8,ok,139417230,281.68542501493357,94071e0e9901e7dd7e7bfc077331cad6f1b1b91092d2296261c5d598397f1a6a
News,default,23,211,8,ok,139417230,287.8718687139917,6c5baf3b7810db6e7153aef1dd173f81e88ab7933f6c88441204bfa58e41129b
News,default,23,307,8,ok,139417230,327.7736964779906,84aaa604b5f356411da9980ced94d9740b49989ba024fd65f7181726384dec90
News,tuned,23,101,1,ok,127647802,40.271953891031444,4c9f1a3f6696005d729a151cf6c0ca7ffbb6a471b3ff08696a7a1380f061ba9b
News,tuned,23,211,1,ok,127647802,38.269968347856775,8e26b6355d1a6f93714614b27971669911dbb4143979ec5b7845240d1682e983
News,tuned,23,307,1,ok,127647802,39.77069203695282,4bcc76ebd91f879632e4b16d537915dd56ce66fbc905b06d1673a7ffb741be5c
News,tuned,23,101,2,ok,127647802,56.051270389929414,3eb7a0e022e4a3686868dfffb08c7526255fd6d7aef8c32edbafaf630fef0785
News,tuned,23,211,2,ok,127647802,55.54318608879112,6643e73e1fe06fc9a3502a3e752bb189142d68f5d499e7a3b95d0c369ab1b69c
News,tuned,23,307,2,ok,127647802,56.04993811203167,19028db8fb9a4614f682c1dbc2b09d2b5c80832372bca69d40dc4f58638bae75
News,tuned,23,101,4,ok,127647802,96.10600501694717,e9ba6cff285a3a08ac71e1eb95d58931bda994cd1ef70184ef1dda27479a4104
News,tuned,23,211,4,ok,127647802,97.61266638501547,16f895593a22527297003a4b74d3799084742f9a30fdaf172c331d1ab5655807
News,tuned,23,307,4,ok,127647802,92.58494612504728,6a33bb04e1f03fda4804cd8abb06a4b6287ee65e84525cfc32ad94fbc416ede4
News,tuned,23,101,8,ok,127647802,168.68312741699629,a53c7cfbae491875b9fbd51f05510dc3892634900001991a69c63a7a2644b5b9
News,tuned,23,211,8,ok,127647802,167.24494545301422,e58c066de9c691a175996feaffc83f2f1aa52d83b84169a228c2f4ccdcb50a87
News,tuned,23,307,8,ok,127647802,167.6194356919732,aff570cdfcd1fa3689c342f5124c57448c224a3568ca16f0b7a2aec940a058d8
