dataset,configuration,size_multiplier,paired_sample_seeds,native_validation_kpi,synthpop_artifact_bytes,dope_artifact_bytes,median_synthpop_retention,median_dope_retention,median_paired_difference,synthpop_cells_with_exact_copies,synthpop_cells_failing_copy_gate
Adult,default,1,3,0.02334907470929232,58346388,6337,0.9268918421642348,0.8274901590089087,-0.10218922443625611,3,3
Adult,default,4,3,0.02334907470929232,58346388,6337,0.935581314212427,0.8292631840397952,-0.10531868488830676,3,3
Adult,tuned,1,3,0.02122225964287003,56353264,6337,0.9254794221278856,0.8274901590089087,-0.09798926311897693,3,3
Adult,tuned,4,3,0.02122225964287003,56353264,6337,0.9302706943238577,0.8292631840397952,-0.10181278510707248,3,3
California,default,1,3,0.03582840923440529,2126519,2525,0.9588391137440895,0.7008301580402535,-0.26090220599457503,0,2
California,default,4,3,0.03582840923440529,2126519,2525,0.9650699232780705,0.6947729626993968,-0.2716163976425028,0,3
California,tuned,1,3,0.03582840923440529,2126519,2525,0.9588391137440895,0.7008301580402535,-0.26090220599457503,0,2
California,tuned,4,3,0.03582840923440529,2126519,2525,0.9650699232780705,0.6947729626993968,-0.2716163976425028,0,3
News,default,1,3,0.14516035731115143,139417230,9205,0.7312012181509752,0.32865023751158734,-0.3951467252717392,0,0
News,default,4,3,0.14516035731115143,139417230,9205,0.5328452687347984,0.3108724768441581,-0.19675583740935165,0,0
News,tuned,1,3,0.13575565918592106,127647802,9205,0.641883176611115,0.32865023751158734,-0.3132329390995277,0,0
News,tuned,4,3,0.13575565918592106,127647802,9205,0.7420970946861071,0.3108724768441581,-0.4280908057224858,0,0
