dataset,method,configuration,fit_seed,sample_seed,size_multiplier,status,artifact_bytes,within_l3_bytes,catboost_retention,linear_retention,mlp_retention,exact_copies,near_copies,real_control_exact,real_control_near,c2st_auc,sample_receipt_sha256,metric_receipt_sha256
Adult,CTGAN,default,11,101,1,fit_unavailable,,,,,,,,,,,c55e52aaa87a7e92c0369c7039cccc37e7498081461a77faf1e6300b207a5428,
Adult,CTGAN,default,11,101,4,fit_unavailable,,,,,,,,,,,5032d4b24552c80d0a6481f79bec5cec0344ba5863b91b3bb7974b72851806c8,
Adult,CTGAN,default,11,211,1,fit_unavailable,,,,,,,,,,,6fe3a2713c375fe8367644be79c0e4da365d314fc191ba50e87109fe1e617ed9,
Adult,CTGAN,default,11,211,4,fit_unavailable,,,,,,,,,,,7c4bf7d98a2c6c63e44c36bc447883b0a0e1324ada63f2927ea33d1e13f96915,
Adult,CTGAN,default,11,307,1,fit_unavailable,,,,,,,,,,,fef8ecb724e21e6fe065229c96c94fa1d06497f9a49e03f91423a2eeb59b74ef,
Adult,CTGAN,default,11,307,4,fit_unavailable,,,,,,,,,,,bae62c0adccb4b5e3629de36957aae4ba2cf59f339641a4a14086a231e78f635,
Adult,CTGAN,default,23,101,1,fit_unavailable,,,,,,,,,,,,
Adult,CTGAN,default,23,101,4,fit_unavailable,,,,,,,,,,,,
Adult,CTGAN,default,23,211,1,fit_unavailable,,,,,,,,,,,,
Adult,CTGAN,default,23,211,4,fit_unavailable,,,,,,,,,,,,
Adult,CTGAN,default,23,307,1,fit_unavailable,,,,,,,,,,,,
Adult,CTGAN,default,23,307,4,fit_unavailable,,,,,,,,,,,,
Adult,CTGAN,default,37,101,1,fit_unavailable,,,,,,,,,,,551bc9527fe3f5b24563a4838cfd9236610791eae1c22e966e7d986d000fa55b,
Adult,CTGAN,default,37,101,4,fit_unavailable,,,,,,,,,,,d0c58ad9ab34e9e5ae3ce1574021631a889c24a25bcb5fd1d50510b82bf06447,
Adult,CTGAN,default,37,211,1,fit_unavailable,,,,,,,,,,,e3a46209875ac8ed982a36dc014b8ded9beb947f0581732383c3d9ed9d2a80ad,
Adult,CTGAN,default,37,211,4,fit_unavailable,,,,,,,,,,,482aa4a87d8a506953155423fb5a855651fa929b84a1d1077e85c478bba84930,
Adult,CTGAN,default,37,307,1,fit_unavailable,,,,,,,,,,,93c89cf64261e5b537fea73e0d3ef5f32159dcab20d3e9ea4ced65eaa050ec1e,
Adult,CTGAN,default,37,307,4,fit_unavailable,,,,,,,,,,,6422490e6511f94d83c5c9aea907397e8fc1a24259f8dcbc73028f9d3d2298c9,
Adult,CTGAN,default,53,101,1,fit_unavailable,,,,,,,,,,,3c47c7595b698f56f034e7ceabecc7a33a218f24aac75774d0a1e3838792526e,
Adult,CTGAN,default,53,101,4,fit_unavailable,,,,,,,,,,,27f3db903cb44e22f54d380ce02352e08135570dc6b7bfa52cdfc4a41d7aafc4,
Adult,CTGAN,default,53,211,1,fit_unavailable,,,,,,,,,,,8938c1c2c8ff50dadd69f2049a8094b1eb2c00bc849d67f17b924ab6ecb28acd,
Adult,CTGAN,default,53,211,4,fit_unavailable,,,,,,,,,,,a61eb310568adc278ef94e82f0425e60be6cb2f0b94628ada3cb09f7b31ac4d4,
Adult,CTGAN,default,53,307,1,fit_unavailable,,,,,,,,,,,8c6894e9c751f323c54ad73cc81a66bb031be1498419bfb5f6d8cd990b75447b,
Adult,CTGAN,default,53,307,4,fit_unavailable,,,,,,,,,,,6151e36b8d2e914f9ff50435ca57c595a85ec2fde9facfc196e08b81f9c09ae1,
Adult,CTGAN,default,71,101,1,fit_unavailable,,,,,,,,,,,de527be80f86cf0cfa6621b7fda2afc55b35e130e0cb3b58b289e071d89dfb03,
Adult,CTGAN,default,71,101,4,fit_unavailable,,,,,,,,,,,4182dbad3e200328351cc3f181c5bcc996d13b5ec97dba34e9d5f98b2f6e595c,
Adult,CTGAN,default,71,211,1,fit_unavailable,,,,,,,,,,,5aed832ed7358dfc0e3c5a50d837625a15aa398130457ecae39ae8c941ff79ed,
Adult,CTGAN,default,71,211,4,fit_unavailable,,,,,,,,,,,2c6ff12e57a990976c4f23c62f2b6b7a769656aa9f6d698c08ecd65c04137ef6,
Adult,CTGAN,default,71,307,1,fit_unavailable,,,,,,,,,,,7bcf96ab93ddafa76e786cc184de3a82da13da1a51c84d9745521db0c16a1b0e,
Adult,CTGAN,default,71,307,4,fit_unavailable,,,,,,,,,,,3fc093710261de6b9aecf4f467957fb3ecb2ea7d710e2eb58c36d08e581e3175,
Adult,CTGAN,tuned,11,101,1,ok,3032318,False,-0.13076872777277546,-0.08042554981455496,-0.11761197773579751,0,0,0,174,0.8975952821636324,2c370592b55609314b9de19d01ea78ba8a7ce15d74f0093b3e98fe827f2d3aa7,e92200856a2f17c1e00d232fca81da8a670d7b945ed445f8f06cd8ca821258cd
Adult,CTGAN,tuned,11,101,4,ok,3032318,False,-0.12551312351813765,-0.07799867852426333,-0.15669076606849378,0,1,0,174,0.8975952821636324,862edbd8e12fea15ec169ef2422828cac9955b076b86d43a8120a7a518c0a064,b7b6486e33ac75b9db4882c48e8c95ae7b9d0b8e22e44158f50282704d9a4864
Adult,CTGAN,tuned,11,211,1,ok,3032318,False,-0.11768153975882095,-0.09164674766194944,-0.15466414902249298,0,0,0,174,0.899332835990028,7192297be80d573dc0321bc24593fdfc362c18db673e3de625bf06f7fbddd903,f6ccd19ce96424d17cc03dcdb0ec914fcf11bfabf85fe9be9847664ca0e4129b
Adult,CTGAN,tuned,11,211,4,ok,3032318,False,-0.13472763204719515,-0.10307541581008095,-0.1602989425237692,0,0,0,174,0.899332835990028,a2325d398a1af5f669d3aa8d72a213a2b7ce9763a62bf0e5811c586b97f6f3f0,aa4d5a56d274b7dba17f478c3a634a2002eabe29d760eb61a19ae5cf71cadd6b
Adult,CTGAN,tuned,11,307,1,ok,3032318,False,-0.1284773841055401,-0.07370819195035165,-0.08159677094549034,0,0,0,174,0.8992517816222205,7b94b0dc0a5b7c480eea78b2ab23e3aba011b99411c3c59ed5e7875a0ccf49a5,88bea74bf452d72dce77d133d9803401b8d185c8ed9db2468586cc4dd35256e5
Adult,CTGAN,tuned,11,307,4,ok,3032318,False,-0.13087492082713964,-0.08708734508890432,-0.11380361754153974,0,0,0,174,0.8992517816222205,09ae9d60d111149fef385589b62e27f68ffacad45b3836642d7c7c11b438289d,8f3ed0a54ebd084337469bef73dd70ab8e19553e3cf1338d6f5c2ba51ef510e8
Adult,CTGAN,tuned,23,101,1,ok,3032190,False,0.013923686754912595,-0.037991764574434754,-0.07195733754702108,0,0,0,174,0.893484330538138,1dbba1f161d5d54784b2872bb2260f73a6d40a02b82ba095fa405aa2e3f97360,1dbba1f161d5d54784b2872bb2260f73a6d40a02b82ba095fa405aa2e3f97360
Adult,CTGAN,tuned,23,101,4,ok,3032190,False,0.009932394502333576,-0.031310908175479164,-0.0436482590529144,0,0,0,174,0.893484330538138,adedc63c2cf756be6834c8ee986bd3757287025ac2266b4479a6242f48300e45,adedc63c2cf756be6834c8ee986bd3757287025ac2266b4479a6242f48300e45
Adult,CTGAN,tuned,23,211,1,ok,3032190,False,0.04588821806442856,0.01553537877277398,-0.025931224474655908,0,0,0,174,0.89469673600094,524a2eb5e3a032e3427ed9542a6fa7698c9bddbd2aca9e6d653fe96130a1a0e0,524a2eb5e3a032e3427ed9542a6fa7698c9bddbd2aca9e6d653fe96130a1a0e0
Adult,CTGAN,tuned,23,211,4,ok,3032190,False,0.025424773340582504,-0.012576596162225697,-0.04172790361273629,0,0,0,174,0.89469673600094,f9d98c6113b41f75cfbf989d11f9cac1b2808534e100586839ac5ffa989fba9a,f9d98c6113b41f75cfbf989d11f9cac1b2808534e100586839ac5ffa989fba9a
Adult,CTGAN,tuned,23,307,1,ok,3032190,False,0.011754623783527427,-0.027703169123594936,-0.10150952546484805,0,0,0,174,0.8965525924806728,f360652d2f1f35b02aa0b2ee0d503be8e848734ac9e8e1bdb0572393f857dff9,f360652d2f1f35b02aa0b2ee0d503be8e848734ac9e8e1bdb0572393f857dff9
Adult,CTGAN,tuned,23,307,4,ok,3032190,False,0.01714942253960577,-0.03223212530660178,-0.038284667887374564,0,0,0,174,0.8965525924806728,453b25fd66bfb092eff74edd25f3e7610abf28a540cf100391d4e5750544012c,453b25fd66bfb092eff74edd25f3e7610abf28a540cf100391d4e5750544012c
Adult,CTGAN,tuned,37,101,1,ok,3032190,False,-0.3160575883817183,-0.40763062126589256,-0.3481185999572786,0,0,0,174,0.9140372524825197,fdac569e861c45d3af59ae0db9b1b7711e2e4a5675ff5c22487008170ad2164a,e0cfdaa92d52603cb3ffd4190ff4baf8f098fddc0a3ffea8f34489535106ef9f
Adult,CTGAN,tuned,37,101,4,ok,3032190,False,-0.3462360719594268,-0.4333728817442948,-0.36566143032344717,0,1,0,174,0.9140372524825197,902a88a3bc6f9baf08fb933be850ecf29e7a22eae56efac02163b734cb7ba3a8,20c175d82a8a90662b71151259233a4f5bbca50e29369ad6114b5dd378df1e17
Adult,CTGAN,tuned,37,211,1,ok,3032190,False,-0.37024547908708666,-0.44259725119208965,-0.5277555574969581,0,0,0,174,0.9127931072834561,deaa9b25b9eeac856d1e9448b7f4c5f7ca0530016101b74561bbf6aadb70f6c2,2a3d4a207c608dbff6b882250519a3100a382781115ae8f16e5585d3094f2744
Adult,CTGAN,tuned,37,211,4,ok,3032190,False,-0.3627435149033185,-0.44935874546054977,-0.4353099953023307,0,3,0,174,0.9127931072834561,ec1dae5b9a5284591ad0179ca4115b35d2f1c1b10a348879f8b5d34ac4b7ed23,20abe3ded44f0f9cb4a3b78147ca750bc55032f4be3bb31b76e22fce429ff621
Adult,CTGAN,tuned,37,307,1,ok,3032190,False,-0.38829540477372243,-0.4658407087379161,-0.41260831171412515,0,0,0,174,0.9215346503487698,e57d332c95e721af2b3836bd9af8b0b36bab56eacb4ede81be93746e09d617f1,4963480b75ac6b0c4f34b643a90bd8f0ba14f9f09c57d69c321d92227e18d5c0
Adult,CTGAN,tuned,37,307,4,ok,3032190,False,-0.3682038982299967,-0.454003034497336,-0.4300664341823069,0,0,0,174,0.9215346503487698,b01d08d307746c828aca74ddbb27b629d7ff6c80360347d6188c6880501d0a19,7e3469b4f48369fb4bd8cf001ddabc66d73c7327f2590bf4f32f7f0ea627bf4b
Adult,CTGAN,tuned,53,101,1,ok,3032254,False,-0.18747913550206546,-0.23307050737564117,-0.22855831296345583,0,0,0,174,0.9222822391780615,345631f0481f12d8c812b269af82b622bb914626a8d8e3a8beb9b45fc0802e6e,cb9f489f3486487b82eaadce8746186cf40318e932d6167c8cde0dea27eacef5
Adult,CTGAN,tuned,53,101,4,ok,3032254,False,-0.16782601991146437,-0.23242031277749936,-0.2005458356262061,0,1,0,174,0.9222822391780615,c5fe9c3c4319f50e674abf4be56c73de0a7efa400bb012f6a9a882c9be50fd22,2aff633e23dba3efff743c33c4bb25287cf294f8610c579ee6fe31db57286c4a
Adult,CTGAN,tuned,53,211,1,ok,3032254,False,-0.15687599463000867,-0.1935992239393788,-0.24228341905583195,0,0,0,174,0.9224141820486348,e4dcc454c372f7327a2419c2a985452fc9e6dc724472134b10d3c3eeb4bf1e39,774fb103d53c46c13e050008e82b59ec547861b4f4ce891e651c5579671e20c2
Adult,CTGAN,tuned,53,211,4,ok,3032254,False,-0.1711380060631693,-0.230316552037396,-0.25853408997779825,0,0,0,174,0.9224141820486348,ecb2ee91699e0085482d6c25062d79a11de920010424a6864df980b3b0962f96,82810118d8f4974afa6d24a64e464c692dafcaa5c8d1172a425eb1f9dec770d4
Adult,CTGAN,tuned,53,307,1,ok,3032254,False,-0.17037842832440186,-0.27638665626004805,-0.23030834112253437,0,0,0,174,0.9309854847103656,b46eccae8247a7af781b11e8f8a1ceb16b0420710aa694ad77d390977c87dade,0a30e35ea59138dbeb990d968ac9f30300bd9c67b1b3979d0c24cccdccbd4e87
Adult,CTGAN,tuned,53,307,4,ok,3032254,False,-0.18928731813874056,-0.25960173031149514,-0.2752526288452716,0,0,0,174,0.9309854847103656,23bb5afdab5e15cbe5c75cfb4cf7333c719cd95074adca3c6b7862a772e19f6f,6a2fd2f47366a73fbb92df4317607951d3a0b50372ba7d69af602f73cb02e5a3
Adult,CTGAN,tuned,71,101,1,ok,3032254,False,-0.3156527061956444,-0.4651028816593505,-0.3833512703189626,0,0,0,174,0.9305379806602705,2b17ab86b97e3097ed7766cd813de3eeba05ef9b8e2d8e4a94c2b79033da1574,8d29b4a022d30f3e1cd57021f37ffd44fdc78207962d108b20b2959423dcfcf7
Adult,CTGAN,tuned,71,101,4,ok,3032254,False,-0.32290129178096294,-0.47733943570381315,-0.469087833198242,0,0,0,174,0.9305379806602705,97242408bdf8fdc886da16595e2bc01291c0c4e8b62c7e36463be5d3ff3bccdc,3ec32f84e8d54eb0edf0df7da9a0035617a910699d0454aaac1a97721e756fa5
Adult,CTGAN,tuned,71,211,1,ok,3032254,False,-0.320856550765897,-0.44169066268574664,-0.4244595166833276,0,0,0,174,0.9284751601151653,dd4689e1c4cf6ced23523b36432d5a239b6048748c7932e60aa559f3c6f49af2,ae0038ac8624a0062b28b2bd942bf2afbed4bc7641a68cabe675f0917f7442af
Adult,CTGAN,tuned,71,211,4,ok,3032254,False,-0.31858561462839297,-0.4506733088217898,-0.46413924847129523,0,0,0,174,0.9284751601151653,a4f3b05918adf46841962730a15ad7142b2b4b531e7ee188be45af18573c0635,39e9ac228d870e8c08a07fa6d55d96bb1248e5a92b49eefd2e71d40fdb0ac459
Adult,CTGAN,tuned,71,307,1,ok,3032254,False,-0.3545767299563304,-0.5036138024903143,-0.537759246828854,0,0,0,174,0.9317734695676261,d4dcbb519784675003ba36048f508dfc125a136b03eca29967e054ab057a2f2c,dc4a72b3f816c347466d1eee3551e462e18efbd84ee66c75559a864bb2eab2e6
Adult,CTGAN,tuned,71,307,4,ok,3032254,False,-0.34370874480370717,-0.5169648918627893,-0.5112809701962838,0,0,0,174,0.9317734695676261,91759c3ebf18865bd0789ed3fbd29aec7e753375dcda6372891908f6c44f584b,2f98f5794baa2538c4ec3065a63c6f8efad172d0f07e999e060fbe097af8af47
Adult,DOPE,q8_selected,11,101,1,ok,6341,True,0.8347951803929868,0.9017889357491665,0.9135595628806609,0,4,0,174,0.5629642920097706,50b276ea73430630b8ab70d60e4db8f64d307b2140b30460a0f98c74aa08b133,4df582c9fde132479bd6cccff348be75f4f88cd49b9c4352719a51d8e397c18d
Adult,DOPE,q8_selected,11,101,4,ok,6341,True,0.8309395634322297,0.9154472422390192,0.9127904212080513,0,10,0,174,0.5629642920097706,4992efe3dc42ce481561454be27b634b90a7b6bbac6e935d27b69e6403cdb68f,0519c1b1f540cdd09f834794a9c6072761d14461e221b22402cda758cb6afb0e
Adult,DOPE,q8_selected,11,211,1,ok,6341,True,0.8232009143675629,0.8974136692321619,0.8953760853275046,0,0,0,174,0.5712585933368588,160e5e64bdb74f5a542e2318887fe0d16a42aa1f1943d68473a845eaebaf868e,44a5afe033e9facc6705d801d50fec020c51227b19c9594bdf51d43aabce14af
Adult,DOPE,q8_selected,11,211,4,ok,6341,True,0.8303065891377505,0.9193098294349425,0.9219452130452582,0,4,0,174,0.5712585933368588,5e68d323f0141460bc54ed6792168b22cecaf6e4729900380617e7ae7577222f,43131e8c8f2e26c582d253f57b359193e10f440eda93384957fc45a3e4d4a32e
Adult,DOPE,q8_selected,11,307,1,ok,6341,True,0.8106105975525421,0.8887874435095576,0.8966482557598078,0,1,0,174,0.5699276229088498,968d8fa2d47682b80d9a383c0dbb18f51b580d07f737ac4a753b1a2c258f1d97,c945c885c43ec39174f3e3e628a8badadf84e9fc5df890eedb5374a166b92219
Adult,DOPE,q8_selected,11,307,4,ok,6341,True,0.8291073349550538,0.9149083647275427,0.9132182596814599,0,7,0,174,0.5699276229088498,9b6cd25a29b3e1cb32094dc46815053d3b5f5eb4e726d7b9a590cbbbc95a673b,f5054f07be9fb3d871b8614335ffd64ce07d7358a92603192af049d0a0f81dfc
Adult,DOPE,q8_selected,23,101,1,ok,6337,True,0.8336282557477998,0.9143440991850386,0.9188051724885866,0,4,0,174,0.555658119496697,07620f93f1078fe6af015eaccda311998422bc12286f56a6d20b6d458d6fb46f,23a25c07b3e0af5da02211ac78904c2d0b1e58c768e1dc512699435dd3c6e031
Adult,DOPE,q8_selected,23,101,4,ok,6337,True,0.8292631840397952,0.923055835359612,0.9068092968127686,0,10,0,174,0.555658119496697,b154501797fd250f87e27437bec2f0f4438e2e55e980d6079ecb6dc186e069c5,08f8bb6ef1c7bdd323572b14102c1e8b47123766eb7f910fba89e7fa26e3c3d0
Adult,DOPE,q8_selected,23,211,1,ok,6337,True,0.8274901590089087,0.9105545794991158,0.8843316020571658,0,0,0,174,0.5617587066555867,4a29c57df7f9606f30f2338ac33b774faa73e8f2db84508b3f53cf74591436e9,fc702e14c10abacf6f74a33fb00693ae6caadc14e48227401ad6c4f2dc59db25
Adult,DOPE,q8_selected,23,211,4,ok,6337,True,0.8284579092167852,0.9252150460131006,0.9104269560112166,0,4,0,174,0.5617587066555867,72a03f46bd66b7648a177833b98ac610b596b8437a4c1fe1520b4aaa72d2a894,4f941d2255e2efde92d2400422a335bcac7273e6b10a9f1af69a09f2f9698219
Adult,DOPE,q8_selected,23,307,1,ok,6337,True,0.8156864099033972,0.9008459023883832,0.9043980089077767,0,1,0,174,0.5561599221038671,e8c499a68a978637e451171d2d28bd2885fbd07f8f0596102e9f1711eb21163d,2618c75f7cd4c36adbb266caef135dd034cc96a70cad2c97561ca5fbd9e70136
Adult,DOPE,q8_selected,23,307,4,ok,6337,True,0.8302626293241202,0.9192666348320994,0.9247707987330569,0,7,0,174,0.5561599221038671,487e3eac1749718942fbaad1b720d05bbcd0ec7d2b56858578e9939fa8fe2d4e,f52ae46b33696a2287b328c12164cbc241f1212f80fb32ab04f8a6d727d39646
Adult,DOPE,q8_selected,37,101,1,ok,6338,True,0.8322412801736511,0.8988271625638238,0.90142513398466,0,4,0,174,0.5669873691588393,11c17037779a5cf59e9a2bd5131bbbadb318999d3f4e942e1a2535dd2db98a75,159f138d23a7f4dd7c8b3fc38af60eb621ef7fcbeabf4b4b135ed8957e52bb82
Adult,DOPE,q8_selected,37,101,4,ok,6338,True,0.8279763242438155,0.9123396040919509,0.9128545243908451,0,10,0,174,0.5669873691588393,bebd5972363292ac62de5e64d08d2db7f69d2694daa5ba7a21e77392ec6e3f41,528f88fe10fdc24fb2e48bd69dae283bdfe89a4779e1657e2ff3035efebd3e6b
Adult,DOPE,q8_selected,37,211,1,ok,6338,True,0.8184474577936158,0.8985393795328485,0.8353705025073918,0,0,0,174,0.5730113612517103,9159bee24770bec300bdd4e8e219d82e012f4d0df5451c59bdc830eae47e93bf,5418fdf950d84518e1bc7b93dce9c1ef9dec7e0bd1b9f1fb5c0f60b734e6e66b
Adult,DOPE,q8_selected,37,211,4,ok,6338,True,0.8274087329303064,0.9203792930185093,0.9186814941685035,0,4,0,174,0.5730113612517103,09e5234fe0d9169e2d3a0cbb3a7b0866143b1d95fabc2f124d272a1f028e216d,a2a6b3642cfaf0912d74587eeb8930a125dde7d4ed01f30fbeb0aaaa1f1c7627
Adult,DOPE,q8_selected,37,307,1,ok,6338,True,0.8085188481435662,0.894812978956063,0.8925718578134391,0,1,0,174,0.5743056080179296,e2461383e4660f4023939c5c49e0613c6b61b8223a4b48d91d087ab2092d6c88,f26b7d7bd4f9f1be6d93f024ea9f95f06bef6240996108ef5bc2f19b9cd311b6
Adult,DOPE,q8_selected,37,307,4,ok,6338,True,0.829723101584227,0.9166619519928617,0.931343518459514,0,7,0,174,0.5743056080179296,e90d14108f6d4dba523b1f8d483be1eb573c2e2f92f7423f83113ad59113033c,0daec6bd898bec3bbd96bfec6a9ef92ca51d2858ba75a6dc49f68af98d53c03b
Adult,DOPE,q8_selected,53,101,1,ok,6335,True,0.8378687500477384,0.9179797411879327,0.8898595620158654,0,4,0,174,0.555518307270026,39702d5e0cfda0edcd3b9e22ea56a5c4e5975e4e3325dd096b6e547aa4275ee6,e44c0f1a768f611d12fc5c6e7c8e724825a15b0a725d9d1c498d5b37c2d619e4
Adult,DOPE,q8_selected,53,101,4,ok,6335,True,0.8311478151862096,0.9265466465737702,0.8949246554259246,0,10,0,174,0.555518307270026,7fa00715c2d738d25821df5de29a323a3c94ae915b812c166b25ef12fdee81ab,38cdd4a5330a857b80c4c6d81155ab98b615fb9fa7a8c42d184094e6eb8ecc6a
Adult,DOPE,q8_selected,53,211,1,ok,6335,True,0.8176462674149934,0.9099438101667866,0.8731345113090817,0,0,0,174,0.5596384398109675,702b3b5bacbd2b8876ddb069945766c2d98707559a098792cde90cba282e93b4,be33feea5ff2a82c7c11d973ae823d52b3f26ca4f16bbf286170cd4e5d46ec64
Adult,DOPE,q8_selected,53,211,4,ok,6335,True,0.8286632162653733,0.9304353344008833,0.9154566422969453,0,4,0,174,0.5596384398109675,872f3148bdfbaa61b6883337050ffe9c140f8ff2f20a0dcf3707701624934e62,66677fd99cbb4948251d13799e023f46a6fd1de2021878e09ec4889626345c39
Adult,DOPE,q8_selected,53,307,1,ok,6335,True,0.8101831334540642,0.9054682494799736,0.8970481847323586,0,1,0,174,0.5567509107468124,dec2b3fec8c5da52c115a3c40ebea3453a7bf75cb3a911503883b5b589e25e89,476199b6c1c5d8616fc9619c11610232174a7c559da796a76f93d34457e941f9
Adult,DOPE,q8_selected,53,307,4,ok,6335,True,0.8272835020122311,0.9265993094208329,0.9190700781650615,0,7,0,174,0.5567509107468124,c7a4948f364b2ba45b21eab878dc04ecf55adffe8358c35ee17d6ff3ca346ca5,63cb304f81fe05e328d0e4f5f2f5520561c628fb763bc12031da6afa3f51e374
Adult,DOPE,q8_selected,71,101,1,ok,6342,True,0.8411022669128073,0.9084527396690807,0.8897882071618319,0,4,0,174,0.5645481310803891,4698a126ca01624115a6bae8cdcabfe349c76b2cfdb5ff71fbf39edf5ff229c3,fd4c010a6603220c24dd127819db0bf40e9b11f2f10b8e059662da31dee772c7
Adult,DOPE,q8_selected,71,101,4,ok,6342,True,0.8281538797623447,0.9171481535126996,0.922765682796856,0,10,0,174,0.5645481310803891,098ae2798098e8aab5b5be256128688b378b95a5ad34e3680d7b09a8b68ebe96,8fad7f1d74878b3b02ac2762220754e042eef5df07f35dfdc77586200f8609e2
Adult,DOPE,q8_selected,71,211,1,ok,6342,True,0.8234853006858575,0.9007828045363409,0.888777551567784,0,0,0,174,0.5724300781479523,1c8b83c3df0f961e36c045e46a1715057bf5732bc00c1e9530034e28dae1d8fe,a561a3c5278c02a21f97dde42549858b6b16a4cdebe2c9e451964fcf4a656af2
Adult,DOPE,q8_selected,71,211,4,ok,6342,True,0.8289012405656382,0.9201968885868678,0.9039294098120255,0,4,0,174,0.5724300781479523,101956d440b37d678d1a7a9d221423e04e1f45d93b095c0502e50f8f13e23693,f4242454fdcb106c8555df4292c11008ef009d1f2750d558a632c305813bd1d4
Adult,DOPE,q8_selected,71,307,1,ok,6342,True,0.818380091828926,0.896996103687246,0.896907888576368,0,1,0,174,0.5707908912727792,cf14906ac5f4366680df25247a98b5f447293bdaef43f725538d42193dcad129,55c4c05dc8999f2bfb56b3c2e00b50ae1a93d7a106c36aa2cd11525668f1db1d
Adult,DOPE,q8_selected,71,307,4,ok,6342,True,0.8352549784594948,0.9185635056509087,0.9285096601878482,0,7,0,174,0.5707908912727792,f295ba33fc2370dbc31753bc1d87c772db956093293556b767deb94746b110ee,6116caf29924adf01cb8079a67f6a4588cd1d4f3a4282d9d7a5e07cfbd5d7c26
Adult,TVAE,default_and_tuned,11,101,1,ok,1665620,False,0.811031329215154,0.8122833433130193,0.5920610976197913,0,408,0,174,0.8444697837710794,2b8cef4aa3f8aaf84d52095424cc22ea48139dfd5b2dd1faaf4503cb53a28848,b2459a7e12ecdd3c9e1f3b4d7f59312e01b26221bc0d935c42b6f458559b71b8
Adult,TVAE,default_and_tuned,11,101,4,ok,1665620,False,0.8077711247906729,0.8023912858157931,0.6162786584444181,0,1690,0,174,0.8450510668748373,0ad09debe07bc4a91d7a730d83deec1d80c770ee3decc95b811b1072e2262d3d,9e3b5e2695f731a54ac12425af61f42ea52b032a680985650b3c9d6e16935d63
Adult,TVAE,default_and_tuned,11,211,1,ok,1665620,False,0.8154647727552693,0.817955962840095,0.5442690045624633,0,414,0,174,0.8496858553045756,eb6dd7e00c17389e8cf9ead294fa7d6710ab8cf45025d49c079a42ce849f1001,4f53e8434fc69a1dab0c31f99861f7833a1bf543f38a3d9e937054d23b298f73
Adult,TVAE,default_and_tuned,11,211,4,ok,1665620,False,0.817238460257464,0.8248110440325874,0.5797871041050146,0,1787,0,174,0.8489141337832508,d8de1af2cd890372ca75b97ffcb9478c9e382a416ce07b27791847f96c408ffc,cebcfc7c2c7544c24d58382575b0a6ebc4bb385bfe62ff2d7e5bf2f8c96a2b6c
Adult,TVAE,default_and_tuned,11,307,1,ok,1665620,False,0.807835691518009,0.7982762482076559,0.5366705586278057,0,409,0,174,0.8479246934098864,d9cdd908d3ae01683afe831989b67afd87f192975d6131a367260faa768d2331,5d4be6647de0075b6570b9340d2df34c3c8624c8bee2d5be1f5975669bb5a3f1
Adult,TVAE,default_and_tuned,11,307,4,ok,1665620,False,0.8155240307509183,0.8148536528740208,0.6241057893367035,0,1737,0,174,0.8472290423308404,62effbeb98386b1a27248639a896f88c9643d773a21dbaada26ee3094fc571c8,8ec168fe8ad101df9f2e50691c6e10ef6a980fcd1527e65c895c1f515700c3f2
Adult,TVAE,default_and_tuned,23,101,1,ok,1665556,False,0.8197590468293665,0.7951511029338265,0.6923633613181172,0,511,0,174,0.8499791199751539,a9d146e38afecace2b0bb2930bdc21d4c17cbdab7fac6e5402dd9fb317dea4ad,a9d146e38afecace2b0bb2930bdc21d4c17cbdab7fac6e5402dd9fb317dea4ad
Adult,TVAE,default_and_tuned,23,101,4,ok,1665556,False,0.7787800344042705,0.7566301456219866,0.4743041109942945,0,2074,0,174,0.8521859497368487,2b870bb929124313a571a53372ff3e06d76a38efc958a2da8c857b41b8489ad7,2b870bb929124313a571a53372ff3e06d76a38efc958a2da8c857b41b8489ad7
Adult,TVAE,default_and_tuned,23,211,1,ok,1665556,False,0.7871567507486342,0.7802498947632586,0.45288404156034273,0,544,0,174,0.852414685687425,7ab8d250f930975ec3ab67d17b96fe1e4130201a872ac4ebc2be9aa591328dff,7ab8d250f930975ec3ab67d17b96fe1e4130201a872ac4ebc2be9aa591328dff
Adult,TVAE,default_and_tuned,23,211,4,ok,1665556,False,0.7710456128590613,0.7447297259344565,0.30928231395939876,0,2078,0,174,0.8523270735228694,684fd948b7f41cf0804be10d776c5ebdddca64dbe928ecb1c7ec1162c9e39957,684fd948b7f41cf0804be10d776c5ebdddca64dbe928ecb1c7ec1162c9e39957
Adult,TVAE,default_and_tuned,23,307,1,ok,1665556,False,0.7951042510893438,0.7818191496956912,0.6559948243923216,0,549,0,174,0.8459410910494992,650556ce7f5433da20fab584a7da505bcbaede3348e51007be55f4fed973deb9,650556ce7f5433da20fab584a7da505bcbaede3348e51007be55f4fed973deb9
Adult,TVAE,default_and_tuned,23,307,4,ok,1665556,False,0.778813820944166,0.7701387697186025,0.41210633004652597,0,2072,0,174,0.8446526151444184,182afc28fdcfe7859c25a52769c207fe5254a338cc66879e24ddff761b1a361e,182afc28fdcfe7859c25a52769c207fe5254a338cc66879e24ddff761b1a361e
Adult,TVAE,default_and_tuned,37,101,1,ok,1665620,False,0.8304602805331148,0.8166678222172217,0.3191709746369507,0,472,0,174,0.8261992374069317,0ea264b16971b1d4345bc55c53f3b6fe356827be02d3f2b981087becb9e7cf1b,683b6ebe273f7b16dd4f0d9b232ba326d23be1858ada6f55e45837d31b67088b
Adult,TVAE,default_and_tuned,37,101,4,ok,1665620,False,0.8111183726971954,0.7914482408341202,0.5037821759559689,0,2048,0,174,0.826722024963696,f65aaaa6ad52b7daf9961fb01712fe2705717b49e179ae1aa94c009380fa7b52,14c51488f8009c267143ff1118afb03f22730645fd09b0ff01697e656f06cc3f
Adult,TVAE,default_and_tuned,37,211,1,ok,1665620,False,0.818042055854847,0.8331048559553547,0.4257017751667614,0,523,0,174,0.8346406956930491,19c046f9187cd08fe3249b4fd92e0530659eadbe63fe5bd7cab2cbb933e7e771,82a1617b1845e14aebfc640c39c1d2c9c6cc7d1d1fb41a7669beb4de92518e6b
Adult,TVAE,default_and_tuned,37,211,4,ok,1665620,False,0.8078911639870326,0.7911885318839981,0.34938647971253634,0,2041,0,174,0.836982878379626,684070dfcec1616ee655767f8613716ca4247c20bb640d38ffcc892397bd2b34,9b77d19b7f5feedd5ec9b6d74b86a340f80c8d9e567fcc1e7858cf91c8c0813e
Adult,TVAE,default_and_tuned,37,307,1,ok,1665620,False,0.797367031854841,0.8353444650965698,0.6706846126999263,0,490,0,174,0.8318221546506845,d72f7033f8b401baaab2c90962579143beb7f13cf936878117f50fe858ce7ff2,8ab1f13d7fc5c4fa8cbf2738f3a7070e7411c2e70f461f4bf60a927d5970ea0c
Adult,TVAE,default_and_tuned,37,307,4,ok,1665620,False,0.8018168897685083,0.8059711529518054,0.493385575393001,0,1958,0,174,0.8316277815550687,8125bcbde02fc8f4cacba20cc9adf4af71461657bd98ef8f29fa75a1b60eafd6,6448b203d437454d37d8517890132b6affc81e6c11bcd7623bf0d772243d9f0c
Adult,TVAE,default_and_tuned,53,101,1,ok,1665620,False,0.8819488522498445,0.7131136940572611,0.40338755095741047,0,700,0,174,0.8350060961278571,c2ab3676e2de5097287fdeb5582b5bb079e107b3be1ed5f64ce8952a61ffa8d7,a7b423e69ff9e087d2dbe20ab03452cbc5acfdc5262000ea1c346c95113e3184
Adult,TVAE,default_and_tuned,53,101,4,ok,1665620,False,0.8760888386294927,0.5999756525360461,0.39811164672290666,0,2695,0,174,0.8358932348719499,4c46f033624bf5dbd624b1e5759f0e10a2e50b5a8e30a49e57dad7992b1a3467,475ec104d4bbff483b00e98868c70e138c7b9d77e779fb05f8b243fba90526cd
Adult,TVAE,default_and_tuned,53,211,1,ok,1665620,False,0.8494529513539371,0.7336590152668623,0.6163037880828455,0,705,0,174,0.8459214176592548,329bb77863037645a444762c2c52022fc960f31fd4b4682c35f3d6a1d7fba33c,fd2bbf94095d58bd433c5a46215ac1e985255c138960987c72e5bc3a8c0d642b
Adult,TVAE,default_and_tuned,53,211,4,ok,1665620,False,0.8574248028017987,0.6478874168333895,0.5529073885902858,0,2637,0,174,0.8468502639906659,52bc08ec04535675814c1b972f5d1a1060424e7e0564f3d6dbadbdde20b29814,ac7a7b4bf57ee7ca6ecbf7e43b900ec6dbe5146d7dd833b0f6a949e353ae4d9c
Adult,TVAE,default_and_tuned,53,307,1,ok,1665620,False,0.8793615711350442,0.7358569984885938,0.46662019088392,0,641,0,174,0.837166234376705,201785a20591747d8c0e8e07358fa78f076f968152e44dab2a472a1c9dd2e36e,883d1c4186934bc05591bca3d268f491d8c49f868459b0a1d4cebd59a58f96d0
Adult,TVAE,default_and_tuned,53,307,4,ok,1665620,False,0.849378175610972,0.6377839986911227,0.4692501388393948,0,2688,0,174,0.8371817107770307,35d0e3e39b18e5551a3d21c00acc7fdf1001c1b1e555c44a778167c288662213,f543ffea415101d19bcfbf8628c8a1e0e8bcc0037f04b874c85417992a5dccf0
Adult,TVAE,default_and_tuned,71,101,1,ok,1665620,False,0.8378656577487122,0.8342529979089598,0.5677322373773005,0,502,0,174,0.8189179845215011,91a148cd64a8970e35a28be0409ed5d53a77a791ce003b7c039f8e194ec2aec3,56ed7c27d981c710e1628e2561c67147746f80e211a459d1ece7f6bed12766ff
Adult,TVAE,default_and_tuned,71,101,4,ok,1665620,False,0.8238555981029332,0.8203778502914822,0.5679621206042862,0,2076,0,174,0.8208134500935929,9a287c2a708f1becf7f353b5c9d36da1351637c6c16b4607c2bf399e591cc587,93d7019ef38ba0ebdffa9e4a17d0f639375c55bb13318ce3aa1fbb604296ce60
Adult,TVAE,default_and_tuned,71,211,1,ok,1665620,False,0.8238727324172408,0.8277023641065028,0.5787751252506635,0,454,0,174,0.8194851027842831,c72071dabc41a628c3e6c414a079c79cf12ee489052363ffa174c176f87124cc,6e769c7cdd0d1d6d45239b8e8c0f09389ceee50699d1847db0002e6b2bc7b2ad
Adult,TVAE,default_and_tuned,71,211,4,ok,1665620,False,0.8127942088276846,0.8051524615847803,0.5968000596689498,0,2025,0,174,0.8194418213257452,a0522ccaef406bb317bdd5e30fea76edfaa4eb1c99bb175b511522b3a9ab9f45,36c3a7abcc5d38dd02eccc2aa0d6a58015c2d3ec51a4b21236a0ed92d62afd00
Adult,TVAE,default_and_tuned,71,307,1,ok,1665620,False,0.8062189399122411,0.832814928206619,0.6489780750342083,0,499,0,174,0.8160435710508422,0f567f147e2e6c107124619bceb800439655341087d237d34d9e12553c7b2d55,05fd339d91d570e8d42c695cc1daec5c0a263ed7c0d590c870b536981460066d
Adult,TVAE,default_and_tuned,71,307,4,ok,1665620,False,0.8118318287999965,0.8194866926214214,0.5531773021772167,0,1935,0,174,0.8160616705698672,d4b606e3bc9502a199f84a8707cfb8a42bec79f97b6d03a73fc46764b1348ee6,0c0b16dceae332b652c363697f051dd52fb93c866cd0da50b7d5d176204f3a6b
California,CTGAN,default_and_tuned,11,101,1,ok,941787,False,0.6003532993198174,0.7331849251098352,0.6232437074931357,0,0,0,1,0.5844074055240234,158333b3c68e89f27205e8c19cbb879fd059858ed67cc9177a9248118cf48e73,9786229d6531db31620b415dfbd31a99b2349ab36e7b843a7292b384d553bd34
California,CTGAN,default_and_tuned,11,101,4,ok,941787,False,0.5935380707475716,0.716713459964194,0.6943162786805352,0,0,0,1,0.5844074055240234,92a59d97fb2a08365c05a9ef4c9f374afd6db50ed369723e77c711a8f8853f1d,670dda2a8af0a64a975ce9d308691a8ed2a229b3127b09868811367910987b90
California,CTGAN,default_and_tuned,11,211,1,ok,941787,False,0.5755128280867833,0.7065185448213486,0.6299056396434379,0,0,0,1,0.5607719498631577,b144f9b37e6d2f278cf54aafffd76dcc52c2bc30ff174db944433f203c06c2d2,77f56c98de44066d95cc80c64ce7d26a4d6164b38d8f56439cb0a27801e59a68
California,CTGAN,default_and_tuned,11,211,4,ok,941787,False,0.5810841274701618,0.7185028756221591,0.6913318777594183,0,0,0,1,0.5607719498631577,dcfcfaa8455ca0e4b6dac9f543639a37b26d3d3300dae2b876c1a230e7a7d96c,75201a5adb5812c8456c6708b5392e71e7aedb605c411e4e7e628f8e2544f92b
California,CTGAN,default_and_tuned,11,307,1,ok,941787,False,0.5536492051059136,0.6677645566997978,0.6050316417015468,0,0,0,1,0.5608299725793771,ebbe6ef2bfc4b3d1a26272ccbfc66af06370aa08b41b6f05ea44a44fd2c49b39,6e070c093d8b1f4a3838d21a0e9c0658193bc96bd10bea2d56b95727a50de829
California,CTGAN,default_and_tuned,11,307,4,ok,941787,False,0.5802734743956498,0.7082462166674696,0.671541172595195,0,0,0,1,0.5608299725793771,4f728370064eaa4b9abf9d081c7e79174b5697086162229a95683dc79759c88a,b1c0694df7792d8cecb4b28e427d8151834496c7ea5449d7e7b19609890e0855
California,CTGAN,default_and_tuned,23,101,1,ok,941787,False,0.6635019426168475,0.6203666947059795,0.7025048388739691,0,0,0,1,0.5608019391322149,83dbacd5a348e7481f38f4064f94b4942ceddc82ff380b5a1679039a0e3b0a6f,83dbacd5a348e7481f38f4064f94b4942ceddc82ff380b5a1679039a0e3b0a6f
California,CTGAN,default_and_tuned,23,101,4,ok,941787,False,0.6747687471415538,0.6146424944955035,0.7578481579963502,0,0,0,1,0.5608019391322149,9f8496abd48b025b2d405fd49d9ff66378f8cb60eba752a323b423d76f1aed58,9f8496abd48b025b2d405fd49d9ff66378f8cb60eba752a323b423d76f1aed58
California,CTGAN,default_and_tuned,23,211,1,ok,941787,False,0.7061409050907568,0.6320561357900255,0.749925398291271,0,0,0,1,0.5499764649431964,70c854a9c7829c92ef58c7a70454ad72f917fc395740364e1ec6dce2d5f83420,70c854a9c7829c92ef58c7a70454ad72f917fc395740364e1ec6dce2d5f83420
California,CTGAN,default_and_tuned,23,211,4,ok,941787,False,0.6970624437348792,0.6173207734546147,0.7724106336853099,0,0,0,1,0.5499764649431964,426976baa73b089f3cfd2fff46ecbac0c8a5d9a831b5d93a9241c14deaee6ec2,426976baa73b089f3cfd2fff46ecbac0c8a5d9a831b5d93a9241c14deaee6ec2
California,CTGAN,default_and_tuned,23,307,1,ok,941787,False,0.6651941669804274,0.6309673286128817,0.7182029869993787,0,0,0,1,0.5579164498964067,fe06a84e0edac8aabac129e95a0dd92ceac5deb2af1bf49e6f5416f1d94af10a,fe06a84e0edac8aabac129e95a0dd92ceac5deb2af1bf49e6f5416f1d94af10a
California,CTGAN,default_and_tuned,23,307,4,ok,941787,False,0.6716018239688908,0.6050007729990613,0.7244919977904027,0,0,0,1,0.5579164498964067,bfd7fc894556d38fb9021629a5d83bbd9dd6eac60264132c4a4511b101885ac0,bfd7fc894556d38fb9021629a5d83bbd9dd6eac60264132c4a4511b101885ac0
California,CTGAN,default_and_tuned,37,101,1,ok,941787,False,0.5882404772543485,0.553559220008847,0.6610137471272238,0,0,0,1,0.5347608225404561,17b72c233f9ff7fc414bdf73c1bdea7db68e34e99dc67c288a1802b6b20bcc77,01966ffac6af98df951d88b3b9605354f76c5594ea83ca9ed959a0cb78f76a6f
California,CTGAN,default_and_tuned,37,101,4,ok,941787,False,0.5959277279168398,0.5762590942077052,0.6656455994972607,0,0,0,1,0.5347608225404561,1933d21696045a2bf52a696756181e1b2323f7d586d8d673261c52545efc71d8,e03c7690e471b128f24ccf27f734ed470f3d977eb067e7ad7d859ec74419dbbd
California,CTGAN,default_and_tuned,37,211,1,ok,941787,False,0.5776799302736462,0.5817025145381993,0.6652433907917876,0,0,0,1,0.5196983861861604,9bbb1609e2cd075bc2d1239552ca309141350f03b2da409ab48b4a70cb16dba3,22f861ed6656909105ed12b2ac15ad9e9b9efb22e085702e284d4e7ec79106bf
California,CTGAN,default_and_tuned,37,211,4,ok,941787,False,0.5806241435376293,0.5542989039878159,0.6849431666997952,0,0,0,1,0.5196983861861604,40d6ee5b6e4909b253ad2ec5fe0442bb2c4b7f680de851409cd0153eba4bfb42,053ba4599e96274f64b6c97e7fe09063d51622adfdf4e5d6b965d723e25c3be3
California,CTGAN,default_and_tuned,37,307,1,ok,941787,False,0.5789622354317276,0.5851016203784432,0.6118963079643617,0,0,0,1,0.5330273124008236,bf041b666e0dd4d9453955323d5bdf4a507e71fc63336a72ee4ca68bb69db1db,c5111134911a6d9595137d3f5dea58333ee2566b72182b9ee8c4e93cf38cd53f
California,CTGAN,default_and_tuned,37,307,4,ok,941787,False,0.577569211281267,0.5619158413130254,0.6413457755360067,0,0,0,1,0.5330273124008236,754a150b5221256f0f517b6e43bc3c8e519eff1d58fe529a79fa9017603e3b28,3de748e451a0467c58b30efe136e509a311559a00b421d3803a115d50a466f51
California,CTGAN,default_and_tuned,53,101,1,ok,941787,False,0.5948897734396308,0.6563602227658909,0.6200996097204271,0,0,0,1,0.5609883941528748,af3e31a139d5810070c553320316b799be7f986cedf3d407c4b82996f760bbf8,88c06e5c2b2b2e9df856e1286a386ae74f3d5ab24866f75a744486b324a1d2d7
California,CTGAN,default_and_tuned,53,101,4,ok,941787,False,0.5869686822772956,0.6445210326008008,0.6731647747648076,0,0,0,1,0.5609883941528748,380e7592e79e19db7b8a26b40209cd94132be4217a396a30015dc88e409b0d6f,4db1568eb273155307cd48b8cd382b597d417a411245f451f099d9d12dc92e92
California,CTGAN,default_and_tuned,53,211,1,ok,941787,False,0.6078958804007744,0.6669447146256254,0.6074364371691506,0,0,0,1,0.5604453276066869,632545ce1cc72062d96b32d5d825d6aedec18b8cffc98e84d68ec828fc759688,f8a5b77c13316254c8f4afca49279a07863eb53c185533d5965c86f0209af8f7
California,CTGAN,default_and_tuned,53,211,4,ok,941787,False,0.6008440502141666,0.6523473000987148,0.6844963193259674,0,0,0,1,0.5604453276066869,27c7ee554eca2147e7e5b6a8488a0f06f20f1f3cb49cd9efcd352ce3780ed327,c5f04ff39c5477d09b742367664fbce9df67cdbc3c8a36a225e9b13d9241cf79
California,CTGAN,default_and_tuned,53,307,1,ok,941787,False,0.5932055344532698,0.6636060993854481,0.6521579780169774,0,0,0,1,0.5524773092063144,007f368d1a61356f430e1d5be700046f6cabb4f7e594caafdc617c39d6083396,157f7f3a35d01d72f0a16989b6571ab74bade935246728121d6010ec71359b77
California,CTGAN,default_and_tuned,53,307,4,ok,941787,False,0.5941324689541467,0.6495284776159889,0.6785747574125481,0,0,0,1,0.5524773092063144,bfe8a7814f2035d1bcc2b5f7929e59d526f5d21066f255b48b6dc9508a3d3ddf,53fa4d468486f5e017798e92c559597fb2302d63258e893f5726ba5496070967
California,CTGAN,default_and_tuned,71,101,1,ok,941787,False,0.5237428262025122,0.6380564463623768,0.5321032034466857,0,0,0,1,0.5428709639985345,43dafdc592141b5afcb2adf000de19bbe8b8297ebf36f8950fa05e3c4385f04b,fab143ce229646b2e72de2ef485f0584b2a8828a86e03e1ded3d3244838b67e6
California,CTGAN,default_and_tuned,71,101,4,ok,941787,False,0.5134143862650326,0.6228855120481382,0.5665488985293465,0,0,0,1,0.5428709639985345,5ea37bf20e041880cf8f1785a5c492e2fd87c52676d64bfc5f2c6d42b8a1a344,dcd9a4bc0aa898bfa654988d659771c76127161965a0d8d538d70bb99fdb5691
California,CTGAN,default_and_tuned,71,211,1,ok,941787,False,0.5197392720026212,0.6354387011625489,0.517806611816129,0,0,0,1,0.571631976905655,ed599f8235a88ad0394b813368e9c69491b3f8654cd0a6414304b61b1abdf359,95934f3dc26b3933a6fba1e4f430b5461b03f7ad6445d9ccb0595f78e29344df
California,CTGAN,default_and_tuned,71,211,4,ok,941787,False,0.5240271591250444,0.6307931142416536,0.5570790282173621,0,0,0,1,0.571631976905655,8d5a52614d90d845436c869b8771e016a587566a8c722470a80a8627e639ebe1,f47db1871b7fc0828936a5eb6c594a4711126ecb307faeeccd1c5ad7320852ae
California,CTGAN,default_and_tuned,71,307,1,ok,941787,False,0.5126825602274582,0.626888148286915,0.4990752865191124,0,0,0,1,0.5669543028733632,300247032002d3af3c16f175d651be061c7398cfd62af15d59b3d965aa353622,1d8ff6ae3416e438fa15aa0dd3bec382386a0bb6578a2853f41e6b8e9353f650
California,CTGAN,default_and_tuned,71,307,4,ok,941787,False,0.5259066811219675,0.6303751921164529,0.5624465175766772,0,0,0,1,0.5669543028733632,7b2957b520b40eb7edd2999ca1b6e3f613693198d9a55935cbf6630b4f17c2ef,7ffd8dd60fcf50dc0e04b2e1b2b7ea87f12ed3abf5bb9b4c8f02e0b33fb84b88
California,DOPE,q8_selected,11,101,1,ok,2524,True,0.7095960883235748,0.9693277371195215,0.8680918310817668,0,0,0,1,0.5478400554931866,b42177dac78e1c95609faee5ed97095695b41dd3fe3d375fa1e34ff36fdae538,a1628b5549c48e2a98a8715f32e664972d99651e2cbc14aafd07bb5b0a359889
California,DOPE,q8_selected,11,101,4,ok,2524,True,0.7043856931994947,0.965263815435327,0.8618940739702377,0,0,0,1,0.5478400554931866,95427686d427c6d7586e0a61e79108d95d7e93e4a68cfa036d987236ea047701,58d09a00c09a02750ef5c511b935237e63842b031aeeb6c5894cd025b18f9f2b
California,DOPE,q8_selected,11,211,1,ok,2524,True,0.7088321339852114,0.9666439471251431,0.9024749973941804,0,0,0,1,0.5264264135050806,c52354a2cd431c2f2e3ccef9f5e0363a20b831a2624b0934271a568432d3aefb,73caf044a28282e328287d47b4356f058c4ebeadf285ea2d5d926dcca82936c7
California,DOPE,q8_selected,11,211,4,ok,2524,True,0.7046963938418592,0.9664996969585145,0.9028910511736905,0,0,0,1,0.5264264135050806,95bbcc58f5668ede1f30f91f7e7294dc0754bd4517c3cf7a329ee41f30652027,b30cb975810d68854acd33502f66fb032fd6e7f10ef94630ac7cc2f204ba7127
California,DOPE,q8_selected,11,307,1,ok,2524,True,0.7018138095400466,0.9674097215430194,0.8642072668199332,0,0,0,1,0.5380224815207427,953c6949a98e2fd323a26a5309f09bb5a5ea991b74b86842944dd745ea2e7d76,8197f0eb38a3165aea86549c8aaac1431a40abe0132b66e2b719edceff9cda6c
California,DOPE,q8_selected,11,307,4,ok,2524,True,0.7031225672701544,0.9671524761696864,0.8709251474824677,0,0,0,1,0.5380224815207427,fa6588aeb8589c178e80ddf4002de330da91733ff30810528408cea32396a93a,47cbc80ae4066590a883819960ccb9e59030e71b410e88354a5d6deca9210c5e
California,DOPE,q8_selected,23,101,1,ok,2525,True,0.7008301580402535,0.9563621177024871,0.8571438676738066,0,0,0,1,0.5538333457202054,737f585cb2f3dce9c4b0d70abb2851dc355af6d1006f76969d92f273b418ee80,204a26a9464f31de2590788d872e9c793b649941ad08d893fb76f919334edfce
California,DOPE,q8_selected,23,101,4,ok,2525,True,0.6947729626993968,0.9523099745235538,0.8598769577629681,0,0,0,1,0.5538333457202054,de434a11dd7b022c706bf8646bf1979ffaf73f105ceeeb79ce9d44837cdcefc9,16d56b7415933f61cb2244381e9571f3ccbb777956fef529c1c5bc9a53511ea9
California,DOPE,q8_selected,23,211,1,ok,2525,True,0.7025117336039461,0.9540131027906263,0.8988047787820227,0,0,0,1,0.5403107931379337,4e5bc537442c93bd7472659f21a5d1465bf339269a35ae52ca680088f3d4c71d,e03d585e35d30299c4e6346c2e645f8641672996d5701da67940bda57f5ca85d
California,DOPE,q8_selected,23,211,4,ok,2525,True,0.6960706753130024,0.9538052239124046,0.8958452808684424,0,0,0,1,0.5403107931379337,a314c3f60851afb34a0b90138b5b0c27f0f8ce70843c2e75bc10f5311dab092e,029657405d3089fc0b85a3e92ebe790341b8baf750d6559f6ec97b0be82c44b9
California,DOPE,q8_selected,23,307,1,ok,2525,True,0.696788613012218,0.9547879600598029,0.8638260363895348,0,0,0,1,0.5478524423651885,26d8ca6c5470956a73947ecd977fa3dac8af8aba729ed1aed6fe2f6bf9c72dbb,998637c038c03637de063a6dee39d936454507055379dc71e1ff943085418596
California,DOPE,q8_selected,23,307,4,ok,2525,True,0.6927411487623533,0.9538994966415127,0.867703951309173,0,0,0,1,0.5478524423651885,8e7cce65927f22c29dd9a5e2fa57dc9c67b08b69546409734aa05fca0c58e396,e4d77fd19706727da174ac20579e5ad7d6a494c4d69c8ae3ccd0dd3064dfa06a
California,DOPE,q8_selected,37,101,1,ok,2525,True,0.6982163546093455,0.9625026426831518,0.8522864934581973,0,0,0,1,0.5436350384188615,c8050d2704e5523fdcab4d1eb4003490b148588eec4d5f23483fd332d97ebebf,c68c522aca4cd86aaf3174ce83f4d720d4200631cdc165b343bc12649e682784
California,DOPE,q8_selected,37,101,4,ok,2525,True,0.688711399239871,0.9573082274397229,0.8523795308163229,0,0,0,1,0.5436350384188615,f2a77f656b35359551f3b532977fd0774a5f9d90596b2c9a8883cae69790bbd1,fb56fbe0ea18c31ded20a246106929bc5482cf6b6ba50788976885faa0c4eb4d
California,DOPE,q8_selected,37,211,1,ok,2525,True,0.699444779989186,0.9608431472522398,0.8877432882372488,0,0,0,1,0.5200321797895797,f51ce5d7da5652ce58d3c2c3a8949164c88c8223c3766de312f8ca1c352d0623,9d67c82bc68bb49f5a0e6d52cee1d0d5c978c1aa201f2a4f2c7381337cdfd6be
California,DOPE,q8_selected,37,211,4,ok,2525,True,0.6902856944211037,0.9600484977716648,0.8862285835587618,0,0,0,1,0.5200321797895797,1a5755af28b4d45c73652f6eed09ef862d7f300622749e26ce6be88262659ef5,b9c18ddd41be2f368b32d0716dd07fc123b28447c9367fb58ea49c0a78c3fb12
California,DOPE,q8_selected,37,307,1,ok,2525,True,0.6913389130808939,0.9596550482564157,0.8600489599351958,0,0,0,1,0.533445858286361,e02b37c5a09bb937195927636efb4880d28352c6ec06a2e1c965487dd2132af7,0b600ed0d97167fd4a0115837ec865da4aa34145fff0d02226b89eb40197d7a8
California,DOPE,q8_selected,37,307,4,ok,2525,True,0.6944460007288139,0.9597457513490023,0.8631068938880563,0,0,0,1,0.533445858286361,9a11348e50979cf043cb7617a5981cbf754ba2150335cbd60ea74288d2778af4,3f17164f036f662f7306483cb98167da0988eea935d6263aae7c448f39c98367
California,DOPE,q8_selected,53,101,1,ok,2524,True,0.7034918378799153,0.9708974015782933,0.8516569271646801,0,0,0,1,0.5500175372029922,53f085f5fbbfa36ecbaa713d50c506dd2db16b12c2ff41f645c4ccb8fe379d64,be2546cabac128a7e98a0d3b4713a6b9b95bd774e0d9e9e2fbcc20e7301cfbdf
California,DOPE,q8_selected,53,101,4,ok,2524,True,0.6991379436695517,0.967068872918361,0.8521487539282631,0,0,0,1,0.5500175372029922,7af762a2fa0754056398e0042450e01f69b1a4bfc822047ff772cfe52c4f7fe3,3f4ac4e7ea99b504075bc20f7566e6a1b5f16426e35414a02bf29d801e63feaf
California,DOPE,q8_selected,53,211,1,ok,2524,True,0.7032208528697547,0.9688203947425156,0.8884370709946909,0,0,0,1,0.5239744647893384,1c6eb20ed7410e6a9ccb6aef3e230657889cee684db7d8cf23b32b8c108e607d,1e830c5d6fd9ffd2e358a644a03c2a456c657fa75aa5338b63d361b3c2f14353
California,DOPE,q8_selected,53,211,4,ok,2524,True,0.7008773393886394,0.9686541067915135,0.8913190303195755,0,0,0,1,0.5239744647893384,44afd1e0c88ce144b3fee2cce3bf7e3ac8b0e068e4115498b1480e24382905e9,dd1abf6f10baeffb91427e14c584c5f56658307475a10eafe23002fa5523ca33
California,DOPE,q8_selected,53,307,1,ok,2524,True,0.6969878640134821,0.9689696743903925,0.8618516163365657,0,0,0,1,0.5343305417235484,dda8d29e820b22ad00b1f9f93d01472c0e330170314c38c6e5ddcd1627f4d828,ce2ec6d3aee2376a4f657b57f3d831bf298860406f76a595114baeee42ba65f5
California,DOPE,q8_selected,53,307,4,ok,2524,True,0.6963149099310397,0.9685655949149031,0.8628014602925932,0,0,0,1,0.5343305417235484,7a689920932a082e0931c11effc019dd2171fe5f9631f2f8a7633251945297d3,32cde086a68c5a5231bbb1bcd7c307c1bbace9bac785961dba0628b3c9983fd9
California,DOPE,q8_selected,71,101,1,ok,2524,True,0.7148419367121197,0.9746796746937452,0.856530496025762,0,0,0,1,0.5452557628292137,dfb19ee0064dff105282ee8ad0d04efb4a4619b1f3d330fcd45e488de981ae78,326e1276dcc3af691e8f61837b3ecb2d43230ec9359132114b371e2eecc24510
California,DOPE,q8_selected,71,101,4,ok,2524,True,0.7030035185497118,0.9710788013319857,0.8541447891667099,0,0,0,1,0.5452557628292137,675e85df24c4273cce0feadef97282bcb64c4938ae69afedeb6d90721d3400c8,0a75c954ee3a49af521deec07d52d8202972b71587e828b5300273547bb42c01
California,DOPE,q8_selected,71,211,1,ok,2524,True,0.7095136936721712,0.9714449943371611,0.8920870502124308,0,0,0,1,0.522064278738521,8c35eb489ac2dee030c4462720b5defa8a2c1a8490221786cb6fdb451cc58fb7,3b063f8a28d20503b87d09e391bf16f33cffad1438af4ebff06e1e7500cdfbe9
California,DOPE,q8_selected,71,211,4,ok,2524,True,0.7022053535776591,0.9718390706766511,0.895373203022593,0,0,0,1,0.522064278738521,80f2b9d48af0e0ad43b9c97abad1aea52dcff28f2be27024abd2e9dc33f45425,73f920b81cb2f59a416ade256ca69675dc42162f9c059681644430e9e2cfce0f
California,DOPE,q8_selected,71,307,1,ok,2524,True,0.7055082304365271,0.9728553705415895,0.8594367133439872,0,0,0,1,0.5333213376257104,5e3baaf6939a870eb2fca01ab0673e5d01923b0544ad950f11a83c83ffea2802,b1ede6efc51531bef19d7c3d55f27eda62eef483a9ff573898e201d280439b01
California,DOPE,q8_selected,71,307,4,ok,2524,True,0.7039977353078304,0.9724271381560232,0.8599392418083421,0,0,0,1,0.5333213376257104,438e61902e5a1bd0a9a608e723e2ed3044d52fb0f2667d8a7db94877566f0ab5,5857b40073ce2b0b2bf92089329a22dbcd5d284ccd0613a5e567c8942e55388d
California,TVAE,default,11,101,1,ok,373361,False,0.8765904051385269,0.822484492178413,0.8735921779241393,0,0,0,1,0.5681010664444852,ad4de3cd4a678fb6584a419d21085fcd381992cf382cde6dffe6ab89f2a13d02,d5cde5e5abfd0648319b52dbfe92b098c922d80deec3342fc994384484d59ba1
California,TVAE,default,11,101,4,ok,373361,False,0.8792548052723147,0.8297716218263645,0.8647544795066316,0,0,0,1,0.568118016900909,60c6d4e51e9599463f5231de2b607d43f66eef58127e938b85fe5a712fe7c29c,30a26fe73ba46425a44e4af9cdeda62f69066031b6ace4887cc643b2bc3ae050
California,TVAE,default,11,211,1,ok,373361,False,0.8720189184230264,0.8442082614812526,0.8909701558418823,0,0,0,1,0.5838460846401483,a309712b2ef4444c463eb901a65ff103ded154e3295ccc8aaf0c09ebed4b835b,cbe955df2f4962da9ab4e9d7d47a1ce09100ffbb62bd3c93b4b7a217f618fda2
California,TVAE,default,11,211,4,ok,373361,False,0.8818610234924272,0.8365270921076688,0.8948144649913835,0,0,0,1,0.5826869341970242,9100782b99b87667c9349e602d96b85da51ee6c6cda39ca90fb56a1bd2d344a7,195a9d12de7b6280714ddb67076fb70c0b72ed4968979e5a7cceaf800ffcaaa4
California,TVAE,default,11,307,1,ok,373361,False,0.8706549060194624,0.8414894336009712,0.8466227627094322,0,0,0,1,0.6047055770913278,5457802f65e3939119c0c981c435f3f17df9804314e6815407db06b31ce06f63,6607f36b04454d4eece9d600ad5f8f4b7d8d976e15973eeb02be368bec220430
California,TVAE,default,11,307,4,ok,373361,False,0.8807913395386259,0.829628751711151,0.9339820073057719,0,0,0,1,0.6029968406956989,db2887955a383b9148e3ee024bef23a3cc021f4ee6762df486fac4707b9c0534,ec914006de03397fb573cc786eb6602d0eb9d5e28c280810b80cbcde55f4bc81
California,TVAE,default,23,101,1,ok,373361,False,0.875006699840388,0.816122996824717,0.8681522288868395,0,0,0,1,0.5732892099913813,435313bc72485b1804d7b279bd95883b5e6d00e037cf8f77d5d06857b033ec0b,435313bc72485b1804d7b279bd95883b5e6d00e037cf8f77d5d06857b033ec0b
California,TVAE,default,23,101,4,ok,373361,False,0.8738107787167857,0.8149527173559956,0.9143908529846143,0,0,0,1,0.5728595811151054,60c5e8644418c19d07b6fbc90b7ece27af861644450704662f971ce18ba9e87b,60c5e8644418c19d07b6fbc90b7ece27af861644450704662f971ce18ba9e87b
California,TVAE,default,23,211,1,ok,373361,False,0.8752408864344441,0.8147930951360204,0.8909018272687224,0,0,0,1,0.5919601377420167,8bc52e5ea18131f2013658fda9a713fc4a7c5217324def1a3b58354267af74e6,8bc52e5ea18131f2013658fda9a713fc4a7c5217324def1a3b58354267af74e6
California,TVAE,default,23,211,4,ok,373361,False,0.879495924634317,0.806886897508583,0.934556847178609,0,0,0,1,0.5908681371839555,5bd89e36e84311f0c3b9c6eb99d1a8d93bfceb717d0c035c047946e8202764ec,5bd89e36e84311f0c3b9c6eb99d1a8d93bfceb717d0c035c047946e8202764ec
California,TVAE,default,23,307,1,ok,373361,False,0.8716140168651653,0.8079223440718561,0.8293123430520196,0,0,0,1,0.5752352527769411,80577f8e9a5905475042388265d3862051326a9c6627900ac498794c48966970,80577f8e9a5905475042388265d3862051326a9c6627900ac498794c48966970
California,TVAE,default,23,307,4,ok,373361,False,0.8755975055082786,0.8088094909934941,0.9380122708017038,0,0,0,1,0.5752339488956778,ac03bc31fb8fd0704ec95d7d81a89dd75975cfd9b9e4bea40624c7265f61ff6e,ac03bc31fb8fd0704ec95d7d81a89dd75975cfd9b9e4bea40624c7265f61ff6e
California,TVAE,default,37,101,1,ok,373425,False,0.882076082817577,0.8408263615825877,0.8671041097776616,0,0,0,1,0.5872524744406675,c6e4ae00b233c1481dd770c3f89a85d483ba11e0df03ee45ceba0d29eaf4f3fb,5938d7aa1d1665ceca508e616bbc75afd34c77ca0b6fef13e48df8dd6b7cb926
California,TVAE,default,37,101,4,ok,373425,False,0.8879981195406986,0.8506125841207115,0.9141713445394289,0,0,0,1,0.5877251313986342,9f6d72bafc1f4aafd8b08a59bace1dc3b05bf6fb280084b9bb902a633194f4cd,866998d4a7bf4a7e880ea67923fc8e4eb37b9448367cfc7049aa53773e5ad690
California,TVAE,default,37,211,1,ok,373425,False,0.8757862223438576,0.8315786304630621,0.8826592441372572,0,0,0,1,0.5977167735197362,6d40e92b9ca961c0d6d68b8683775a0c065f0e3190e8d5834f80d236b21773bd,90489635389e01dca2a0927ddd42a0213d5ff60221dd8d08a7419d0fdb253cec
California,TVAE,default,37,211,4,ok,373425,False,0.8855581162351215,0.8363620080872892,0.891441552998431,0,0,0,1,0.5960308550462161,bc769e27b0b5b0af0ab68096759bb3acc1491e95f5f6279e66407829a128ad42,fe363919186c09ee2edb6a9ba2350830aefbeb6e35bd7f8eaf1792be43329149
California,TVAE,default,37,307,1,ok,373425,False,0.8792819707820555,0.8329784816159632,0.8553579732350092,0,0,0,1,0.5883907627835779,e835349b3b3786dc5f2c408038365424a972b2df00b55f853a55b91006746056,98e6d5b0e0f6b6ed38cfdf28340c6293b02c3a90c93d98a627d5c070eddbf9a8
California,TVAE,default,37,307,4,ok,373425,False,0.8812035077352374,0.846799217018364,0.8993509601809844,0,0,0,1,0.5882140868723931,5535abacaaaaff86fa06d94f1e89eb0a0ecaea79e695965f0480c6d38f8770fb,813087ba93b9022341435747c8b6d7c1a4447281501edadb2c723b152c5de61b
California,TVAE,default,53,101,1,ok,373361,False,0.8756125112009897,0.6598768688661504,0.7754512898636107,0,0,0,1,0.5945405187621995,fb77854d643880b6cf859d81875ea3f7d175891ef04f3794fa27c9e101b15212,3619616a2c00e1eecf5aa2d3cf7138235324d289d06bf30d981b582ac17a969c
California,TVAE,default,53,101,4,ok,373361,False,0.8736693584265071,0.6404113984704989,0.77784428290415,0,0,0,1,0.5950183912452196,72e49a9397a2bebe26525a6a0e22a88eb6ff62ef6cbb4549f02cf277bc73152b,94e097c937413e80f86f03a492ecad249c6d1ad7e8c9ff8cef59cbb74b487b3a
California,TVAE,default,53,211,1,ok,373361,False,0.8736811848438092,0.6650954000465399,0.8472689267055861,0,0,0,1,0.5941454427394023,94ec9da1b641b21c520c0d0448c5fd5ba6ed83ceb9da4eaa9c6fa5ed51092510,702450ca48830f0904dbfb74e4abe7cba8b4065eedb2e577806fa9077462daa1
California,TVAE,default,53,211,4,ok,373361,False,0.8746460670141069,0.6593316560276412,0.8924699862889377,0,0,0,1,0.5932796655805336,878543a0834d7f8970b2955742030427b1454666ca176f122bfb31d918fc1688,a95ef063467117da73df041c4c16cc1dfbc4c7e41e7f408eb7859b9c0fe61ff2
California,TVAE,default,53,307,1,ok,373361,False,0.872883283024633,0.6570518001379231,0.7260743351727734,0,0,0,1,0.5923376113677584,c3b755b993c92cad3454426e173fc613751dab29603e8896099669c36ef52c97,3aae9a4b70fb61e2f17d617b23c5d184ab4a894558f89e9bea79aec9bc96aadb
California,TVAE,default,53,307,4,ok,373361,False,0.8714820624333721,0.636086246960033,0.792910534310289,0,0,0,1,0.591553978728481,9771d062a6d6b1b128e4aaa50259e1d5586c60c78305f7a180ef3cf9aa0ef510,62e740039b0998cc349f1a80f352643f3115c2152517ac937d995b0844a40f24
California,TVAE,default,71,101,1,ok,373361,False,0.883311287230364,0.8612668615316854,0.8643561519354931,0,0,0,1,0.5926844437838114,040b53028c39e9b0663332b0226e99b22e7766907b6a7c82f1ebc3b08e2357c4,507409d4010121fe41688df4e55dbe536d17183fcb5bc91cdd335ad04b33ce41
California,TVAE,default,71,101,4,ok,373361,False,0.8841867634403194,0.8589708620967283,0.9197143876385807,0,0,0,1,0.5953137203513699,6e06eb4dc8750eaf55995cbdbadf368b6bcc68541c8980df292730edbdf4e114,19aaba84d17c93328c8f4301b7bd49e6d4e95284f7b822e6827f9539c5912040
California,TVAE,default,71,211,1,ok,373361,False,0.883439388520858,0.8540897729993367,0.8927735269352306,0,0,0,1,0.6048555234366138,ca3a39033b2d27c934ec3f145765e0db0af290e05afbae46deb4ff053f962ee4,a0f4b0be03149fffcf0690540b07a73f42856e9b5bbebaa74ca5fd46fee8f032
California,TVAE,default,71,211,4,ok,373361,False,0.8860908377637893,0.8616940910346302,0.9385524082417483,0,0,0,1,0.601644715825598,6625d4e5b96324e7e08d7e9ee857942c7eaafa7039e726a41c5b48590e6c00f9,860187df155fefdfeb192026d1de3fe6a0ce1d5b2712bccb263fb203330231bf
California,TVAE,default,71,307,1,ok,373361,False,0.8825601157366522,0.8469750464110187,0.8650778990273648,0,0,0,1,0.6026871688956517,ff205576fd1714f3ffac8f45845aa0b7336a7daa3609dd6b3ec570d47511cc80,2bf633fdebe8b5f71578f637b0b4b9cc72f1ddb35e49c5aa333819b007ddb487
California,TVAE,default,71,307,4,ok,373361,False,0.8857721545723147,0.8555349833341735,0.934659432369463,0,0,0,1,0.6004210232599378,67bf06073626fea7aed66b0446efc4e04c2bc2764d0f9534c1adfc974c788b66,b37067a3ead8ee9f9ba9dcd227b4770b8cc22f2867d7a220d80b3965ae38984f
California,TVAE,tuned,11,101,1,ok,340593,False,0.9054565283146788,0.9270919024248208,0.8960038131619018,0,0,0,1,0.582166685572945,579de8983047362767be287f93ffca3173ae698dfd78711c6721f76f874b0552,f82fbd3ae3ea0ac12811e20a00fd3c773930d42f58c55bbad0d834df474054a2
California,TVAE,tuned,11,101,4,ok,340593,False,0.901853031703349,0.9261832674118101,0.9053027007104453,0,0,0,1,0.5828218859077818,8cb81c4207383007234436c4cc43c5dab1d25304ea9c9872bf18c74cdc3cd216,2a707795c55f83c8dd7ad978ca2dc27a6fcc2a1ee58977e7d7333f23251d7b78
California,TVAE,tuned,11,211,1,ok,340593,False,0.9006075784796669,0.9258156650307627,0.9266736400744735,0,0,0,1,0.6146365887336835,2f7ceccc9aa0fd48ce89c664aa2e9c4e8486feb11b5cb5188a1d57b2a761f297,bf10b882b657bef1bbd4e4635f84e6467fceff4b11e4de9933e53f6a01209f42
California,TVAE,tuned,11,211,4,ok,340593,False,0.9041050041025903,0.9313408616212789,0.8566592806721233,0,0,0,1,0.6138001489032403,04af2966c2e08592d32b95eabde0b0e4fa298ba6560003897ed7dfe791b9f9f7,860300f49e55f0e9ffe16300441838e09987e9cd17922a0022dbf8b03e8fc13b
California,TVAE,tuned,11,307,1,ok,340593,False,0.8997166430403909,0.92917620610452,0.8846965969888331,0,0,0,1,0.5988042104933756,8f8ddba74e20f0a315cd3a4b6570e219188f4b403805684b02fcd127e126efab,7589e5487b1ea4e1f86a60bcbc492b4203ed330888d62642a4776354bc798a01
California,TVAE,tuned,11,307,4,ok,340593,False,0.9016922696355935,0.9343512524413483,0.9162387302593821,0,0,0,1,0.6001791532855852,839a6d8266118c9226ccc85665cc2701d229749377bea8584fa3bf7f2f900b3e,8b82b08329f48de20c1a31e569fd7a13da4ecd9a54e9f34785958eb19fdee78c
California,TVAE,tuned,23,101,1,ok,340593,False,0.9136217408301711,0.8786343793139758,0.8841254996979913,0,0,0,1,0.5689740149503025,5ad6471ebdc75b6c784d9ca5d3a6fed0fb3216ab7480dd68b9744d6d4b714e1a,5ad6471ebdc75b6c784d9ca5d3a6fed0fb3216ab7480dd68b9744d6d4b714e1a
California,TVAE,tuned,23,101,4,ok,340593,False,0.9150988532535034,0.8839304299320383,0.9895500663026046,0,0,0,1,0.5682855656432502,838cd764d9765f846d0d17f5c88f18bc0aad1cf4247fbfcc4ad58d16f3b691fc,838cd764d9765f846d0d17f5c88f18bc0aad1cf4247fbfcc4ad58d16f3b691fc
California,TVAE,tuned,23,211,1,ok,340593,False,0.9154104531126452,0.8839130864023375,0.9136295793944731,0,0,0,1,0.6018331266681531,40ac62fa977fdea3676ccf93df90da0658a45d9be143e7d9fb38d6c31151ded1,40ac62fa977fdea3676ccf93df90da0658a45d9be143e7d9fb38d6c31151ded1
California,TVAE,tuned,23,211,4,ok,340593,False,0.9195209967855663,0.8772631401718026,1.0046428472314328,0,1,0,1,0.5990376052395164,50b1a465db0a6103f960fb15e73ea3563775ab4423222aa6b63f9b68a97154a2,50b1a465db0a6103f960fb15e73ea3563775ab4423222aa6b63f9b68a97154a2
California,TVAE,tuned,23,307,1,ok,340593,False,0.9193823260164893,0.8808154257006672,0.8714718869800453,0,0,0,1,0.5887969217971134,460a199a2ff6e4dc53b0c1a01c3c9f7a795a98cf74e35701fe87cebe980ba9d1,460a199a2ff6e4dc53b0c1a01c3c9f7a795a98cf74e35701fe87cebe980ba9d1
California,TVAE,tuned,23,307,4,ok,340593,False,0.9162604686855382,0.8778560406780054,0.9824160726139416,0,0,0,1,0.5885074601566483,a7f1342f1cfe10da61342a1470a9aee93a15aca55b5b260cacdef8c0c412afe0,a7f1342f1cfe10da61342a1470a9aee93a15aca55b5b260cacdef8c0c412afe0
California,TVAE,tuned,37,101,1,ok,340657,False,0.8928965278661843,0.8504090394742861,0.8866668595168699,0,0,0,1,0.5741191304155079,a1db898c4a83d84594323f2b9a588b53364b54466dd42ccc10ef0ad0b53d3eaa,82f348b20709cc0819e4dee4ec532111d63f96e3048f5621e70357f3642885b3
California,TVAE,tuned,37,101,4,ok,340657,False,0.8952592011035597,0.8452914087202934,0.9432390658448917,0,0,0,1,0.5738440114689396,9a5e6ccdb119827c3bacd164024d96370c132161d817dad26e29d717ea8c3531,2e77874803872ab9ebfc039b42002854ae6c970d19560aae322a9cf5e82b97bd
California,TVAE,tuned,37,211,1,ok,340657,False,0.8915247809209265,0.8299735206619924,0.8858699092877118,0,0,0,1,0.605371860416903,ebd97eb9809ba0d78fd185b80de2e119f854d3620f3de969a2110914095b4eb4,69c2cced61698326b1f1748731b00f5792d21cf4f6520316700c0e1305783372
California,TVAE,tuned,37,211,4,ok,340657,False,0.8964301527062801,0.8363671535679786,0.9550965429200066,0,0,0,1,0.604869214189879,8673e315899d742e02a12821b2c78c46b25b7da57b637fa4415c7d3f5a3e5698,f3ae54752aa34689eb27a60b6424b37e30245be0e920a9d8a8e7602be9e58e36
California,TVAE,tuned,37,307,1,ok,340657,False,0.8955643225258952,0.8427066649567978,0.8376359008624773,0,0,0,1,0.5989965329797208,d19c7c8c73ef4e5b12d590590616f0763117aeb495299268d48e3a01607fa5a6,e365c0928a806457ebeb85e8b2fa34a647667db46498583734f62f88f5ae2a9c
California,TVAE,tuned,37,307,4,ok,340657,False,0.8977206489700801,0.8431787732137005,0.9297199217404735,0,0,0,1,0.5991021473620526,a4e09cc713fa42c0d8007aba96780395668338212e423d7366ea7a2bb2a67f2e,8edcf4293833501246ffeb958568e92c1356c66a3ed66ac1770e319336edddc6
California,TVAE,tuned,53,101,1,ok,340593,False,0.8829518128387794,0.8835302094530666,0.8773833888426784,0,0,0,1,0.5961129995658075,e8ba24e63a0cad242dd5882f6b61e6a837cedd56e24d6235533085617b5094d2,07141ecd1d6387e64188329e3f26205c81b00e58a561277de0bf81ece934f1f0
California,TVAE,tuned,53,101,4,ok,340593,False,0.8891037967690539,0.8882875149747698,0.9237835719186936,0,0,0,1,0.5967714596038026,cfaa20d0ae9557e63ab5e791bf4ac43fe689646182b3847769d5f5fcf321bcac,3a20efa09a21fe6934da291ed4cc5d57d2f6e084eabfd40a65bf3026234e1455
California,TVAE,tuned,53,211,1,ok,340593,False,0.8926576747150093,0.8796927784471896,0.904276218730444,0,0,0,1,0.6169620609668802,ecfaea939439592afebcae5969f01828865c069ea706d2b0d5f9b983a0677888,c327e3ff2a53c5ddf7fcd632976499c57603facfb55b31ed59e886756852f44f
California,TVAE,tuned,53,211,4,ok,340593,False,0.8904277034463491,0.8844098380824411,0.9291081401202778,0,0,0,1,0.616392916795425,12e339bf1865624864c9fcd27c5b4832f166e9264cb165ce543235f63c6b7436,9b352fecaa1dc27b9b9ba889ab91b4bb6146073f3a840825659892eb2c23f621
California,TVAE,tuned,53,307,1,ok,340593,False,0.8915448945821655,0.8756785668198691,0.8626594863448287,0,0,0,1,0.6177717712314246,555569038a96acc3a330eb07dc45d8a1426b80f90ea63df233846ad12c26c9d4,3bc3d7e47e0f452d97b5a1598dc6a45a6755bf52d766f753ab676555ca3cb5af
California,TVAE,tuned,53,307,4,ok,340593,False,0.8915695571257555,0.8839779233169058,0.8979511482714765,0,0,0,1,0.6151783513986082,8b9809608c3e7cd10e157242a2e0362cff2255cfdfd384b52b40b9a895d959e9,9a632c4cf6c0eaa7008dfed9377285eaa2e3143e92f923f7bbbec98bc3e86856
California,TVAE,tuned,71,101,1,ok,340593,False,0.8883643503783167,0.8821070210386427,0.8806462312348763,0,0,0,1,0.5839530029037436,4714154e9093925fd60741e7b88a2801cb841baf67a189260170dab33fee8cc7,387845a828da0a2e3e1e5917c99dbcd08da3895ac301a4ca939326d7772978be
California,TVAE,tuned,71,101,4,ok,340593,False,0.8930808385829064,0.8764245378342153,0.9326686787015664,0,0,0,1,0.5841714030153558,039c5efaac5d2e2c7331cdfce622ac415042cbd05cd50a202057ca19e8a508c2,5474f06055f87aed52fb6890d2725c3c466681ee795a3bc5c3fb1060ad1563d4
California,TVAE,tuned,71,211,1,ok,340593,False,0.9029240642795979,0.8519543177944395,0.898209366639357,0,0,0,1,0.5922293892228998,a9ef50b6bd1a3d2826e94598d51e566d440965df592fa4f55b628faefae83733,0d61e0034cec0e154d554d82a05211041704cd84a787a135ff6b7a17bbf41fde
California,TVAE,tuned,71,211,4,ok,340593,False,0.8984566576840515,0.8644326404431001,0.9705941246018768,0,0,0,1,0.5918903800944271,18163e6a136278a21edf175c11093d2b9d3d02598a18cb6f8bdbcc8b205bc39f,b24b3717724f6b9589b45d8b6282dd24270197c81cc151e1cd98e8163ba10ded
California,TVAE,tuned,71,307,1,ok,340593,False,0.889920144376349,0.8779507525060842,0.891831508720998,0,0,0,1,0.5792994506748237,2b08d3df352ca33e96d11fe6c03099f287f54e1210c4bc9dcecdc5126dd6b5ab,48d216057b1375e4ad5e22fa51d2bba84fec96cc6e21ed6eb3a4fbea178c93c6
California,TVAE,tuned,71,307,4,ok,340593,False,0.8952614311991587,0.8706714117725677,0.9471268496008599,0,0,0,1,0.5791025646040568,d2e8d96816d0dd79cc440d92a4d3ce0f919c3478f3729d5e23b043a7ecd41c77,bb42f22308be605a4b92c6fb87bffa4f068efcb9210ca6053f6682229432c075
