fit_seed,size_multiplier,sample_seeds,median_catboost_retention,min_catboost_retention,max_catboost_retention,packed_artifact_bytes,cells_with_exact_copies,cells_with_near_copies
11,1,3,0.9781696525685695,0.9456895900814406,1.0724148312836776,9201,0,0
11,4,3,0.9987216355962217,0.8985612389738614,1.0638221560016607,9201,0,0
23,1,3,0.32865023751158734,0.3204463613296855,0.33605449287923594,9205,0,0
23,4,3,0.3108724768441581,0.28291599460992894,0.3360894313254468,9205,0,0
37,1,3,0.5722646879472556,0.5637796267381306,0.6459868341070336,9204,0,0
37,4,3,0.5477745611891099,0.5288464324453221,0.5796382769950322,9204,0,0
53,1,3,0.7932800319443929,0.7630513755746369,0.835682841394015,9195,0,0
53,4,3,0.8170277452161522,0.781894509611257,0.8418524679313512,9195,0,0
71,1,3,0.4423914670355811,0.4115512241473605,0.4694247602764197,9201,0,0
71,4,3,0.4083557962067106,0.3908458875353421,0.4197581182270209,9201,0,0
