dataset,sample_seed,size_multiplier,dope_catboost_retention,copula_catboost_retention,difference_dope_minus_copula,dope_artifact_bytes,copula_artifact_bytes,dope_within_l3,copula_within_l3
Adult,101,1,0.8336282557477998,0.7128237808680856,0.12080447487971413,6337,270086,True,False
Adult,101,4,0.8292631840397952,0.724799821185271,0.10446336285452418,6337,270086,True,False
Adult,211,1,0.8274901590089087,0.6914092260636283,0.13608093294528034,6337,270086,True,False
Adult,211,4,0.8284579092167852,0.7115542867013546,0.11690362251543063,6337,270086,True,False
California,101,1,0.7008301580402535,0.7157569796483099,-0.014926821608056362,2525,4316,True,True
California,101,4,0.6947729626993968,0.7308025477156471,-0.03602958501625031,2525,4316,True,True
California,211,1,0.7025117336039461,0.7041621208920152,-0.0016503872880690995,2525,4316,True,True
California,211,4,0.6960706753130024,0.7292566368726637,-0.03318596155966136,2525,4316,True,True
News,101,1,-4.12996172684843,-0.5882651273824607,-3.5416965994659693,13603,91117,False,False
News,101,4,-4.29923198576112,-0.41398876898564013,-3.8852432167754793,13603,91117,False,False
News,211,1,-3.4946381930520074,-0.5211276707372963,-2.973510522314711,13603,91117,False,False
News,211,4,-3.5911531106784116,-0.5148055496309535,-3.076347561047458,13603,91117,False,False
