dataset,method,status,default_native_r2,selected_native_r2,selected_trial,default_bytes,selected_bytes,attempts,operation_seconds
02a45777900441ce,CTGAN,selected,-0.44994055592922855,0.3977101457621854,3,843383,700855,6,3024.4175344263203
02a45777900441ce,TVAE,selected,0.30635758472653485,0.3762309103044899,3,339789,307021,4,1805.2600752434228
047e62b52a3f4ede,CTGAN,selected,,0.3590478385159659,3,938347,792939,4,1104.0504476618953
047e62b52a3f4ede,TVAE,selected,,0.7987981888924864,1,0,384193,4,1867.001877170289
04c80944e971cb3e,CTGAN,selected,,-0.8132133518955029,2,0,616956,4,927.938770927256
04c80944e971cb3e,TVAE,selected,0.32242607730960154,0.4137265083378422,2,191634,191634,4,1939.9615603585262
0561d673cb73c27e,CTGAN,selected,,-0.5052897682208634,1,0,754392,4,1031.7228369414806
0561d673cb73c27e,TVAE,selected,0.11508528813488428,0.4154411886136896,2,392558,392558,4,1841.1706530079246
060b9fff8092db17,CTGAN,selected,,-0.4260264804442274,3,0,1348869,4,1658.3487185658887
060b9fff8092db17,TVAE,selected,-0.20057429662482568,0.005022040083239088,3,774427,741659,4,2415.687124211807
06b0312a585b436e,CTGAN,selected,-0.3058748430551115,0.08436077917090684,3,863816,720136,4,2433.4411770666484
06b0312a585b436e,TVAE,selected,-69.38734217327213,-0.2808338064249216,3,343006,310238,4,2335.6560289219487
0779d3fd5b3133a2,CTGAN,selected,-0.5188836512303767,-0.40499296899034365,2,611572,611572,4,2304.33497219719
0779d3fd5b3133a2,TVAE,selected,-1.8914642467211003,-1.1323588746587503,3,190346,157578,4,2287.8813952114433
07f38946316c039b,CTGAN,selected,-0.09534672120468979,-0.09534672120468979,0,940530,940530,4,2192.602496806998
07f38946316c039b,TVAE,selected,,0.09019370939168142,2,404680,404680,4,1374.5086114376318
0a8428ef25a69175,CTGAN,selected,,-0.07336846580088341,1,0,730999,4,1692.810061022872
0a8428ef25a69175,TVAE,selected,,0.17505744434009796,3,356813,324045,4,1635.7608608005103
0d482c1dd7cc6592,CTGAN,selected,-0.40752489996925034,-0.15545489799366163,1,708208,572016,4,115.50941375177354
0d482c1dd7cc6592,TVAE,selected,0.3993805021708032,0.6043757160609208,1,256070,223302,4,74.15712477080524
0db59fd2579600d0,CTGAN,selected,-0.6880840687620162,-0.192791771057216,2,719023,719023,4,2371.8581188705284
0db59fd2579600d0,TVAE,selected,-0.20342598378077004,0.021727907441027594,1,258181,225413,4,2259.0348947711755
0f86a714ec5f3ac6,CTGAN,selected,-0.41460485128116464,-0.11496260760869553,3,1122279,970407,4,303.17377284541726
0f86a714ec5f3ac6,TVAE,selected,-8.657748363249576,-0.8546174936751838,2,517245,517245,4,245.42277337238193
167578f5deba4977,CTGAN,selected,-1.304080896098518,-0.5521979197233631,3,800938,661418,4,2307.657096949173
167578f5deba4977,TVAE,selected,-0.16898855903432586,0.34058443824476675,3,326336,293568,4,2276.8390371669084
19f2c3c2d67defd7,CTGAN,selected,-0.09725226828682743,0.06600746038472421,2,752733,752669,4,2358.035733660683
19f2c3c2d67defd7,TVAE,selected,0.17928583308938295,0.7231323359566377,2,270131,270131,4,2306.9242916575167
19f4780b53b3fa41,CTGAN,selected,-3.2867810299144145,-0.5446942051048367,3,662475,528075,4,2268.9130960141774
19f4780b53b3fa41,TVAE,selected,-0.49550854904514124,-0.44494348258044775,1,228961,196193,4,2247.623902172083
1a4456d1cc71a26a,CTGAN,selected,-0.7330652939123139,-0.7330652939123139,0,851576,851576,4,260.4491023570299
1a4456d1cc71a26a,TVAE,selected,-0.8367472976460448,-0.549295146894184,2,338190,338190,4,136.86721148504876
1a803b27c2400dc4,CTGAN,selected,-0.40628902601775796,0.23754547009601662,3,752828,612220,4,2381.1065284362994
1a803b27c2400dc4,TVAE,selected,0.6204250838262579,0.74121990286607,2,270226,270226,4,2312.81260822434
1cb97b1d7314d43d,CTGAN,selected,-2.563426556789799,-1.911600510375213,2,833270,833270,4,2310.0504633795936
1cb97b1d7314d43d,TVAE,selected,-74.63114555596664,-0.5339354313552499,2,337804,337804,4,2293.6971344510093
205f4b4982b9ea49,CTGAN,selected,-0.369151176517415,-0.2588959558842191,1,953552,805072,4,2408.7051137876697
205f4b4982b9ea49,TVAE,selected,0.06644369542746392,0.08375961125040982,3,407526,374758,4,2336.003018188989
26eff843be35d831,CTGAN,selected,-0.9584490649545314,-0.1673060111952091,2,1399213,1399213,4,2373.97485448746
26eff843be35d831,TVAE,selected,-0.3266776429245377,-0.058723443983711154,3,740739,707971,4,2319.5882782621775
282f8ddb43b5e677,CTGAN,selected,-0.2700621316941768,0.020928802550999992,2,958737,958609,4,2393.6019071857445
282f8ddb43b5e677,TVAE,selected,0.3793449760062289,0.5358665897555106,2,408615,408615,4,2327.4179889035877
297b7688a045c583,CTGAN,selected,-1.6169878049936601,-1.6169878049936601,0,2097537,2097537,4,250.92379442229867
297b7688a045c583,TVAE,selected,-2.458967747160809,-0.8672840529007461,3,1242839,1210071,4,186.15071646124125
2c8d0985f3557d2b,CTGAN,selected,-0.5199143094908147,0.346868563348515,2,668950,668950,4,2384.083970012376
2c8d0985f3557d2b,TVAE,selected,0.5876839602133728,0.8448393648203114,3,221164,188396,4,2295.8382366481237
30ca2887550f0d8d,CTGAN,selected,-5.410702908264369,-5.410702908264369,0,1428695,1428695,4,2466.7417460561264
30ca2887550f0d8d,TVAE,selected,-448.7446720411293,-125.38252661102386,3,737581,704813,4,2422.6225020571146
3408a6a513c627a3,CTGAN,selected,-0.1639648577689713,0.09821383690932867,2,640134,640134,4,2290.818075075047
3408a6a513c627a3,TVAE,selected,0.7021154577712626,0.7021154577712626,0,206684,206684,4,2271.505644987803
35a9aa9b88f0e4d1,CTGAN,selected,0.06358550954406461,0.2348318802950191,3,911122,765394,4,2442.474447700195
35a9aa9b88f0e4d1,TVAE,selected,0.5178701676841726,0.7319638369819783,2,378280,378280,4,2331.4796653315425
3d3321e27d14f9aa,CTGAN,selected,-0.22545313420370916,-0.07113308608682212,3,788041,645897,4,2253.1030119245406
3d3321e27d14f9aa,TVAE,native_selection_unavailable,,,,0,,4,0.0
44eaabe4cb923766,CTGAN,native_selection_unavailable,,,,0,,4,0.0
44eaabe4cb923766,TVAE,native_selection_unavailable,,,,0,,4,0.0
46b25db9396c8209,CTGAN,native_selection_unavailable,,,,0,,4,0.0
46b25db9396c8209,TVAE,native_selection_unavailable,,,,0,,4,0.0
46c5a59e5ae42037,CTGAN,selected,-0.04863840624262772,0.13080884845576757,3,833110,691862,4,330.9265282228589
46c5a59e5ae42037,TVAE,selected,-648.7292177595778,0.16028370854298774,3,326636,293868,4,137.0879010797944
471f11cc2d38853a,CTGAN,selected,-0.5260704637184319,-0.023856998215889547,2,750091,750091,4,196.7480493239127
471f11cc2d38853a,TVAE,selected,0.41123749588990105,0.5908930363245573,2,269601,269601,4,179.07135764602572
47c581af5de1136b,CTGAN,selected,-0.3100263322054266,-0.3100263322054266,0,1399953,1399953,4,186.04996538255364
47c581af5de1136b,TVAE,selected,-0.7909674986926103,-0.2452647611394584,3,741479,708711,4,195.85265737958252
48b7a3bf81e5f3e5,CTGAN,native_selection_unavailable,,,,0,,4,0.0
48b7a3bf81e5f3e5,TVAE,native_selection_unavailable,,,,0,,4,0.0
4a354d98c965b01f,CTGAN,native_selection_unavailable,,,,0,,4,0.0
4a354d98c965b01f,TVAE,native_selection_unavailable,,,,0,,4,0.0
4aa84fff8ad0cd26,CTGAN,native_selection_unavailable,,,,0,,4,0.0
4aa84fff8ad0cd26,TVAE,native_selection_unavailable,,,,0,,4,0.0
51730b348b1bbd14,CTGAN,native_selection_unavailable,,,,0,,4,0.0
51730b348b1bbd14,TVAE,native_selection_unavailable,,,,0,,4,0.0
54b221668673164c,CTGAN,native_selection_unavailable,,,,0,,4,0.0
54b221668673164c,TVAE,native_selection_unavailable,,,,0,,4,0.0
552665868f8f72ed,CTGAN,native_selection_unavailable,,,,0,,4,0.0
552665868f8f72ed,TVAE,native_selection_unavailable,,,,0,,4,0.0
585fef2a1cb6b33f,CTGAN,native_selection_unavailable,,,,0,,4,0.0
585fef2a1cb6b33f,TVAE,native_selection_unavailable,,,,0,,4,0.0
642738a361f1c63a,CTGAN,selected,-0.1437966821712514,0.7397351891837207,3,671458,535010,4,191.28995367721654
642738a361f1c63a,TVAE,selected,0.5582365853490542,0.9071974878021452,3,221624,188856,4,171.09768285695463
64c64f0f9983c48f,CTGAN,native_selection_unavailable,,,,0,,4,0.0
64c64f0f9983c48f,TVAE,native_selection_unavailable,,,,0,,4,0.0
654566a1f91408aa,CTGAN,native_selection_unavailable,,,,0,,4,0.0
654566a1f91408aa,TVAE,native_selection_unavailable,,,,0,,4,0.0
693890aae9dc860b,CTGAN,native_selection_unavailable,,,,0,,4,0.0
693890aae9dc860b,TVAE,native_selection_unavailable,,,,0,,4,0.0
6cacb11611345a24,CTGAN,native_selection_unavailable,,,,0,,4,0.0
6cacb11611345a24,TVAE,native_selection_unavailable,,,,0,,4,0.0
7291b347fe0238fb,CTGAN,native_selection_unavailable,,,,0,,4,0.0
7291b347fe0238fb,TVAE,native_selection_unavailable,,,,0,,4,0.0
7423783f7e38bb9b,CTGAN,native_selection_unavailable,,,,0,,4,0.0
7423783f7e38bb9b,TVAE,native_selection_unavailable,,,,0,,4,0.0
7a3d123dd555110d,CTGAN,native_selection_unavailable,,,,0,,4,0.0
7a3d123dd555110d,TVAE,native_selection_unavailable,,,,0,,4,0.0
7c8943b160464add,CTGAN,native_selection_unavailable,,,,0,,4,0.0
7c8943b160464add,TVAE,native_selection_unavailable,,,,0,,4,0.0
7e51711baa1b1fb1,CTGAN,native_selection_unavailable,,,,0,,4,0.0
7e51711baa1b1fb1,TVAE,native_selection_unavailable,,,,0,,4,0.0
80589368fa78f21a,CTGAN,native_selection_unavailable,,,,0,,4,0.0
80589368fa78f21a,TVAE,native_selection_unavailable,,,,0,,4,0.0
8164950b155f7f56,CTGAN,native_selection_unavailable,,,,0,,4,0.0
8164950b155f7f56,TVAE,native_selection_unavailable,,,,0,,4,0.0
85a31ae409944a1b,CTGAN,native_selection_unavailable,,,,0,,4,0.0
85a31ae409944a1b,TVAE,native_selection_unavailable,,,,0,,4,0.0
8d859cfa7b51a351,CTGAN,native_selection_unavailable,,,,0,,4,0.0
8d859cfa7b51a351,TVAE,native_selection_unavailable,,,,0,,4,0.0
923483635406b213,CTGAN,native_selection_unavailable,,,,0,,4,0.0
923483635406b213,TVAE,native_selection_unavailable,,,,0,,4,0.0
9312d813229df035,CTGAN,native_selection_unavailable,,,,0,,4,0.0
9312d813229df035,TVAE,native_selection_unavailable,,,,0,,4,0.0
94a00ea67f49bf84,CTGAN,selected,-0.6770116593205655,-0.1736597273651851,1,730818,593602,4,153.79730920027941
94a00ea67f49bf84,TVAE,selected,0.07305271959078241,0.07305271959078241,0,274904,274904,4,91.59940326027572
94bd4520b8ceb3f0,CTGAN,native_selection_unavailable,,,,0,,4,0.0
94bd4520b8ceb3f0,TVAE,native_selection_unavailable,,,,0,,4,0.0
956d34f13e7af830,CTGAN,native_selection_unavailable,,,,0,,4,0.0
956d34f13e7af830,TVAE,native_selection_unavailable,,,,0,,4,0.0
9a10c15885022034,CTGAN,native_selection_unavailable,,,,0,,4,0.0
9a10c15885022034,TVAE,native_selection_unavailable,,,,0,,4,0.0
a04f964bc53281e0,CTGAN,native_selection_unavailable,,,,0,,4,0.0
a04f964bc53281e0,TVAE,native_selection_unavailable,,,,0,,4,0.0
a23f4bd626b76590,CTGAN,native_selection_unavailable,,,,0,,4,0.0
a23f4bd626b76590,TVAE,native_selection_unavailable,,,,0,,4,0.0
a32a69e7c701eb14,CTGAN,native_selection_unavailable,,,,0,,4,0.0
a32a69e7c701eb14,TVAE,native_selection_unavailable,,,,0,,4,0.0
a5ba682572f53add,CTGAN,native_selection_unavailable,,,,0,,4,0.0
a5ba682572f53add,TVAE,native_selection_unavailable,,,,0,,4,0.0
a863cd42be4d05d4,CTGAN,selected,0.616583523793909,0.616583523793909,0,636219,636219,4,85.02752405800857
a863cd42be4d05d4,TVAE,selected,0.5784109916747215,0.723260144084491,1,206865,174097,4,110.92625723686069
a97065df07a47eb0,CTGAN,native_selection_unavailable,,,,0,,4,0.0
a97065df07a47eb0,TVAE,native_selection_unavailable,,,,0,,4,0.0
ab279eded3b3c52b,CTGAN,native_selection_unavailable,,,,0,,4,0.0
ab279eded3b3c52b,TVAE,native_selection_unavailable,,,,0,,4,0.0
aebf5d861a8365b4,CTGAN,native_selection_unavailable,,,,0,,4,0.0
aebf5d861a8365b4,TVAE,native_selection_unavailable,,,,0,,4,0.0
b6adf79118a58cea,CTGAN,native_selection_unavailable,,,,0,,4,0.0
b6adf79118a58cea,TVAE,native_selection_unavailable,,,,0,,4,0.0
b78d323566930bd7,CTGAN,native_selection_unavailable,,,,0,,4,0.0
b78d323566930bd7,TVAE,native_selection_unavailable,,,,0,,4,0.0
b7f9774e2142a758,CTGAN,native_selection_unavailable,,,,0,,4,0.0
b7f9774e2142a758,TVAE,native_selection_unavailable,,,,0,,4,0.0
bc85856c012bcc1b,CTGAN,native_selection_unavailable,,,,0,,4,0.0
bc85856c012bcc1b,TVAE,native_selection_unavailable,,,,0,,4,0.0
c107ee39eb333a9d,CTGAN,native_selection_unavailable,,,,0,,4,0.0
c107ee39eb333a9d,TVAE,native_selection_unavailable,,,,0,,4,0.0
c30ff9405c916718,CTGAN,native_selection_unavailable,,,,0,,4,0.0
c30ff9405c916718,TVAE,native_selection_unavailable,,,,0,,4,0.0
c4f8e81b70d33a13,CTGAN,native_selection_unavailable,,,,0,,4,0.0
c4f8e81b70d33a13,TVAE,native_selection_unavailable,,,,0,,4,0.0
c649a4cee87c4321,CTGAN,native_selection_unavailable,,,,0,,4,0.0
c649a4cee87c4321,TVAE,native_selection_unavailable,,,,0,,4,0.0
cb5bf66ef2ee09ed,CTGAN,native_selection_unavailable,,,,0,,4,0.0
cb5bf66ef2ee09ed,TVAE,native_selection_unavailable,,,,0,,4,0.0
cba8393879afd1dc,CTGAN,native_selection_unavailable,,,,0,,4,0.0
cba8393879afd1dc,TVAE,native_selection_unavailable,,,,0,,4,0.0
ce1a79e2d658eb8a,CTGAN,native_selection_unavailable,,,,0,,4,0.0
ce1a79e2d658eb8a,TVAE,native_selection_unavailable,,,,0,,4,0.0
ce837ccd24a3a18c,CTGAN,native_selection_unavailable,,,,0,,4,0.0
ce837ccd24a3a18c,TVAE,native_selection_unavailable,,,,0,,4,0.0
cee6f811d0bf199d,CTGAN,native_selection_unavailable,,,,0,,4,0.0
cee6f811d0bf199d,TVAE,native_selection_unavailable,,,,0,,4,0.0
d255d3a2e1c8dbf4,CTGAN,native_selection_unavailable,,,,0,,4,0.0
d255d3a2e1c8dbf4,TVAE,native_selection_unavailable,,,,0,,4,0.0
d52bfd2b6ab1c850,CTGAN,native_selection_unavailable,,,,0,,4,0.0
d52bfd2b6ab1c850,TVAE,native_selection_unavailable,,,,0,,4,0.0
d9a3408a840c9f48,CTGAN,native_selection_unavailable,,,,0,,4,0.0
d9a3408a840c9f48,TVAE,native_selection_unavailable,,,,0,,4,0.0
da290fae0d6c072f,CTGAN,native_selection_unavailable,,,,0,,4,0.0
da290fae0d6c072f,TVAE,native_selection_unavailable,,,,0,,4,0.0
da78606950f100cd,CTGAN,native_selection_unavailable,,,,0,,4,0.0
da78606950f100cd,TVAE,native_selection_unavailable,,,,0,,4,0.0
dd16ac872ffb8673,CTGAN,native_selection_unavailable,,,,0,,4,0.0
dd16ac872ffb8673,TVAE,native_selection_unavailable,,,,0,,4,0.0
de2868ac837699fd,CTGAN,native_selection_unavailable,,,,0,,4,0.0
de2868ac837699fd,TVAE,native_selection_unavailable,,,,0,,4,0.0
e08f0b9931f93686,CTGAN,native_selection_unavailable,,,,0,,4,0.0
e08f0b9931f93686,TVAE,native_selection_unavailable,,,,0,,4,0.0
e18350fb51a9d1b0,CTGAN,native_selection_unavailable,,,,0,,4,0.0
e18350fb51a9d1b0,TVAE,native_selection_unavailable,,,,0,,4,0.0
e5a3a7b3668a1cc2,CTGAN,native_selection_unavailable,,,,0,,4,0.0
e5a3a7b3668a1cc2,TVAE,native_selection_unavailable,,,,0,,4,0.0
e68fdd96cc63271b,CTGAN,native_selection_unavailable,,,,0,,4,0.0
e68fdd96cc63271b,TVAE,native_selection_unavailable,,,,0,,4,0.0
ed2efb82fce4b098,CTGAN,selected,-0.044032635431419,-0.044032635431419,0,650291,650291,4,100.40881008002907
ed2efb82fce4b098,TVAE,selected,-0.09401945260887257,-0.017826485508354584,2,212745,212745,4,170.7776359980926
edc9d41a298fdf60,CTGAN,native_selection_unavailable,,,,0,,4,0.0
edc9d41a298fdf60,TVAE,native_selection_unavailable,,,,0,,4,0.0
efd53e9c0f36d608,CTGAN,native_selection_unavailable,,,,0,,4,0.0
efd53e9c0f36d608,TVAE,native_selection_unavailable,,,,0,,4,0.0
f0a3d6881458f990,CTGAN,native_selection_unavailable,,,,0,,4,0.0
f0a3d6881458f990,TVAE,native_selection_unavailable,,,,0,,4,0.0
f24e9383331c43e2,CTGAN,selected,-1.0980302337926053,0.21409694646383998,3,1109070,953166,4,311.4649952510372
f24e9383331c43e2,TVAE,selected,0.3387574917182538,0.5026004965075721,3,503908,471140,4,202.88325669337064
f652ea96eff62654,CTGAN,native_selection_unavailable,,,,0,,4,0.0
f652ea96eff62654,TVAE,native_selection_unavailable,,,,0,,4,0.0
f8cf362e371e8960,CTGAN,native_selection_unavailable,,,,0,,4,0.0
f8cf362e371e8960,TVAE,native_selection_unavailable,,,,0,,4,0.0
fc3812567b5fdd64,CTGAN,native_selection_unavailable,,,,0,,4,0.0
fc3812567b5fdd64,TVAE,native_selection_unavailable,,,,0,,4,0.0
fe6d7ac3fcd3129e,CTGAN,native_selection_unavailable,,,,0,,4,0.0
fe6d7ac3fcd3129e,TVAE,native_selection_unavailable,,,,0,,4,0.0
