dataset_id,lineage_sha256,fit_seed,config_sha256,status,actual_fit_exit,charged_artifact_bytes,model_bytes,projection_bytes,measured_whole_seconds,measured_scientific_seconds,prior_unmeasured_allocations,prior_book_charge_seconds
02a45777900441ce,1b8fc7ff8aed5f602aaaaff648bea5912d8735c1ecd4614519380175792e1a9f,11,a34729383eac6783c7e754a791094054d54f1062655db9a306cd4cca296c5ebc,fit_ok,0,84749044,84747426,1618,56.785672013647854,54.51254179980606,4,2400
047e62b52a3f4ede,1de264bf29e9b7be5c037cf2cc87eaf4f9f9a4bda04dad89915765a9d8187128,11,a34729383eac6783c7e754a791094054d54f1062655db9a306cd4cca296c5ebc,fit_ok,0,84879336,84877410,1926,51.346080779097974,49.448008607141674,4,2400
04c80944e971cb3e,619f19c0cca7c504ff366109fa892c4e90eed374e6cbf0a4e9023a86acb367f4,11,a34729383eac6783c7e754a791094054d54f1062655db9a306cd4cca296c5ebc,fit_ok,0,84154458,84153986,472,51.596226900815964,49.63917463924736,4,2400
0561d673cb73c27e,58debe6360991dff4448270a3bd03795bf2ee325879e38d8bf6e3c3e1c856c66,11,a34729383eac6783c7e754a791094054d54f1062655db9a306cd4cca296c5ebc,fit_ok,0,84747700,84745985,1715,60.11566781997681,58.397670987062156,4,2400
060b9fff8092db17,6cb0b4cd5e1d1314558aae041740268c1959d6fe2e25ca8fa23eaf005ffe7dd5,11,a34729383eac6783c7e754a791094054d54f1062655db9a306cd4cca296c5ebc,fit_ok,0,85738656,85734912,3744,58.63208393380046,56.667352763935924,4,2400
06b0312a585b436e,4449bb0afda7ab0872db582874de6d7af464172a8aea3c53cc9b1e7fa208d937,11,a34729383eac6783c7e754a791094054d54f1062655db9a306cd4cca296c5ebc,fit_ok,0,84749060,84747425,1635,55.10906104091555,53.089822029694915,4,2400
0779d3fd5b3133a2,57aa686230e87983091cd542a1bd8c5fbdfbb5d80020a0ab8f97b7039cedfea7,11,a34729383eac6783c7e754a791094054d54f1062655db9a306cd4cca296c5ebc,fit_ok,0,84154437,84153973,464,43.59829685091972,40.55218887422234,3,1800
07f38946316c039b,681c58fd35d89a9c0549e800bb1011c5413ceeccb8e86c86b4ed730517ac51bd,11,a34729383eac6783c7e754a791094054d54f1062655db9a306cd4cca296c5ebc,fit_ok,0,84748718,84747041,1677,52.61005354207009,50.96893290989101,2,1200
0a8428ef25a69175,339a31c602516e0db1424e8ca4f355ffc0cf874378478339a2d3d61f57abc612,11,a34729383eac6783c7e754a791094054d54f1062655db9a306cd4cca296c5ebc,fit_ok,0,84617075,84615648,1427,53.36210375186056,51.50155442394316,2,1200
0d482c1dd7cc6592,99d08ee75345ccb1f2d4182ebc57fe0e69a27d9238e138513097e229ea509075,11,a34729383eac6783c7e754a791094054d54f1062655db9a306cd4cca296c5ebc,fit_ok,0,84418053,84417081,972,45.096347694285214,43.35375467129052,2,1200
0db59fd2579600d0,ee2b308907fc7093aa97691c35a168f94b48a05e151bcdc4ec507d8a18199a94,11,a34729383eac6783c7e754a791094054d54f1062655db9a306cd4cca296c5ebc,fit_ok,0,84483939,84482840,1099,46.58890286274254,44.88937319163233,2,1200
0f86a714ec5f3ac6,58065aa700f093e391d5470d3184530d8f415708bd4e574e7c6c5b742a48f59e,11,a34729383eac6783c7e754a791094054d54f1062655db9a306cd4cca296c5ebc,fit_ok,0,85277299,85274545,2754,49.1086641876027,47.29463461693376,0,0
167578f5deba4977,1251f41d66e183c71d17326ea36c13200c76fa96d03b0e52a507bbb6d9fdcdae,11,a34729383eac6783c7e754a791094054d54f1062655db9a306cd4cca296c5ebc,fit_ok,0,84549959,84548673,1286,48.85801863949746,46.746737971901894,0,0
19f2c3c2d67defd7,8ce4bb0ae407e9da36a74049be0b721c2806ffce860d85bc331620b4d7fc66cd,11,a34729383eac6783c7e754a791094054d54f1062655db9a306cd4cca296c5ebc,fit_ok,0,84352952,84352063,889,53.16441348474473,51.175834802910686,0,0
19f4780b53b3fa41,2b534e35825a1d81a4a54fd87cc005a430a5c5f8ab6db27306b5f7f86dd307b0,11,a34729383eac6783c7e754a791094054d54f1062655db9a306cd4cca296c5ebc,fit_ok,0,84286280,84285537,743,48.117686277255416,46.25198821630329,0,0
1a4456d1cc71a26a,f191d6d5cf03bf28cee32ef7c6a7150d06d798c3187f6529c4bebb186895361c,11,a34729383eac6783c7e754a791094054d54f1062655db9a306cd4cca296c5ebc,fit_ok,0,84551053,84549753,1300,61.93273150827736,59.52826853096485,0,0
1a803b27c2400dc4,58a1845ddde54e0f4dca050d597770c4da43843d2223872195e212c55c7c454a,11,a34729383eac6783c7e754a791094054d54f1062655db9a306cd4cca296c5ebc,fit_ok,0,84352985,84352065,920,56.92422781698406,55.00273091066629,0,0
1cb97b1d7314d43d,70c52bbff22ea8fae42c4c0820116a968cd53f2c62c93bd6e137f595dd9f8fc3,11,a34729383eac6783c7e754a791094054d54f1062655db9a306cd4cca296c5ebc,fit_ok,0,84747508,84745891,1617,46.86889413371682,44.779608317650855,0,0
205f4b4982b9ea49,8448261cfba601803b00def92d9c57eec9f5ac98b33a1e6f48f92e66157ecee6,11,a34729383eac6783c7e754a791094054d54f1062655db9a306cd4cca296c5ebc,fit_ok,0,84748684,84747041,1643,75.18035409413278,72.58116906322539,0,0
26eff843be35d831,83431a007afad9817bceb5ae44b9d90757b08121b183e2479b29c063829523e9,11,a34729383eac6783c7e754a791094054d54f1062655db9a306cd4cca296c5ebc,fit_ok,0,85736193,85732537,3656,58.12927569448948,56.382421859540045,0,0
282f8ddb43b5e677,5c4a1f72a990a6d0fc3dd937aa5eb7ada901c0b9c91764b76c8f7a22f2465028,11,a34729383eac6783c7e754a791094054d54f1062655db9a306cd4cca296c5ebc,fit_ok,0,84748749,84747041,1708,53.62693174742162,51.89278222154826,0,0
297b7688a045c583,f4b6f650060f444677f2a39a411d27ee06cac95b78b0d3febc2d815b285311b3,11,a34729383eac6783c7e754a791094054d54f1062655db9a306cd4cca296c5ebc,fit_ok,0,87383421,87376353,7068,51.848299046978354,50.13226182758808,0,0
2c8d0985f3557d2b,015d8aad428e7191f6b0f59ccde22446142a7b64a62a1c314fff53aa4f36eff9,11,a34729383eac6783c7e754a791094054d54f1062655db9a306cd4cca296c5ebc,fit_ok,0,84220915,84220289,626,50.09558455925435,48.50421559344977,0,0
30ca2887550f0d8d,d99506e83b2c60808570ab9bef719d51dcd2cc49f114f78ef7c8204a0f89a113,11,a34729383eac6783c7e754a791094054d54f1062655db9a306cd4cca296c5ebc,fit_ok,0,85805435,85801673,3762,47.848553519696,46.177886857651174,0,0
3408a6a513c627a3,343c448c9f41030d7e3a1c14b724a8adc0ccfe83c60d0c73128b16861532301b,11,a34729383eac6783c7e754a791094054d54f1062655db9a306cd4cca296c5ebc,fit_ok,0,84220387,84219777,610,44.83721859194338,42.964317094534636,0,0
35a9aa9b88f0e4d1,925252fdb34cc88b13fe0eff4d48c30360847216082a577ad114bfc423b40281,11,a34729383eac6783c7e754a791094054d54f1062655db9a306cd4cca296c5ebc,fit_ok,0,84749070,84747425,1645,52.130863796919584,50.389583176001906,0,0
3d3321e27d14f9aa,6a10c48f654f6b02430912f8cf5bfe95bbd48491fb5567fa9a03fe4c1240986b,11,a34729383eac6783c7e754a791094054d54f1062655db9a306cd4cca296c5ebc,fit_ok,0,84418750,84417753,997,54.62896728888154,51.48225439153612,0,0
44eaabe4cb923766,b4f75a82072fbf07a5b310a161064a25fd08f02888dc50b013616316d02789ef,11,a34729383eac6783c7e754a791094054d54f1062655db9a306cd4cca296c5ebc,fit_ok,0,84418072,84417081,991,45.852566013112664,43.96987330727279,0,0
46b25db9396c8209,f8c89a96ba6fa1507dc060a64ccd2f80639db7d2b189b909382d1045cbe158a6,11,a34729383eac6783c7e754a791094054d54f1062655db9a306cd4cca296c5ebc,fit_ok,0,84881137,84879200,1937,58.38011530227959,56.55099077615887,0,0
46c5a59e5ae42037,120fa1ae4f0979b49fdfcbc41a690fc8a686f7ee889c816abc1c922dab61840b,11,a34729383eac6783c7e754a791094054d54f1062655db9a306cd4cca296c5ebc,fit_ok,0,84683058,84681537,1521,54.883947629481554,53.08997490257025,0,0
471f11cc2d38853a,618e4d22cce4df90e6e934107e927efbedc80df6e4ba91a6778c365205fe15bb,11,a34729383eac6783c7e754a791094054d54f1062655db9a306cd4cca296c5ebc,fit_ok,0,84352937,84352066,871,54.362236361950636,52.4581431299448,0,0
47c581af5de1136b,4c2cc8f758921b7bc771dfa9e110ba6636cff9720861ec1d726d72f3b1c63ee6,11,a34729383eac6783c7e754a791094054d54f1062655db9a306cd4cca296c5ebc,fit_ok,0,85736229,85732537,3692,56.62345921061933,54.95232510752976,0,0
48b7a3bf81e5f3e5,54f56c0f2dc26a8614cb5140c92e730ff5ea9f7d10a75c6fe9ee63a5759695ef,11,a34729383eac6783c7e754a791094054d54f1062655db9a306cd4cca296c5ebc,fit_ok,0,85736014,85732321,3693,51.367976954206824,49.68589944578707,0,0
4a354d98c965b01f,8dd3f793a12a0226ac3f8285ac0c6cbaab13e548f6435de986f59a2fa5873e0a,11,a34729383eac6783c7e754a791094054d54f1062655db9a306cd4cca296c5ebc,fit_ok,0,84418135,84417135,1000,49.09955984260887,47.4991611558944,0,0
4aa84fff8ad0cd26,991416ab9fd7c44617b7e5722eae8e913cd5dcf5a3e7b836196099970f5ac76d,11,a34729383eac6783c7e754a791094054d54f1062655db9a306cd4cca296c5ebc,fit_ok,0,84352963,84352064,899,50.09995481185615,48.395247778855264,0,0
51730b348b1bbd14,353d529dbb2a902e53f3974b71296b8c94779b7f96876c28d755436f02654cf2,11,a34729383eac6783c7e754a791094054d54f1062655db9a306cd4cca296c5ebc,fit_ok,0,84286254,84285536,718,45.839782307855785,44.10136965382844,0,0
54b221668673164c,9350b3d10c943b53e39b5e64c48e671b19cbc35a53098a3994185a9a496c1184,11,a34729383eac6783c7e754a791094054d54f1062655db9a306cd4cca296c5ebc,fit_ok,0,84419002,84417978,1024,51.59444963932037,49.855237774550915,0,0
552665868f8f72ed,8628728d57326dfc5108504542babdf4d53e16e7f7e74ad61ab8bf1855787fd7,11,a34729383eac6783c7e754a791094054d54f1062655db9a306cd4cca296c5ebc,fit_ok,0,84220368,84219777,591,45.58152967877686,43.9660229254514,0,0
585fef2a1cb6b33f,70cf7e3c05f0c4d17203e8c93f14d914f61b00adaee87934cf6d719ec98d3d2a,11,a34729383eac6783c7e754a791094054d54f1062655db9a306cd4cca296c5ebc,fit_ok,0,84220395,84219777,618,46.33866108767688,44.7712013842538,0,0
642738a361f1c63a,2140908b76391da27a822b5ca22745290d84966a3778e23198ad407dbdf0ce65,11,a34729383eac6783c7e754a791094054d54f1062655db9a306cd4cca296c5ebc,fit_ok,0,84220926,84220288,638,46.597533139400184,45.048343260772526,0,0
64c64f0f9983c48f,b3cf5810f63f35906b9d042274d8d9b419327fc7c6e0de050d4f53128c759c05,11,a34729383eac6783c7e754a791094054d54f1062655db9a306cd4cca296c5ebc,fit_ok,0,84220377,84219778,599,47.365253186784685,45.686051996424794,0,0
654566a1f91408aa,d154350de7073d70a3f03e8a3c928133175c43b44e0ea6f6dc893d46ee02aea1,11,a34729383eac6783c7e754a791094054d54f1062655db9a306cd4cca296c5ebc,fit_ok,0,91810676,91794699,15977,54.63382352422923,52.8388102138415,0,0
693890aae9dc860b,3eb007aa89089307d342ab5b258c1cd95d2f4ec8b6584b22278fddd1205d70e6,11,a34729383eac6783c7e754a791094054d54f1062655db9a306cd4cca296c5ebc,fit_ok,0,84154458,84153986,472,46.61022159643471,44.77595909964293,0,0
6cacb11611345a24,d361597d5110773bf104b88417de14f7ce4d01d48e5c411f61715108145b712a,11,a34729383eac6783c7e754a791094054d54f1062655db9a306cd4cca296c5ebc,fit_ok,0,84485018,84483864,1154,50.85961792618036,49.049633531831205,0,0
7291b347fe0238fb,52c65914cb5d5d84d86c2953139a408516cbd5c4bacfadfaba37df610e59417f,11,a34729383eac6783c7e754a791094054d54f1062655db9a306cd4cca296c5ebc,fit_ok,0,84419032,84417977,1055,52.86713869776577,51.18088197428733,0,0
7423783f7e38bb9b,205e71bd38856cc49d168453ee8594f6e4d3b262f77bae38e7602b9b861f16f6,11,a34729383eac6783c7e754a791094054d54f1062655db9a306cd4cca296c5ebc,fit_ok,0,84220405,84219778,627,48.368455906398594,46.65717654954642,0,0
7a3d123dd555110d,5a2bb008c3697305af6b18605931ab5e1ef81998a32133c22a1287ae66f7413e,11,a34729383eac6783c7e754a791094054d54f1062655db9a306cd4cca296c5ebc,fit_ok,0,85738611,85734914,3697,59.38271790090948,57.57024517096579,0,0
7c8943b160464add,5705ba39c4ab175041304a22bcb8323a1dea6cfa5bfc7eb30f5b844ee89227f7,11,a34729383eac6783c7e754a791094054d54f1062655db9a306cd4cca296c5ebc,fit_ok,0,84418088,84417082,1006,49.09968990646303,47.525371552444994,0,0
7e51711baa1b1fb1,1ebdd28efee516d4363320adde4550b3b70d5fa800f46345192b11ab62f62ab4,11,a34729383eac6783c7e754a791094054d54f1062655db9a306cd4cca296c5ebc,fit_ok,0,84418991,84417974,1017,52.356644259765744,50.29653564374894,0,0
80589368fa78f21a,8e500ea2d8ab11e58b748a512db78b87f29cfeed2708562bf1a6e4ae5d101105,11,a34729383eac6783c7e754a791094054d54f1062655db9a306cd4cca296c5ebc,fit_ok,0,84617036,84615649,1387,53.137664877809584,51.646826572716236,0,0
8164950b155f7f56,612361bdadb4fc5441fc5cf8d1abcfc423e53f055f2d77cb2740bf7514a94ae8,11,a34729383eac6783c7e754a791094054d54f1062655db9a306cd4cca296c5ebc,fit_ok,0,84352969,84352063,906,50.34206395223737,48.63151300791651,0,0
85a31ae409944a1b,2b5e7c4ecb847028f9c980737a627f0afff9f4062ee45566890fce4a24d5a493,11,a34729383eac6783c7e754a791094054d54f1062655db9a306cd4cca296c5ebc,fit_ok,0,84286943,84286177,766,50.09163208305836,48.375123642385006,0,0
8d859cfa7b51a351,4debd829fd6539b248b716213a7fd6dca959bdd2b7b5d1104e5a3349c12a48b4,11,a34729383eac6783c7e754a791094054d54f1062655db9a306cd4cca296c5ebc,fit_ok,0,84286932,84286176,756,52.604893625713885,50.82898503355682,0,0
923483635406b213,50a0f0029cfc99d72ca631fc18166fe537888924bf48549200ce46044621d8a7,11,a34729383eac6783c7e754a791094054d54f1062655db9a306cd4cca296c5ebc,fit_ok,0,84749042,84747424,1618,52.118397827260196,50.567278121598065,0,0
9312d813229df035,275f770f1af77d2aa99866d10bc19efc330dd6f618853af5c61d28a5686183e6,11,a34729383eac6783c7e754a791094054d54f1062655db9a306cd4cca296c5ebc,fit_ok,0,84352155,84351295,860,48.60120885167271,46.767591192387044,0,0
94a00ea67f49bf84,7ebb50c23dd8bf4dca58149fce154df7205350b52e9ea109609dab0c195eef98,11,a34729383eac6783c7e754a791094054d54f1062655db9a306cd4cca296c5ebc,fit_ok,0,84418071,84417081,990,50.36072070989758,48.63301828224212,0,0
94bd4520b8ceb3f0,beae228a7a873ce72254c0620e8ad527ce8d138f96e95be45a2ec1352eebeba0,11,a34729383eac6783c7e754a791094054d54f1062655db9a306cd4cca296c5ebc,fit_ok,0,84419025,84417977,1048,50.63291435316205,48.94484523218125,0,0
956d34f13e7af830,63a81a67f7081a10710e0c1e87f7f3ec2489c8e2df4d689114eef2abe4ac2c79,11,a34729383eac6783c7e754a791094054d54f1062655db9a306cd4cca296c5ebc,fit_ok,0,85738641,85734912,3729,60.89138682652265,58.95789677742869,0,0
9a10c15885022034,be668757a9e925ca7934622862f952353cc56dfdd97eeeb7921d2c005f17c981,11,a34729383eac6783c7e754a791094054d54f1062655db9a306cd4cca296c5ebc,fit_ok,0,85077021,85074698,2323,51.1136478940025,49.32113631628454,0,0
a04f964bc53281e0,6b62c7974133df4f04e2a90b5911b47c7b7c7879e78e640d18c38a1087576c72,11,a34729383eac6783c7e754a791094054d54f1062655db9a306cd4cca296c5ebc,fit_ok,0,84220367,84219776,591,52.389451306313276,50.422717122361064,0,0
a23f4bd626b76590,6c61c417f1fea4799c61684e1994c8b9cd9e060773e472ce0498903a0071f1a3,11,a34729383eac6783c7e754a791094054d54f1062655db9a306cd4cca296c5ebc,fit_ok,0,84419015,84417976,1039,67.73572517838329,64.51333202887326,0,0
a32a69e7c701eb14,9f0e6104db41c56f41c97bbaf008de15a4e9cd1e6bc4fe0ff82c6d8296f533b2,11,a34729383eac6783c7e754a791094054d54f1062655db9a306cd4cca296c5ebc,fit_ok,0,90687955,90674179,13776,65.45364138204604,63.39847151376307,0,0
a5ba682572f53add,9c8175ce72c5ac6b74bee58098d08a2198d3a20304ff61e3c9dddade1226f472,11,a34729383eac6783c7e754a791094054d54f1062655db9a306cd4cca296c5ebc,fit_ok,0,84747580,84745890,1690,63.3953772559762,61.35210935585201,0,0
a863cd42be4d05d4,71704798f1463f7c0665f34a2119bfc28d9bae1bae74041a271c60a41034157e,11,a34729383eac6783c7e754a791094054d54f1062655db9a306cd4cca296c5ebc,fit_ok,0,84220375,84219776,599,50.854025818407536,48.87686767894775,0,0
a97065df07a47eb0,b9fdfd47979becbd5eb57bea385741fe0260274e032a359db4a8d19e50d7f487,11,a34729383eac6783c7e754a791094054d54f1062655db9a306cd4cca296c5ebc,fit_ok,0,85738595,85734913,3682,60.372885822318494,58.687181008048356,0,0
ab279eded3b3c52b,e11f82b8eccd6dc9e600e3052f3d000f6483aed9b0c3b5a10e9e1c2bbfa1a2a0,11,a34729383eac6783c7e754a791094054d54f1062655db9a306cd4cca296c5ebc,fit_ok,0,85145226,85142761,2465,58.6135341078043,55.5675659365952,0,0
aebf5d861a8365b4,ad86ad2ed9918cf2f60728372f278a79a5cc06325f329d8b9c7c57b476b460ca,11,a34729383eac6783c7e754a791094054d54f1062655db9a306cd4cca296c5ebc,fit_ok,0,84549907,84548673,1234,46.61190616991371,44.97949929814786,0,0
b6adf79118a58cea,4a5399970194cb47cfdaaa4ea1cf034599f4847596e0b889657d8529e01ff93e,11,a34729383eac6783c7e754a791094054d54f1062655db9a306cd4cca296c5ebc,fit_ok,0,84881164,84879201,1963,52.365755550563335,50.476757634431124,0,0
b78d323566930bd7,761ca486b638bf32afc06241d545c31e5ad2ec1ae201d25d9627c7242806c3ef,11,a34729383eac6783c7e754a791094054d54f1062655db9a306cd4cca296c5ebc,fit_ok,0,87388375,87381343,7032,60.65120429638773,58.98973347526044,0,0
b7f9774e2142a758,c5dbfef9a2aea2fc2632ee2e74c7a0f7aa7276b56c0c9c81c658260860642f3e,11,a34729383eac6783c7e754a791094054d54f1062655db9a306cd4cca296c5ebc,fit_ok,0,84220394,84219777,617,50.096847099252045,48.53582802042365,0,0
bc85856c012bcc1b,aa8c6f2a6e2a86eb29fbb9b438d56f444d9a306d1b6f4e05264f633fa8110228,11,a34729383eac6783c7e754a791094054d54f1062655db9a306cd4cca296c5ebc,fit_ok,0,87388483,87381344,7139,59.63409268390387,57.96254615299404,0,0
c107ee39eb333a9d,edc9367abe2668ccdf34735870dfdfc61294ebbcb4a97d264cf5f9677e5879ce,11,a34729383eac6783c7e754a791094054d54f1062655db9a306cd4cca296c5ebc,fit_ok,0,85736199,85732536,3663,53.60332657955587,51.81920888274908,0,0
c30ff9405c916718,c5c629db3046584e4f00516c45fe6861470150a3ff9081d52616127e26a6292c,11,a34729383eac6783c7e754a791094054d54f1062655db9a306cd4cca296c5ebc,fit_ok,0,84418067,84417080,987,48.35527074802667,46.627560241147876,0,0
c4f8e81b70d33a13,aaea626a6c6eaadac48575f2d7c1b7393b799e65b2f6ad2c0af309e4fab281f7,11,a34729383eac6783c7e754a791094054d54f1062655db9a306cd4cca296c5ebc,fit_ok,0,87388462,87381344,7118,60.866952100768685,59.078482707962394,0,0
c649a4cee87c4321,8ae8e3c6556c63c9f32c5dc72083a798358f6377f107d6a3d101f58784bd990b,11,a34729383eac6783c7e754a791094054d54f1062655db9a306cd4cca296c5ebc,fit_ok,0,84352966,84352064,902,50.85044552385807,48.78635711502284,0,0
cb5bf66ef2ee09ed,b4307f9a76fe83a1f8e190bb011b7947832e29c3cd1ab193799d95a3b4d4071a,11,a34729383eac6783c7e754a791094054d54f1062655db9a306cd4cca296c5ebc,fit_ok,0,84220378,84219777,601,48.102029299363494,46.518714079633355,0,0
cba8393879afd1dc,b763ae6da00001dfa50d75bb5f7bf42e9622f9c0a83066220291830e59912288,11,a34729383eac6783c7e754a791094054d54f1062655db9a306cd4cca296c5ebc,fit_ok,0,84483959,84482840,1119,47.09353487752378,45.075562168844044,0,0
ce1a79e2d658eb8a,99f0c5cc9b320af1d10641690064844cb55f77e0ddab62b1cf2fe8f956063e41,11,a34729383eac6783c7e754a791094054d54f1062655db9a306cd4cca296c5ebc,fit_ok,0,84220387,84219778,609,48.600342207588255,47.03811371512711,0,0
ce837ccd24a3a18c,0039af39332e61298a6a6ea695b74390863c26d4a177ce0f35735689269b1a97,11,a34729383eac6783c7e754a791094054d54f1062655db9a306cd4cca296c5ebc,fit_ok,0,84220384,84219776,608,46.59666992351413,44.5938636045903,0,0
cee6f811d0bf199d,4791d0b9c4f9762096a4119c47ec07b00db5252623f6a3838068465f0f15383d,11,a34729383eac6783c7e754a791094054d54f1062655db9a306cd4cca296c5ebc,fit_ok,0,84419004,84417977,1027,50.0953618073836,48.30782348848879,0,0
d255d3a2e1c8dbf4,7c23ebcfb35f1d50903d9521485e02c210bb50887eb9565b178b548f19e5e0d7,11,a34729383eac6783c7e754a791094054d54f1062655db9a306cd4cca296c5ebc,fit_ok,0,84220918,84220289,629,51.59560748748481,49.564993682317436,0,0
d52bfd2b6ab1c850,cf57e8df47a30283e0737d11ef70078405f1e92c43f75f7e21b9012b50ed9840,11,a34729383eac6783c7e754a791094054d54f1062655db9a306cd4cca296c5ebc,fit_ok,0,84286928,84286178,750,47.09055505879223,45.500966855324805,0,0
d9a3408a840c9f48,4c966d6ee3543b51d8d78a1dfd4dc41655cc01cb974eead9120006b60048bf33,11,a34729383eac6783c7e754a791094054d54f1062655db9a306cd4cca296c5ebc,fit_ok,0,85011193,85008937,2256,52.60435510147363,50.89314925298095,0,0
da290fae0d6c072f,a52004d3e8dfec8ce57839ae4ea41ba4f76c4cb70c26411e9eec98776cc2875b,11,a34729383eac6783c7e754a791094054d54f1062655db9a306cd4cca296c5ebc,fit_ok,0,84286945,84286177,768,49.592891725711524,47.896431933157146,0,0
da78606950f100cd,87229a8eb36b4e6fa16e573b58183ff4c5d12ea8038bb0fd99c2344a3e46556e,11,a34729383eac6783c7e754a791094054d54f1062655db9a306cd4cca296c5ebc,fit_ok,0,84683077,84681537,1540,49.839543296955526,48.15237150341272,0,0
dd16ac872ffb8673,bfcc751b4928d0e02cd1202d5d666344c221c372ec589655cb761e8961beda4f,11,a34729383eac6783c7e754a791094054d54f1062655db9a306cd4cca296c5ebc,fit_ok,0,84220376,84219778,598,47.60345588158816,45.82458130456507,0,0
de2868ac837699fd,59006e9936f1eb3a42f9f8a2b7e0f5afdf5bc8e42d7dfe646a2f63fd5e1281f8,11,a34729383eac6783c7e754a791094054d54f1062655db9a306cd4cca296c5ebc,fit_ok,0,84749096,84747425,1671,53.36953958123922,51.73999007977545,0,0
e08f0b9931f93686,5bef96535188ebfe543236fee48f3186af7914fc68cf4f999ea8dac175716a3a,11,a34729383eac6783c7e754a791094054d54f1062655db9a306cd4cca296c5ebc,fit_ok,0,84617075,84615650,1425,54.620388929732144,52.94796221610159,0,0
e18350fb51a9d1b0,3cb1b882e73c8370845f6f80a8b70fa7709a370e7b9c9510f04a98dfad5feb29,11,a34729383eac6783c7e754a791094054d54f1062655db9a306cd4cca296c5ebc,fit_ok,0,84220404,84219778,626,47.34822424594313,45.674699612893164,0,0
e5a3a7b3668a1cc2,490d887a87d365645577a3736708b093c4beb19c206d766bba3c752351bd94ae,11,a34729383eac6783c7e754a791094054d54f1062655db9a306cd4cca296c5ebc,fit_ok,0,84286255,84285537,718,46.355432299897075,44.667729837819934,0,0
e68fdd96cc63271b,9a185e27e66b45cb4e5a7e5baf513af4f6da5aa3018636ff44e022ff3d239e93,11,a34729383eac6783c7e754a791094054d54f1062655db9a306cd4cca296c5ebc,fit_ok,0,85475413,85472225,3188,60.12825923599303,58.60267303697765,0,0
ed2efb82fce4b098,7e901eacdba07981b1a7dc203d76ff21caa554f142b5501bdbecf794e4ab692f,11,a34729383eac6783c7e754a791094054d54f1062655db9a306cd4cca296c5ebc,fit_ok,0,84220367,84219776,591,45.58966159168631,43.98383943364024,0,0
edc9d41a298fdf60,cd9fc58b53db47b097357b87da58243a1f4f3c521776b32e126f22327f330c06,11,a34729383eac6783c7e754a791094054d54f1062655db9a306cd4cca296c5ebc,fit_ok,0,84418747,84417751,996,49.846569918096066,48.13341742195189,0,0
efd53e9c0f36d608,acd240ad5cb7d51fc7dc17fb56f986306caf014cadedd0ce0f7d54e0bf46b8de,11,a34729383eac6783c7e754a791094054d54f1062655db9a306cd4cca296c5ebc,fit_ok,0,85076985,85074697,2288,51.85303313937038,50.09777681622654,0,0
f0a3d6881458f990,6c62e99f1dc0696f4772b2682c64bd25a418f06a9afac47b1fbb242633ad9790,11,a34729383eac6783c7e754a791094054d54f1062655db9a306cd4cca296c5ebc,fit_ok,0,84747691,84745984,1707,50.60278953798115,48.87764474377036,0,0
f24e9383331c43e2,23b751855a1fa2551a6d3364022ed1693bb134683aaaeb8133162f937b4f5751,11,a34729383eac6783c7e754a791094054d54f1062655db9a306cd4cca296c5ebc,fit_ok,0,85013202,85010985,2217,52.37852244544774,50.71954323351383,0,0
f652ea96eff62654,b7511ba2f3eaaebd115ee093b6a9b16f7b2947015fa03c86c0c7ee9a9d8dcd0c,11,a34729383eac6783c7e754a791094054d54f1062655db9a306cd4cca296c5ebc,fit_ok,0,84220369,84219778,591,48.35933606047183,46.82911791931838,0,0
f8cf362e371e8960,e0f1d09a77cfe385744538f41d75a58d0aa8f11d881333169bac2cb198f95747,11,a34729383eac6783c7e754a791094054d54f1062655db9a306cd4cca296c5ebc,fit_ok,0,84220403,84219776,627,44.598652080632746,42.9968184819445,0,0
fc3812567b5fdd64,30c2165138c9251fe636ab1d96847f02934415db20c2f68aed83b03ea4fb3aa6,11,a34729383eac6783c7e754a791094054d54f1062655db9a306cd4cca296c5ebc,fit_ok,0,85475453,85472225,3228,60.89539802912623,59.0126226618886,0,0
fe6d7ac3fcd3129e,a9e2c2563858641ae9165e864f2b2c270df68c6346aa2592f802de9090ce085e,11,a34729383eac6783c7e754a791094054d54f1062655db9a306cd4cca296c5ebc,fit_ok,0,84683025,84681537,1488,54.14788143336773,52.22213021852076,0,0
