dataset_id,lineage_sha256,fit_seed,status,reason,actual_worker_exit,native_result_admitted,native_value,native_winner,charged_artifact_bytes,measured_whole_seconds,prior_failed_native_attempts,prior_failed_native_whole_seconds
02a45777900441ce,1b8fc7ff8aed5f602aaaaff648bea5912d8735c1ecd4614519380175792e1a9f,11,native_audit_admitted,constant_float32_author_log_clipped_validation_target,0,True,,,84749044,14.297753462567925,1,3.7651674887165427
047e62b52a3f4ede,1de264bf29e9b7be5c037cf2cc87eaf4f9f9a4bda04dad89915765a9d8187128,11,native_audit_admitted,constant_float32_author_log_clipped_validation_target,0,True,,,84879336,13.039238863624632,1,4.517113132402301
04c80944e971cb3e,619f19c0cca7c504ff366109fa892c4e90eed374e6cbf0a4e9023a86acb367f4,11,native_audit_admitted,constant_float32_author_log_clipped_validation_target,0,True,,,84154458,12.28112318366766,1,5.268378362059593
0561d673cb73c27e,58debe6360991dff4448270a3bd03795bf2ee325879e38d8bf6e3c3e1c856c66,11,native_audit_admitted,constant_float32_author_log_clipped_validation_target,0,True,,,84747700,11.530415075831115,1,6.020659531466663
060b9fff8092db17,6cb0b4cd5e1d1314558aae041740268c1959d6fe2e25ca8fa23eaf005ffe7dd5,11,native_audit_unavailable,native_audit_monitoring_unavailable,0,False,,,85738656,13.3241117419675,1,3.5185300149023533
06b0312a585b436e,4449bb0afda7ab0872db582874de6d7af464172a8aea3c53cc9b1e7fa208d937,11,native_audit_admitted,constant_float32_author_log_clipped_validation_target,0,True,,,84749060,13.035557234659791,1,3.5153199238702655
0779d3fd5b3133a2,57aa686230e87983091cd542a1bd8c5fbdfbb5d80020a0ab8f97b7039cedfea7,11,native_audit_admitted,constant_float32_author_log_clipped_validation_target,0,True,,,84154437,12.03293165937066,1,3.514311426319182
07f38946316c039b,681c58fd35d89a9c0549e800bb1011c5413ceeccb8e86c86b4ed730517ac51bd,11,native_audit_admitted,constant_float32_author_log_clipped_validation_target,0,True,,,84748718,13.290783445350826,1,3.514746750704944
0a8428ef25a69175,339a31c602516e0db1424e8ca4f355ffc0cf874378478339a2d3d61f57abc612,11,native_audit_admitted,constant_float32_author_log_clipped_validation_target,0,True,,,84617075,12.283583262003958,1,3.2641550144180655
0d482c1dd7cc6592,99d08ee75345ccb1f2d4182ebc57fe0e69a27d9238e138513097e229ea509075,11,native_audit_unavailable,native_audit_monitoring_unavailable,0,False,,,84418053,11.55911176558584,1,3.5152559336274862
0db59fd2579600d0,ee2b308907fc7093aa97691c35a168f94b48a05e151bcdc4ec507d8a18199a94,11,native_audit_unavailable,native_audit_monitoring_unavailable,0,False,,,84483939,12.282734422944486,1,4.016204907558858
0f86a714ec5f3ac6,58065aa700f093e391d5470d3184530d8f415708bd4e574e7c6c5b742a48f59e,11,native_audit_admitted,constant_float32_author_log_clipped_validation_target,0,True,,,85277299,12.037157258950174,1,5.521722967736423
167578f5deba4977,1251f41d66e183c71d17326ea36c13200c76fa96d03b0e52a507bbb6d9fdcdae,11,native_audit_admitted,constant_float32_author_log_clipped_validation_target,0,True,,,84549959,12.279691778123379,1,3.5152068436145782
19f2c3c2d67defd7,8ce4bb0ae407e9da36a74049be0b721c2806ffce860d85bc331620b4d7fc66cd,11,native_audit_admitted,constant_float32_author_log_clipped_validation_target,0,True,,,84352952,11.281931220553815,1,3.5148201435804367
19f4780b53b3fa41,2b534e35825a1d81a4a54fd87cc005a430a5c5f8ab6db27306b5f7f86dd307b0,11,native_audit_unavailable,native_audit_monitoring_unavailable,0,False,,,84286280,12.042946797795594,1,3.514925948344171
1a4456d1cc71a26a,f191d6d5cf03bf28cee32ef7c6a7150d06d798c3187f6529c4bebb186895361c,11,native_audit_admitted,constant_float32_author_log_clipped_validation_target,0,True,,,84551053,11.029989222995937,1,3.514534910209477
1a803b27c2400dc4,58a1845ddde54e0f4dca050d597770c4da43843d2223872195e212c55c7c454a,11,native_input_unavailable,native_input_monitoring_unavailable,,False,,,84352985,0,0,0
1cb97b1d7314d43d,70c52bbff22ea8fae42c4c0820116a968cd53f2c62c93bd6e137f595dd9f8fc3,11,native_audit_admitted,constant_float32_author_log_clipped_validation_target,0,True,,,84747508,11.025534649379551,1,3.5144105600193143
205f4b4982b9ea49,8448261cfba601803b00def92d9c57eec9f5ac98b33a1e6f48f92e66157ecee6,11,native_audit_admitted,constant_float32_author_log_clipped_validation_target,0,True,,,84748684,13.034567586146295,1,3.514476038515568
26eff843be35d831,83431a007afad9817bceb5ae44b9d90757b08121b183e2479b29c063829523e9,11,native_audit_admitted,constant_float32_author_log_clipped_validation_target,0,True,,,85736193,11.78329660370946,1,3.5143808638677
282f8ddb43b5e677,5c4a1f72a990a6d0fc3dd937aa5eb7ada901c0b9c91764b76c8f7a22f2465028,11,native_audit_admitted,constant_float32_author_log_clipped_validation_target,0,True,,,84748749,12.788528527133167,1,3.5177398808300495
297b7688a045c583,f4b6f650060f444677f2a39a411d27ee06cac95b78b0d3febc2d815b285311b3,11,native_audit_admitted,constant_float32_author_log_clipped_validation_target,0,True,,,87383421,12.534249912016094,1,3.515299274586141
2c8d0985f3557d2b,015d8aad428e7191f6b0f59ccde22446142a7b64a62a1c314fff53aa4f36eff9,11,native_audit_admitted,constant_float32_author_log_clipped_validation_target,0,True,,,84220915,12.03046299610287,1,5.776746745221317
30ca2887550f0d8d,d99506e83b2c60808570ab9bef719d51dcd2cc49f114f78ef7c8204a0f89a113,11,native_audit_admitted,constant_float32_author_log_clipped_validation_target,0,True,,,85805435,12.791850495152175,1,3.7713056644424796
3408a6a513c627a3,343c448c9f41030d7e3a1c14b724a8adc0ccfe83c60d0c73128b16861532301b,11,native_audit_admitted,constant_float32_author_log_clipped_validation_target,0,True,,,84220387,14.28814750071615,1,4.018727269954979
35a9aa9b88f0e4d1,925252fdb34cc88b13fe0eff4d48c30360847216082a577ad114bfc423b40281,11,native_input_unavailable,native_input_monitoring_unavailable,,False,,,84749070,0,0,0
3d3321e27d14f9aa,6a10c48f654f6b02430912f8cf5bfe95bbd48491fb5567fa9a03fe4c1240986b,11,native_audit_admitted,constant_float32_author_log_clipped_validation_target,0,True,,,84418750,12.285245686769485,1,6.026150004006922
44eaabe4cb923766,b4f75a82072fbf07a5b310a161064a25fd08f02888dc50b013616316d02789ef,11,native_audit_admitted,constant_float32_author_log_clipped_validation_target,0,True,,,84418072,12.033876338973641,1,3.51469115447253
46b25db9396c8209,f8c89a96ba6fa1507dc060a64ccd2f80639db7d2b189b909382d1045cbe158a6,11,native_audit_admitted,constant_float32_author_log_clipped_validation_target,0,True,,,84881137,12.039665753021836,1,3.517493862658739
46c5a59e5ae42037,120fa1ae4f0979b49fdfcbc41a690fc8a686f7ee889c816abc1c922dab61840b,11,native_audit_admitted,constant_float32_author_log_clipped_validation_target,0,True,,,84683058,16.295727227814496,1,3.5207753367722034
471f11cc2d38853a,618e4d22cce4df90e6e934107e927efbedc80df6e4ba91a6778c365205fe15bb,11,native_audit_admitted,constant_float32_author_log_clipped_validation_target,0,True,,,84352937,11.53841788880527,1,3.7690452178940177
47c581af5de1136b,4c2cc8f758921b7bc771dfa9e110ba6636cff9720861ec1d726d72f3b1c63ee6,11,native_audit_admitted,constant_float32_author_log_clipped_validation_target,0,True,,,85736229,11.539654806256294,1,5.771393095143139
48b7a3bf81e5f3e5,54f56c0f2dc26a8614cb5140c92e730ff5ea9f7d10a75c6fe9ee63a5759695ef,11,native_audit_admitted,constant_float32_author_log_clipped_validation_target,0,True,,,85736014,13.038317970000207,1,3.5146039109677076
4a354d98c965b01f,8dd3f793a12a0226ac3f8285ac0c6cbaab13e548f6435de986f59a2fa5873e0a,11,native_audit_admitted,constant_float32_author_log_clipped_validation_target,0,True,,,84418135,11.277371043339372,1,3.5157912708818913
4aa84fff8ad0cd26,991416ab9fd7c44617b7e5722eae8e913cd5dcf5a3e7b836196099970f5ac76d,11,native_audit_admitted,constant_float32_author_log_clipped_validation_target,0,True,,,84352963,11.529722760431468,1,3.5164698669686913
51730b348b1bbd14,353d529dbb2a902e53f3974b71296b8c94779b7f96876c28d755436f02654cf2,11,native_audit_admitted,constant_float32_author_log_clipped_validation_target,0,True,,,84286254,13.535756047815084,1,3.5155263915657997
54b221668673164c,9350b3d10c943b53e39b5e64c48e671b19cbc35a53098a3994185a9a496c1184,11,native_audit_admitted,constant_float32_author_log_clipped_validation_target,0,True,,,84419002,12.283845704048872,1,3.513928164727986
552665868f8f72ed,8628728d57326dfc5108504542babdf4d53e16e7f7e74ad61ab8bf1855787fd7,11,native_audit_admitted,constant_float32_author_log_clipped_validation_target,0,True,,,84220368,11.27707352861762,1,3.516719413921237
585fef2a1cb6b33f,70cf7e3c05f0c4d17203e8c93f14d914f61b00adaee87934cf6d719ec98d3d2a,11,native_input_unavailable,native_input_monitoring_unavailable,,False,,,84220395,0,0,0
642738a361f1c63a,2140908b76391da27a822b5ca22745290d84966a3778e23198ad407dbdf0ce65,11,native_audit_admitted,constant_float32_author_log_clipped_validation_target,0,True,,,84220926,13.28612500615418,1,3.514551630243659
64c64f0f9983c48f,b3cf5810f63f35906b9d042274d8d9b419327fc7c6e0de050d4f53128c759c05,11,native_audit_unavailable,native_audit_monitoring_unavailable,0,False,,,84220377,11.040721524506807,1,3.515742538496852
654566a1f91408aa,d154350de7073d70a3f03e8a3c928133175c43b44e0ea6f6dc893d46ee02aea1,11,native_input_unavailable,native_input_monitoring_unavailable,,False,,,91810676,0,0,0
693890aae9dc860b,3eb007aa89089307d342ab5b258c1cd95d2f4ec8b6584b22278fddd1205d70e6,11,native_audit_unavailable,native_audit_monitoring_unavailable,0,False,,,84154458,11.285465077497065,1,3.2648676931858063
6cacb11611345a24,d361597d5110773bf104b88417de14f7ce4d01d48e5c411f61715108145b712a,11,native_audit_admitted,constant_float32_author_log_clipped_validation_target,0,True,,,84485018,13.281381983309984,1,5.01984928175807
7291b347fe0238fb,52c65914cb5d5d84d86c2953139a408516cbd5c4bacfadfaba37df610e59417f,11,native_audit_admitted,constant_float32_author_log_clipped_validation_target,0,True,,,84419032,13.0325624383986,1,3.2641273187473416
7423783f7e38bb9b,205e71bd38856cc49d168453ee8594f6e4d3b262f77bae38e7602b9b861f16f6,11,native_audit_admitted,constant_float32_author_log_clipped_validation_target,0,True,,,84220405,11.029624603688717,1,3.5149872694164515
7a3d123dd555110d,5a2bb008c3697305af6b18605931ab5e1ef81998a32133c22a1287ae66f7413e,11,native_audit_admitted,constant_float32_author_log_clipped_validation_target,0,True,,,85738611,14.542428788729012,1,3.2641322864219546
7c8943b160464add,5705ba39c4ab175041304a22bcb8323a1dea6cfa5bfc7eb30f5b844ee89227f7,11,native_audit_admitted,constant_float32_author_log_clipped_validation_target,0,True,,,84418088,11.280944154597819,1,3.5142884077504277
7e51711baa1b1fb1,1ebdd28efee516d4363320adde4550b3b70d5fa800f46345192b11ab62f62ab4,11,native_audit_admitted,constant_float32_author_log_clipped_validation_target,0,True,,,84418991,11.53071936685592,1,3.5147886192426085
80589368fa78f21a,8e500ea2d8ab11e58b748a512db78b87f29cfeed2708562bf1a6e4ae5d101105,11,native_audit_unavailable,native_audit_monitoring_unavailable,0,False,,,84617036,12.797635255381465,1,3.516183577477932
8164950b155f7f56,612361bdadb4fc5441fc5cf8d1abcfc423e53f055f2d77cb2740bf7514a94ae8,11,native_audit_admitted,constant_float32_author_log_clipped_validation_target,0,True,,,84352969,11.791714177466929,1,5.269121334888041
85a31ae409944a1b,2b5e7c4ecb847028f9c980737a627f0afff9f4062ee45566890fce4a24d5a493,11,native_audit_unavailable,native_audit_monitoring_unavailable,0,False,,,84286943,14.07442473154515,1,3.5172063130885363
8d859cfa7b51a351,4debd829fd6539b248b716213a7fd6dca959bdd2b7b5d1104e5a3349c12a48b4,11,native_audit_unavailable,native_audit_monitoring_unavailable,0,False,,,84286932,13.323319304734468,1,6.021493600681424
923483635406b213,50a0f0029cfc99d72ca631fc18166fe537888924bf48549200ce46044621d8a7,11,native_audit_admitted,constant_float32_author_log_clipped_validation_target,0,True,,,84749042,11.287545559927821,1,3.5172656662762165
9312d813229df035,275f770f1af77d2aa99866d10bc19efc330dd6f618853af5c61d28a5686183e6,11,native_input_unavailable,native_input_monitoring_unavailable,,False,,,84352155,0,0,0
94a00ea67f49bf84,7ebb50c23dd8bf4dca58149fce154df7205350b52e9ea109609dab0c195eef98,11,native_audit_admitted,constant_float32_author_log_clipped_validation_target,0,True,,,84418071,11.779071809723973,1,3.7669637398794293
94bd4520b8ceb3f0,beae228a7a873ce72254c0620e8ad527ce8d138f96e95be45a2ec1352eebeba0,11,native_audit_admitted,constant_float32_author_log_clipped_validation_target,0,True,,,84419025,13.788176559843123,1,3.768161891028285
956d34f13e7af830,63a81a67f7081a10710e0c1e87f7f3ec2489c8e2df4d689114eef2abe4ac2c79,11,native_input_unavailable,native_input_monitoring_unavailable,,False,,,85738641,0,0,0
9a10c15885022034,be668757a9e925ca7934622862f952353cc56dfdd97eeeb7921d2c005f17c981,11,native_audit_admitted,constant_float32_author_log_clipped_validation_target,0,True,,,85077021,11.532631972804666,1,3.5244165947660804
a04f964bc53281e0,6b62c7974133df4f04e2a90b5911b47c7b7c7879e78e640d18c38a1087576c72,11,native_audit_admitted,constant_float32_author_log_clipped_validation_target,0,True,,,84220367,14.792621083557606,1,3.768012173473835
a23f4bd626b76590,6c61c417f1fea4799c61684e1994c8b9cd9e060773e472ce0498903a0071f1a3,11,native_audit_admitted,constant_float32_author_log_clipped_validation_target,0,True,,,84419015,15.299710892140865,1,3.7682986576110125
a32a69e7c701eb14,9f0e6104db41c56f41c97bbaf008de15a4e9cd1e6bc4fe0ff82c6d8296f533b2,11,native_audit_admitted,constant_float32_author_log_clipped_validation_target,0,True,,,90687955,11.817495982162654,1,4.0209988271817565
a5ba682572f53add,9c8175ce72c5ac6b74bee58098d08a2198d3a20304ff61e3c9dddade1226f472,11,native_audit_admitted,constant_float32_author_log_clipped_validation_target,0,True,,,84747580,15.553965819999576,1,4.021010524593294
a863cd42be4d05d4,71704798f1463f7c0665f34a2119bfc28d9bae1bae74041a271c60a41034157e,11,native_audit_admitted,constant_float32_author_log_clipped_validation_target,0,True,,,84220375,11.538367199711502,1,6.030420392751694
a97065df07a47eb0,b9fdfd47979becbd5eb57bea385741fe0260274e032a359db4a8d19e50d7f487,11,native_audit_admitted,constant_float32_author_log_clipped_validation_target,0,True,,,85738595,12.297661086544394,1,4.027299451641738
ab279eded3b3c52b,e11f82b8eccd6dc9e600e3052f3d000f6483aed9b0c3b5a10e9e1c2bbfa1a2a0,11,native_audit_admitted,constant_float32_author_log_clipped_validation_target,0,True,,,85145226,14.04523104801774,1,3.7675467329099774
aebf5d861a8365b4,ad86ad2ed9918cf2f60728372f278a79a5cc06325f329d8b9c7c57b476b460ca,11,native_input_unavailable,native_input_monitoring_unavailable,,False,,,84549907,0,0,0
b6adf79118a58cea,4a5399970194cb47cfdaaa4ea1cf034599f4847596e0b889657d8529e01ff93e,11,native_audit_admitted,constant_float32_author_log_clipped_validation_target,0,True,,,84881164,13.792002913542092,1,3.517192190513015
b78d323566930bd7,761ca486b638bf32afc06241d545c31e5ad2ec1ae201d25d9627c7242806c3ef,11,native_audit_admitted,constant_float32_author_log_clipped_validation_target,0,True,,,87388375,11.5440783072263,1,3.5166286854073405
b7f9774e2142a758,c5dbfef9a2aea2fc2632ee2e74c7a0f7aa7276b56c0c9c81c658260860642f3e,11,native_audit_admitted,constant_float32_author_log_clipped_validation_target,0,True,,,84220394,13.28649877011776,1,3.7695718174800277
bc85856c012bcc1b,aa8c6f2a6e2a86eb29fbb9b438d56f444d9a306d1b6f4e05264f633fa8110228,11,native_audit_admitted,constant_float32_author_log_clipped_validation_target,0,True,,,87388483,12.30243122112006,1,4.0246472312137485
c107ee39eb333a9d,edc9367abe2668ccdf34735870dfdfc61294ebbcb4a97d264cf5f9677e5879ce,11,native_audit_admitted,constant_float32_author_log_clipped_validation_target,0,True,,,85736199,12.295784839428961,1,3.775148385204375
c30ff9405c916718,c5c629db3046584e4f00516c45fe6861470150a3ff9081d52616127e26a6292c,11,native_audit_unavailable,native_audit_monitoring_unavailable,0,False,,,84418067,13.797976058907807,1,3.769621496088803
c4f8e81b70d33a13,aaea626a6c6eaadac48575f2d7c1b7393b799e65b2f6ad2c0af309e4fab281f7,11,native_audit_unavailable,native_audit_monitoring_unavailable,0,False,,,87388462,14.849992791190743,1,4.023944456130266
c649a4cee87c4321,8ae8e3c6556c63c9f32c5dc72083a798358f6377f107d6a3d101f58784bd990b,11,native_audit_admitted,constant_float32_author_log_clipped_validation_target,0,True,,,84352966,14.044194480404258,1,8.54414008744061
cb5bf66ef2ee09ed,b4307f9a76fe83a1f8e190bb011b7947832e29c3cd1ab193799d95a3b4d4071a,11,native_audit_admitted,constant_float32_author_log_clipped_validation_target,0,True,,,84220378,11.783901799470186,0,0
cba8393879afd1dc,b763ae6da00001dfa50d75bb5f7bf42e9622f9c0a83066220291830e59912288,11,native_audit_admitted,constant_float32_author_log_clipped_validation_target,0,True,,,84483959,12.037627182900906,0,0
ce1a79e2d658eb8a,99f0c5cc9b320af1d10641690064844cb55f77e0ddab62b1cf2fe8f956063e41,11,native_audit_admitted,constant_float32_author_log_clipped_validation_target,0,True,,,84220387,14.293191011063755,0,0
ce837ccd24a3a18c,0039af39332e61298a6a6ea695b74390863c26d4a177ce0f35735689269b1a97,11,native_audit_admitted,constant_float32_author_log_clipped_validation_target,0,True,,,84220384,11.530963061377406,0,0
cee6f811d0bf199d,4791d0b9c4f9762096a4119c47ec07b00db5252623f6a3838068465f0f15383d,11,native_audit_unavailable,native_audit_monitoring_unavailable,0,False,,,84419004,12.303415758535266,0,0
d255d3a2e1c8dbf4,7c23ebcfb35f1d50903d9521485e02c210bb50887eb9565b178b548f19e5e0d7,11,native_audit_admitted,constant_float32_author_log_clipped_validation_target,0,True,,,84220918,15.289892192929983,0,0
d52bfd2b6ab1c850,cf57e8df47a30283e0737d11ef70078405f1e92c43f75f7e21b9012b50ed9840,11,native_audit_admitted,constant_float32_author_log_clipped_validation_target,0,True,,,84286928,12.03063009865582,0,0
d9a3408a840c9f48,4c966d6ee3543b51d8d78a1dfd4dc41655cc01cb974eead9120006b60048bf33,11,native_audit_admitted,constant_float32_author_log_clipped_validation_target,0,True,,,85011193,12.282770204357803,0,0
da290fae0d6c072f,a52004d3e8dfec8ce57839ae4ea41ba4f76c4cb70c26411e9eec98776cc2875b,11,native_audit_admitted,constant_float32_author_log_clipped_validation_target,0,True,,,84286945,14.539849718101323,0,0
da78606950f100cd,87229a8eb36b4e6fa16e573b58183ff4c5d12ea8038bb0fd99c2344a3e46556e,11,native_audit_admitted,constant_float32_author_log_clipped_validation_target,0,True,,,84683077,11.791185211390257,0,0
dd16ac872ffb8673,bfcc751b4928d0e02cd1202d5d666344c221c372ec589655cb761e8961beda4f,11,native_audit_unavailable,native_audit_monitoring_unavailable,0,False,,,84220376,15.311837854795158,0,0
de2868ac837699fd,59006e9936f1eb3a42f9f8a2b7e0f5afdf5bc8e42d7dfe646a2f63fd5e1281f8,11,native_audit_admitted,constant_float32_author_log_clipped_validation_target,0,True,,,84749096,12.791615387424827,0,0
e08f0b9931f93686,5bef96535188ebfe543236fee48f3186af7914fc68cf4f999ea8dac175716a3a,11,native_audit_admitted,constant_float32_author_log_clipped_validation_target,0,True,,,84617075,11.788188999518752,0,0
e18350fb51a9d1b0,3cb1b882e73c8370845f6f80a8b70fa7709a370e7b9c9510f04a98dfad5feb29,11,native_audit_admitted,constant_float32_author_log_clipped_validation_target,0,True,,,84220404,14.54402833711356,0,0
e5a3a7b3668a1cc2,490d887a87d365645577a3736708b093c4beb19c206d766bba3c752351bd94ae,11,native_audit_admitted,constant_float32_author_log_clipped_validation_target,0,True,,,84286255,13.033571955747902,0,0
e68fdd96cc63271b,9a185e27e66b45cb4e5a7e5baf513af4f6da5aa3018636ff44e022ff3d239e93,11,native_audit_unavailable,native_audit_monitoring_unavailable,0,False,,,85475413,12.063913645222783,0,0
ed2efb82fce4b098,7e901eacdba07981b1a7dc203d76ff21caa554f142b5501bdbecf794e4ab692f,11,native_audit_admitted,constant_float32_author_log_clipped_validation_target,0,True,,,84220367,14.537392314523458,0,0
edc9d41a298fdf60,cd9fc58b53db47b097357b87da58243a1f4f3c521776b32e126f22327f330c06,11,native_audit_admitted,constant_float32_author_log_clipped_validation_target,0,True,,,84418747,14.033703013323247,0,0
efd53e9c0f36d608,acd240ad5cb7d51fc7dc17fb56f986306caf014cadedd0ce0f7d54e0bf46b8de,11,native_audit_admitted,constant_float32_author_log_clipped_validation_target,0,True,,,85076985,13.779172614216805,0,0
f0a3d6881458f990,6c62e99f1dc0696f4772b2682c64bd25a418f06a9afac47b1fbb242633ad9790,11,native_input_unavailable,native_input_monitoring_unavailable,,False,,,84747691,0,0,0
f24e9383331c43e2,23b751855a1fa2551a6d3364022ed1693bb134683aaaeb8133162f937b4f5751,11,native_audit_admitted,constant_float32_author_log_clipped_validation_target,0,True,,,85013202,11.796329814009368,0,0
f652ea96eff62654,b7511ba2f3eaaebd115ee093b6a9b16f7b2947015fa03c86c0c7ee9a9d8dcd0c,11,native_audit_admitted,constant_float32_author_log_clipped_validation_target,0,True,,,84220369,14.29480872489512,0,0
f8cf362e371e8960,e0f1d09a77cfe385744538f41d75a58d0aa8f11d881333169bac2cb198f95747,11,native_audit_admitted,constant_float32_author_log_clipped_validation_target,0,True,,,84220403,16.797882380895317,0,0
fc3812567b5fdd64,30c2165138c9251fe636ab1d96847f02934415db20c2f68aed83b03ea4fb3aa6,11,native_input_unavailable,native_input_monitoring_unavailable,,False,,,85475453,0,0,0
fe6d7ac3fcd3129e,a9e2c2563858641ae9165e864f2b2c270df68c6346aa2592f802de9090ce085e,11,native_audit_admitted,constant_float32_author_log_clipped_validation_target,0,True,,,84683025,15.03909229580313,0,0
