kind,method,phase,operation_wall_seconds,physical_phase_receipts,new_phase_operations_started,accounting
phase,ARF,fit_and_native_wrapper,14412.990775787272,800,800,distinct_physical_phase
phase,CTGAN,fit,19194.9334435286,352,92,distinct_physical_phase
phase,CTGAN,historical_trial,2485.7692185724154,48,0,distinct_physical_phase
phase,CTGAN,native,15005.237298236229,82,82,distinct_physical_phase
phase,CTGAN,sample,14556.921795098577,78,78,distinct_physical_phase
phase,Chow-Liu,historical_fit_native,116.90722798998468,600,0,distinct_physical_phase
phase,Chow-Liu,sample_and_evaluate_combined,3445.465798494406,175,175,distinct_physical_phase
phase,Forest-Flow,fit,2543.9154105568305,12,12,distinct_physical_phase
phase,Forest-Flow,native,1925.9786696927622,12,12,distinct_physical_phase
phase,Forest-Flow,sample,4331.598716865294,12,12,distinct_physical_phase
phase,GaussianCopula,historical_fit_native,697.5825526514091,200,0,distinct_physical_phase
phase,GaussianCopula,sample_and_evaluate_combined,8266.579277195735,162,162,distinct_physical_phase
phase,TVAE,fit,17819.189344965154,352,88,distinct_physical_phase
phase,TVAE,historical_trial,1901.893978240434,48,0,distinct_physical_phase
phase,TVAE,native,15227.4037365478,83,83,distinct_physical_phase
phase,TVAE,sample,14457.68230767292,78,78,distinct_physical_phase
phase,independent_marginals,historical_fit_native,51.77024520840496,300,0,distinct_physical_phase
phase,independent_marginals,sample_and_evaluate_combined,3274.596052021021,165,165,distinct_physical_phase
run,DOPE,fit_wrapper,3121.0356057169847,,,separate_run_aggregate
run,DOPE,sample_and_evaluate_combined,3826.6965422253124,,,separate_run_aggregate
run,DOPE,fit_wrapper,3427.7003517001867,,,separate_run_aggregate
run,DOPE,sample_and_evaluate_combined,5213.128864934901,,,separate_run_aggregate
run,CTGAN+TVAE,sample_and_evaluate_combined,856.9236472246703,,,separate_run_aggregate
run,density_methods_combined,sample_and_evaluate_combined,14986.641127711162,,,alias_of_density_phase_rows_do_not_add
run,Forest-Flow,shared_evaluator_combined,228.73225121363066,,,separate_run_aggregate
historical_attempt,CTGAN,historical_infrastructure_interruption,195.73324919189326,,,separate_prior_receipt_not_in_704_attempts
historical_attempt,CTGAN,historical_infrastructure_interruption,427.9653931008652,,,separate_prior_receipt_not_in_704_attempts
