dataset,row_multiplier,metric,mean,between_fit_sample_sd,measured_fits,unavailable_fits
552665868f8f72ed,1,alpha_precision,0.9015813305468477,0.006158374275691762,5,0
552665868f8f72ed,1,beta_recall,0.50478578892372,0.031116326451986913,5,0
552665868f8f72ed,1,c2st_catboost_auc,0.4920499260236929,0.04110144836644721,5,0
552665868f8f72ed,1,c2st_logistic_auc,0.520218507079896,0.02517924327511953,5,0
552665868f8f72ed,1,catboost_retention,0.9987040337735658,0.000354981202544838,5,0
552665868f8f72ed,1,catboost_trtr_loss,0.00012723941183462895,0.0,5,0
552665868f8f72ed,1,catboost_tstr_loss,0.0002379868025448779,3.0335082142686713e-05,5,0
552665868f8f72ed,1,contingency_tv_mean,,,0,5
552665868f8f72ed,1,dcr_fit_median,0.002001102319162099,7.143773031747071e-05,5,0
552665868f8f72ed,1,dcr_validation_median,0.008177260949936165,0.0003152965401435098,5,0
552665868f8f72ed,1,distance_mia_auc,0.6435873890419345,0.02332386940902726,5,0
552665868f8f72ed,1,domias_kde_auc,0.5805938169574533,0.0032781783251889483,5,0
552665868f8f72ed,1,linear_retention,0.9999828506744756,1.644216558087941e-05,5,0
552665868f8f72ed,1,linear_trtr_loss,3.4832793322086426e-16,0.0,5,0
552665868f8f72ed,1,linear_tstr_loss,1.4676855808951081e-06,1.4071649232903146e-06,5,0
552665868f8f72ed,1,marginal_error_mean,0.10871259410585253,0.003624215104755103,5,0
552665868f8f72ed,1,mlp_retention,1.0005625814798105,0.00010819462160317051,5,0
552665868f8f72ed,1,mlp_trtr_loss,0.00020018787223450373,0.0,5,0
552665868f8f72ed,1,mlp_tstr_loss,0.00015215325224488433,9.237928584813056e-06,5,0
552665868f8f72ed,1,native_author_mean_ml_r2,0.998614329245667,0.0005223002530473845,5,0
552665868f8f72ed,1,nndr_fit_median,0.652529288667864,0.011655319705914081,5,0
552665868f8f72ed,1,null_loss,0.08558269994105316,0.0,5,0
552665868f8f72ed,1,pairwise_pearson_difference_mean,0.035538040956863554,0.004070897825920961,5,0
552665868f8f72ed,4,alpha_precision,0.9058446534308603,0.005000968817546269,5,0
552665868f8f72ed,4,beta_recall,0.5102240798792523,0.007719999180747511,5,0
552665868f8f72ed,4,c2st_catboost_auc,0.4742828299544681,0.031484942125843955,5,0
552665868f8f72ed,4,c2st_logistic_auc,0.4993108168561054,0.017759847449002455,5,0
552665868f8f72ed,4,catboost_retention,1.0005586550349734,0.00011171376226783988,5,0
552665868f8f72ed,4,catboost_trtr_loss,0.00012723941183462895,0.0,5,0
552665868f8f72ed,4,catboost_tstr_loss,7.949928854400814e-05,9.546551002047672e-06,5,0
552665868f8f72ed,4,contingency_tv_mean,,,0,5
552665868f8f72ed,4,dcr_fit_median,0.0020002426361618443,3.0654458158858035e-05,5,0
552665868f8f72ed,4,dcr_validation_median,0.008017629297135212,0.00020838120350911084,5,0
552665868f8f72ed,4,distance_mia_auc,0.6653198653198653,0.031524126058962786,5,0
552665868f8f72ed,4,domias_kde_auc,0.5933884297520661,0.003250913510217753,5,0
552665868f8f72ed,4,linear_retention,0.9999976283887935,1.6627122094310336e-06,5,0
552665868f8f72ed,4,linear_trtr_loss,3.4832793322086426e-16,0.0,5,0
552665868f8f72ed,4,linear_tstr_loss,2.029688906158854e-07,1.4229940010612568e-07,5,0
552665868f8f72ed,4,marginal_error_mean,0.1238073620096092,0.0028960762672295146,5,0
552665868f8f72ed,4,mlp_retention,1.0006221698402589,0.00012151879310726618,5,0
552665868f8f72ed,4,mlp_trtr_loss,0.00020018787223450373,0.0,5,0
552665868f8f72ed,4,mlp_tstr_loss,0.00014706544833974184,1.037557981906181e-05,5,0
552665868f8f72ed,4,native_author_mean_ml_r2,0.998614329245667,0.0005223002530473845,5,0
552665868f8f72ed,4,nndr_fit_median,0.6407343371119644,0.011977608523444906,5,0
552665868f8f72ed,4,null_loss,0.08558269994105316,0.0,5,0
552665868f8f72ed,4,pairwise_pearson_difference_mean,0.03703732771556049,0.004207262679122499,5,0
7423783f7e38bb9b,1,alpha_precision,0.9065482410309996,0.016158615289821016,5,0
7423783f7e38bb9b,1,beta_recall,0.4073539997677929,0.02808054127080373,5,0
7423783f7e38bb9b,1,c2st_catboost_auc,0.5816633754036707,0.04070147994169872,5,0
7423783f7e38bb9b,1,c2st_logistic_auc,0.5243490317394025,0.015125437542116335,5,0
7423783f7e38bb9b,1,catboost_retention,0.8976308106719153,0.02394236405207278,5,0
7423783f7e38bb9b,1,catboost_trtr_loss,0.0004260296899470708,0.0,5,0
7423783f7e38bb9b,1,catboost_tstr_loss,0.0009550334262256721,0.00012372472735225836,5,0
7423783f7e38bb9b,1,contingency_tv_mean,,,0,5
7423783f7e38bb9b,1,dcr_fit_median,0.0016990850851195908,6.691913270581281e-05,5,0
7423783f7e38bb9b,1,dcr_validation_median,0.005458217775807852,0.00034098728049397414,5,0
7423783f7e38bb9b,1,distance_mia_auc,0.6236914600550965,0.04381682648500149,5,0
7423783f7e38bb9b,1,domias_kde_auc,0.5541475359657178,0.01496814209878781,5,0
7423783f7e38bb9b,1,linear_retention,0.9314018802027646,0.036324308455377013,5,0
7423783f7e38bb9b,1,linear_trtr_loss,0.004809948202966754,0.0,5,0
7423783f7e38bb9b,1,linear_tstr_loss,0.0048637077576180725,2.8466941241979873e-05,5,0
7423783f7e38bb9b,1,marginal_error_mean,0.1372299776794159,0.0035201950169087355,5,0
7423783f7e38bb9b,1,mlp_retention,-25.207397907997663,1.8182582316108937,5,0
7423783f7e38bb9b,1,mlp_trtr_loss,0.0050549614818106575,0.0,5,0
7423783f7e38bb9b,1,mlp_tstr_loss,0.019172236216739805,0.000979450576696289,5,0
7423783f7e38bb9b,1,native_author_mean_ml_r2,0.5262515123000004,0.09839121018681055,5,0
7423783f7e38bb9b,1,nndr_fit_median,0.7065612029159801,0.008674068565221687,5,0
7423783f7e38bb9b,1,null_loss,0.005593636659883983,0.0,5,0
7423783f7e38bb9b,1,pairwise_pearson_difference_mean,0.05269074894026348,0.004387350001266308,5,0
7423783f7e38bb9b,4,alpha_precision,0.9337791710205503,0.004234897206123655,5,0
7423783f7e38bb9b,4,beta_recall,0.4112899106002555,0.02009726138278285,5,0
7423783f7e38bb9b,4,c2st_catboost_auc,0.6092280691246517,0.01822405326716334,5,0
7423783f7e38bb9b,4,c2st_logistic_auc,0.49581340482320874,0.023392256295859528,5,0
7423783f7e38bb9b,4,catboost_retention,0.9999883326528587,0.017441773448619583,5,0
7423783f7e38bb9b,4,catboost_trtr_loss,0.0004260296899470708,0.0,5,0
7423783f7e38bb9b,4,catboost_tstr_loss,0.00042608998221147865,9.013223004114726e-05,5,0
7423783f7e38bb9b,4,contingency_tv_mean,,,0,5
7423783f7e38bb9b,4,dcr_fit_median,0.0016422159367645362,3.532802584130349e-05,5,0
7423783f7e38bb9b,4,dcr_validation_median,0.005391934975115541,0.00015587992591338783,5,0
7423783f7e38bb9b,4,distance_mia_auc,0.606183042546679,0.028149243877452428,5,0
7423783f7e38bb9b,4,domias_kde_auc,0.5756351392715029,0.009663954581289809,5,0
7423783f7e38bb9b,4,linear_retention,0.8903246790912205,0.014790427640651116,5,0
7423783f7e38bb9b,4,linear_trtr_loss,0.004809948202966754,0.0,5,0
7423783f7e38bb9b,4,linear_tstr_loss,0.0048958994859716574,1.1591087414847917e-05,5,0
7423783f7e38bb9b,4,marginal_error_mean,0.1194548481065335,0.0026233321019167866,5,0
7423783f7e38bb9b,4,mlp_retention,6.006053829169181,0.1487185717550135,5,0
7423783f7e38bb9b,4,mlp_trtr_loss,0.0050549614818106575,0.0,5,0
7423783f7e38bb9b,4,mlp_tstr_loss,0.0023583245439382943,8.011100312294264e-05,5,0
7423783f7e38bb9b,4,native_author_mean_ml_r2,0.5262515123000004,0.09839121018681055,5,0
7423783f7e38bb9b,4,nndr_fit_median,0.696183685649153,0.009475410497779401,5,0
7423783f7e38bb9b,4,null_loss,0.005593636659883983,0.0,5,0
7423783f7e38bb9b,4,pairwise_pearson_difference_mean,0.05835521643562029,0.004127444496860398,5,0
ce837ccd24a3a18c,1,alpha_precision,0.8799442702890978,0.005309225705651196,5,0
ce837ccd24a3a18c,1,beta_recall,0.5544990131197027,0.06029546282159564,5,0
ce837ccd24a3a18c,1,c2st_catboost_auc,0.6102536760875883,0.021032462838159103,5,0
ce837ccd24a3a18c,1,c2st_logistic_auc,0.6040383288220869,0.010643611276163187,5,0
ce837ccd24a3a18c,1,catboost_retention,0.9976152074963232,0.0015998993099334412,5,0
ce837ccd24a3a18c,1,catboost_trtr_loss,0.00026831974288723674,0.0,5,0
ce837ccd24a3a18c,1,catboost_tstr_loss,0.00034695580038463517,5.275501911885842e-05,5,0
ce837ccd24a3a18c,1,contingency_tv_mean,,,0,5
ce837ccd24a3a18c,1,dcr_fit_median,0.0019296527699504318,4.229859506083174e-05,5,0
ce837ccd24a3a18c,1,dcr_validation_median,0.006406653434112559,0.00024602140542598436,5,0
ce837ccd24a3a18c,1,distance_mia_auc,0.6386287113559841,0.025781349147016863,5,0
ce837ccd24a3a18c,1,domias_kde_auc,0.5542699724517907,0.008792866414089833,5,0
ce837ccd24a3a18c,1,linear_retention,0.999968859579369,0.00018901354051595063,5,0
ce837ccd24a3a18c,1,linear_trtr_loss,0.00038441285641015085,0.0,5,0
ce837ccd24a3a18c,1,linear_tstr_loss,0.0003854360642696665,6.210582140226221e-06,5,0
ce837ccd24a3a18c,1,marginal_error_mean,0.15975485188968336,0.003148367217930705,5,0
ce837ccd24a3a18c,1,mlp_retention,1.0360853316820664,0.006229516393758233,5,0
ce837ccd24a3a18c,1,mlp_trtr_loss,0.006186383735723697,0.0,5,0
ce837ccd24a3a18c,1,mlp_tstr_loss,0.005210062680616301,0.00016854516045325412,5,0
ce837ccd24a3a18c,1,native_author_mean_ml_r2,0.988584737639782,0.0020520151814700277,5,0
ce837ccd24a3a18c,1,nndr_fit_median,0.6930657911703437,0.016270548945271503,5,0
ce837ccd24a3a18c,1,null_loss,0.03324228178619404,0.0,5,0
ce837ccd24a3a18c,1,pairwise_pearson_difference_mean,0.09002443004997546,0.0038866307172926566,5,0
ce837ccd24a3a18c,4,alpha_precision,0.9152513642168815,0.008655587302732855,5,0
ce837ccd24a3a18c,4,beta_recall,0.6162893300824336,0.04401378396981064,5,0
ce837ccd24a3a18c,4,c2st_catboost_auc,0.5751424947438648,0.008045094501165043,5,0
ce837ccd24a3a18c,4,c2st_logistic_auc,0.6108878145205445,0.009213274771720783,5,0
ce837ccd24a3a18c,4,catboost_retention,1.0037560661281295,0.0004824691799620874,5,0
ce837ccd24a3a18c,4,catboost_trtr_loss,0.00026831974288723674,0.0,5,0
ce837ccd24a3a18c,4,catboost_tstr_loss,0.0001444673609461432,1.5908920427133996e-05,5,0
ce837ccd24a3a18c,4,contingency_tv_mean,,,0,5
ce837ccd24a3a18c,4,dcr_fit_median,0.001877814601240588,2.8355661954157313e-05,5,0
ce837ccd24a3a18c,4,dcr_validation_median,0.0062952701753440365,0.00016758302151433525,5,0
ce837ccd24a3a18c,4,distance_mia_auc,0.6601163146617692,0.024108059679658768,5,0
ce837ccd24a3a18c,4,domias_kde_auc,0.5634527089072544,0.008843334901502969,5,0
ce837ccd24a3a18c,4,linear_retention,1.0002431964511476,0.00011550021602642457,5,0
ce837ccd24a3a18c,4,linear_trtr_loss,0.00038441285641015085,0.0,5,0
ce837ccd24a3a18c,4,linear_tstr_loss,0.00037642193929415726,3.7950909595587366e-06,5,0
ce837ccd24a3a18c,4,marginal_error_mean,0.16751598380811863,0.0028730028069089554,5,0
ce837ccd24a3a18c,4,mlp_retention,1.2191688737406075,0.0008186254378160275,5,0
ce837ccd24a3a18c,4,mlp_trtr_loss,0.006186383735723697,0.0,5,0
ce837ccd24a3a18c,4,mlp_tstr_loss,0.0002565730319614179,2.2148646387073124e-05,5,0
ce837ccd24a3a18c,4,native_author_mean_ml_r2,0.988584737639782,0.0020520151814700277,5,0
ce837ccd24a3a18c,4,nndr_fit_median,0.6934129889503534,0.009203691553746738,5,0
ce837ccd24a3a18c,4,null_loss,0.03324228178619404,0.0,5,0
ce837ccd24a3a18c,4,pairwise_pearson_difference_mean,0.08602247752280483,0.005780964503733695,5,0
e18350fb51a9d1b0,1,alpha_precision,0.8898455822593754,0.004880291485405792,5,0
e18350fb51a9d1b0,1,beta_recall,0.43960292580982235,0.033243933811779924,5,0
e18350fb51a9d1b0,1,c2st_catboost_auc,0.5476762651781109,0.015437545337605772,5,0
e18350fb51a9d1b0,1,c2st_logistic_auc,0.45706483541567294,0.018794030879759362,5,0
e18350fb51a9d1b0,1,catboost_retention,0.9068721052655652,0.02886355872312611,5,0
e18350fb51a9d1b0,1,catboost_trtr_loss,0.002488873075036045,0.0,5,0
e18350fb51a9d1b0,1,catboost_tstr_loss,0.003609841637755183,0.0003474269662069208,5,0
e18350fb51a9d1b0,1,contingency_tv_mean,,,0,5
e18350fb51a9d1b0,1,dcr_fit_median,0.0014176418335715838,0.00010271396689681378,5,0
e18350fb51a9d1b0,1,dcr_validation_median,0.003531333846503545,0.00022304640848747295,5,0
e18350fb51a9d1b0,1,distance_mia_auc,0.5745944291398837,0.013087681509103695,5,0
e18350fb51a9d1b0,1,domias_kde_auc,0.5644322007958372,0.003692175721400316,5,0
e18350fb51a9d1b0,1,linear_retention,0.782355184919037,0.043324079821003066,5,0
e18350fb51a9d1b0,1,linear_trtr_loss,0.01297971142941009,0.0,5,0
e18350fb51a9d1b0,1,linear_tstr_loss,0.013316197669440312,6.698049166168048e-05,5,0
e18350fb51a9d1b0,1,marginal_error_mean,0.10589793061703175,0.003989488024462581,5,0
e18350fb51a9d1b0,1,mlp_retention,0.8095836041804456,0.06936792496031377,5,0
e18350fb51a9d1b0,1,mlp_trtr_loss,0.011260589595426421,0.0,5,0
e18350fb51a9d1b0,1,mlp_tstr_loss,0.011882328762619819,0.00022649707084903555,5,0
e18350fb51a9d1b0,1,native_author_mean_ml_r2,0.5599284950453068,0.08520552208974412,5,0
e18350fb51a9d1b0,1,nndr_fit_median,0.6429484902838625,0.017631599102192166,5,0
e18350fb51a9d1b0,1,null_loss,0.014525745227206054,0.0,5,0
e18350fb51a9d1b0,1,pairwise_pearson_difference_mean,0.08668119685441154,0.015427556588532444,5,0
e18350fb51a9d1b0,4,alpha_precision,0.8806594682456752,0.015911345194204375,5,0
e18350fb51a9d1b0,4,beta_recall,0.4071148264251713,0.04399748470871131,5,0
e18350fb51a9d1b0,4,c2st_catboost_auc,0.5836717271281254,0.01131458175205249,5,0
e18350fb51a9d1b0,4,c2st_logistic_auc,0.48120673451129775,0.005426300624730198,5,0
e18350fb51a9d1b0,4,catboost_retention,0.8540737361706997,0.09826135050770111,5,0
e18350fb51a9d1b0,4,catboost_trtr_loss,0.002488873075036045,0.0,5,0
e18350fb51a9d1b0,4,catboost_tstr_loss,0.004245368856393163,0.001182759313560764,5,0
e18350fb51a9d1b0,4,contingency_tv_mean,,,0,5
e18350fb51a9d1b0,4,dcr_fit_median,0.0014886932949872696,6.906731543798311e-05,5,0
e18350fb51a9d1b0,4,dcr_validation_median,0.004279396202584474,8.083380630678954e-05,5,0
e18350fb51a9d1b0,4,distance_mia_auc,0.5835935108662381,0.013691552778591182,5,0
e18350fb51a9d1b0,4,domias_kde_auc,0.5754514845423937,0.0029359237975590466,5,0
e18350fb51a9d1b0,4,linear_retention,0.9093981082649,0.02856494208744181,5,0
e18350fb51a9d1b0,4,linear_trtr_loss,0.01297971142941009,0.0,5,0
e18350fb51a9d1b0,4,linear_tstr_loss,0.013119785016176807,4.416236589926932e-05,5,0
e18350fb51a9d1b0,4,marginal_error_mean,0.11063821737979042,0.0019651565435107048,5,0
e18350fb51a9d1b0,4,mlp_retention,1.3763566336341815,0.13855714186106188,5,0
e18350fb51a9d1b0,4,mlp_trtr_loss,0.011260589595426421,0.0,5,0
e18350fb51a9d1b0,4,mlp_tstr_loss,0.01003172661355815,0.00045241063207093567,5,0
e18350fb51a9d1b0,4,native_author_mean_ml_r2,0.5599284950453068,0.08520552208974412,5,0
e18350fb51a9d1b0,4,nndr_fit_median,0.631042496203303,0.011134860236367528,5,0
e18350fb51a9d1b0,4,null_loss,0.014525745227206054,0.0,5,0
e18350fb51a9d1b0,4,pairwise_pearson_difference_mean,0.08011541619885165,0.008292074481425302,5,0
f652ea96eff62654,1,alpha_precision,0.8293277603622431,0.014976212225752423,5,0
f652ea96eff62654,1,beta_recall,0.5056333449436897,0.02956164948555682,5,0
f652ea96eff62654,1,c2st_catboost_auc,0.5715861954644105,0.032918706807033515,5,0
f652ea96eff62654,1,c2st_logistic_auc,0.5422788631085249,0.009386911262637826,5,0
f652ea96eff62654,1,catboost_retention,0.8095230777392883,0.04175344164586134,5,0
f652ea96eff62654,1,catboost_trtr_loss,0.0013613870800496051,0.0,5,0
f652ea96eff62654,1,catboost_tstr_loss,0.0025702163027207007,0.00026498107912267615,5,0
f652ea96eff62654,1,contingency_tv_mean,,,0,5
f652ea96eff62654,1,dcr_fit_median,0.0021981292390973518,6.342091052422557e-05,5,0
f652ea96eff62654,1,dcr_validation_median,0.008584458496181804,0.00031858170990602027,5,0
f652ea96eff62654,1,distance_mia_auc,0.6391184573002755,0.03064277305370636,5,0
f652ea96eff62654,1,domias_kde_auc,0.564983164983165,0.013916887408272073,5,0
f652ea96eff62654,1,linear_retention,0.8714484463593396,0.019346949389701256,5,0
f652ea96eff62654,1,linear_trtr_loss,0.0041736924811518975,0.0,5,0
f652ea96eff62654,1,linear_tstr_loss,0.004627996710182804,6.837257643075395e-05,5,0
f652ea96eff62654,1,marginal_error_mean,0.10496727575379261,0.0038235416088514148,5,0
f652ea96eff62654,1,mlp_retention,0.7465586889857794,0.06603641629710129,5,0
f652ea96eff62654,1,mlp_trtr_loss,0.0030648955011575944,0.0,5,0
f652ea96eff62654,1,mlp_tstr_loss,0.004241578044919046,0.00030659523500098737,5,0
f652ea96eff62654,1,native_author_mean_ml_r2,0.6492274036520287,0.14427341487537498,5,0
f652ea96eff62654,1,nndr_fit_median,0.5979011605282615,0.01218285990116812,5,0
f652ea96eff62654,1,null_loss,0.00770771611730974,0.0,5,0
f652ea96eff62654,1,pairwise_pearson_difference_mean,0.14009185003808727,0.009514322829795209,5,0
f652ea96eff62654,4,alpha_precision,0.8242122373156856,0.015607019695338224,5,0
f652ea96eff62654,4,beta_recall,0.473205619412516,0.02514850026027808,5,0
f652ea96eff62654,4,c2st_catboost_auc,0.5780222278654842,0.02047920116110174,5,0
f652ea96eff62654,4,c2st_logistic_auc,0.48860323544307827,0.030533277925450197,5,0
f652ea96eff62654,4,catboost_retention,1.0291751290620617,0.04435437319443869,5,0
f652ea96eff62654,4,catboost_trtr_loss,0.0013613870800496051,0.0,5,0
f652ea96eff62654,4,catboost_tstr_loss,0.0011762321113172318,0.00028148744653333887,5,0
f652ea96eff62654,4,contingency_tv_mean,,,0,5
f652ea96eff62654,4,dcr_fit_median,0.002203478030091019,4.483052087218869e-05,5,0
f652ea96eff62654,4,dcr_validation_median,0.009045787054740136,0.00015212479231808376,5,0
f652ea96eff62654,4,distance_mia_auc,0.6719926538108356,0.015091259233542001,5,0
f652ea96eff62654,4,domias_kde_auc,0.6023262932353841,0.008568914093836278,5,0
f652ea96eff62654,4,linear_retention,0.9570317505031537,0.010370453121632275,5,0
f652ea96eff62654,4,linear_trtr_loss,0.0041736924811518975,0.0,5,0
f652ea96eff62654,4,linear_tstr_loss,0.004325543290478079,3.664942644951549e-05,5,0
f652ea96eff62654,4,marginal_error_mean,0.09211780728634661,0.0020317861418225067,5,0
f652ea96eff62654,4,mlp_retention,1.1592363130744983,0.05642123428878978,5,0
f652ea96eff62654,4,mlp_trtr_loss,0.0030648955011575944,0.0,5,0
f652ea96eff62654,4,mlp_tstr_loss,0.002325589863975257,0.0002619536697447438,5,0
f652ea96eff62654,4,native_author_mean_ml_r2,0.6492274036520287,0.14427341487537498,5,0
f652ea96eff62654,4,nndr_fit_median,0.6046606998074362,0.008446263071720028,5,0
f652ea96eff62654,4,null_loss,0.00770771611730974,0.0,5,0
f652ea96eff62654,4,pairwise_pearson_difference_mean,0.08882388363384798,0.008357065312470737,5,0
